{
  "train": {
    "qwk": 0.8617636217774983,
    "accuracy": 0.6896135265700483,
    "adjacent_accuracy": 0.9794685990338164,
    "mae": 0.3309178743961353,
    "raw_exact": 0.43719806763285024,
    "raw_within1": 0.7536231884057971,
    "raw_mae": 0.9758454106280193,
    "pct_mae": 8.470496894409937
  },
  "val": {
    "qwk": 0.7729023865512583,
    "accuracy": 0.6292134831460674,
    "adjacent_accuracy": 0.9325842696629213,
    "mae": 0.43820224719101125,
    "raw_exact": 0.38202247191011235,
    "raw_within1": 0.6966292134831461,
    "raw_mae": 1.3426966292134832,
    "pct_mae": 11.643258426966291
  },
  "test": {
    "qwk": 0.8056911566294616,
    "accuracy": 0.7247191011235955,
    "adjacent_accuracy": 0.9438202247191011,
    "mae": 0.34269662921348315,
    "raw_exact": 0.4606741573033708,
    "raw_within1": 0.7528089887640449,
    "raw_mae": 1.1573033707865168,
    "pct_mae": 9.569288389513106
  },
  "best_epoch": null,
  "calibrated_cuts": [
    0.16,
    0.375,
    0.625,
    0.86
  ]
}