{
  "train": {
    "qwk": 0.5151029262656511,
    "accuracy": 0.4339622641509434,
    "adjacent_accuracy": 0.839622641509434,
    "mae": 0.7610062893081762,
    "raw_exact": 0.3522012578616352,
    "raw_within1": 0.5078616352201258,
    "raw_mae": 2.3663522012578615,
    "pct_mae": 19.96593291404612
  },
  "val": {
    "qwk": 0.600204498977505,
    "accuracy": 0.4632352941176471,
    "adjacent_accuracy": 0.8529411764705882,
    "mae": 0.6911764705882353,
    "raw_exact": 0.4117647058823529,
    "raw_within1": 0.5441176470588235,
    "raw_mae": 2.0808823529411766,
    "pct_mae": 17.787990196078432
  },
  "test": {
    "qwk": 0.5147784289749968,
    "accuracy": 0.44525547445255476,
    "adjacent_accuracy": 0.8613138686131386,
    "mae": 0.7445255474452555,
    "raw_exact": 0.32116788321167883,
    "raw_within1": 0.5328467153284672,
    "raw_mae": 2.2481751824817517,
    "pct_mae": 18.813868613138684
  },
  "best_epoch": null,
  "calibrated_cuts": [
    0.01,
    0.35000000000000003,
    0.48000000000000004,
    0.86
  ]
}