{
  "train": {
    "qwk": 0.9152932935880955,
    "accuracy": 0.8386581469648562,
    "adjacent_accuracy": 0.9840255591054313,
    "mae": 0.17891373801916932,
    "raw_exact": 0.6261980830670927,
    "raw_within1": 0.8562300319488818,
    "raw_mae": 0.6629392971246006,
    "pct_mae": 5.528677924844059
  },
  "val": {
    "qwk": 0.8152792600498043,
    "accuracy": 0.7910447761194029,
    "adjacent_accuracy": 0.9402985074626866,
    "mae": 0.2835820895522388,
    "raw_exact": 0.5298507462686567,
    "raw_within1": 0.7388059701492538,
    "raw_mae": 1.2014925373134329,
    "pct_mae": 9.502487562189055
  },
  "test": {
    "qwk": 0.849542634843865,
    "accuracy": 0.8,
    "adjacent_accuracy": 0.9481481481481482,
    "mae": 0.25925925925925924,
    "raw_exact": 0.5703703703703704,
    "raw_within1": 0.7925925925925926,
    "raw_mae": 1.0,
    "pct_mae": 7.666666666666666
  },
  "best_epoch": null,
  "calibrated_cuts": [
    0.01,
    0.4,
    0.7000000000000001,
    0.875
  ]
}