{
  "train": {
    "qwk": 0.881528607660233,
    "accuracy": 0.7515723270440252,
    "adjacent_accuracy": 0.9764150943396226,
    "mae": 0.27358490566037735,
    "raw_exact": 0.5251572327044025,
    "raw_within1": 0.7940251572327044,
    "raw_mae": 0.8962264150943396,
    "pct_mae": 7.117774782869122
  },
  "val": {
    "qwk": 0.8714607464607464,
    "accuracy": 0.7426470588235294,
    "adjacent_accuracy": 0.9705882352941176,
    "mae": 0.2867647058823529,
    "raw_exact": 0.49264705882352944,
    "raw_within1": 0.7279411764705882,
    "raw_mae": 1.1764705882352942,
    "pct_mae": 9.528186274509803
  },
  "test": {
    "qwk": 0.7804047285113204,
    "accuracy": 0.6642335766423357,
    "adjacent_accuracy": 0.9416058394160584,
    "mae": 0.40875912408759124,
    "raw_exact": 0.43795620437956206,
    "raw_within1": 0.6861313868613139,
    "raw_mae": 1.3868613138686132,
    "pct_mae": 10.590024330900242
  },
  "best_epoch": null,
  "calibrated_cuts": [
    0.08,
    0.41000000000000003,
    0.64,
    0.86
  ]
}