{
  "train": {
    "qwk": 0.8860141514506312,
    "accuracy": 0.7783018867924528,
    "adjacent_accuracy": 0.9716981132075472,
    "mae": 0.25157232704402516,
    "raw_exact": 0.5455974842767296,
    "raw_within1": 0.8050314465408805,
    "raw_mae": 0.8789308176100629,
    "pct_mae": 6.964098532494758
  },
  "val": {
    "qwk": 0.884809328710999,
    "accuracy": 0.75,
    "adjacent_accuracy": 0.9779411764705882,
    "mae": 0.27205882352941174,
    "raw_exact": 0.5,
    "raw_within1": 0.7647058823529411,
    "raw_mae": 1.1029411764705883,
    "pct_mae": 8.964460784313726
  },
  "test": {
    "qwk": 0.7779925418301802,
    "accuracy": 0.7007299270072993,
    "adjacent_accuracy": 0.9343065693430657,
    "mae": 0.38686131386861317,
    "raw_exact": 0.43795620437956206,
    "raw_within1": 0.7007299270072993,
    "raw_mae": 1.467153284671533,
    "pct_mae": 10.778588807785887
  },
  "best_epoch": null,
  "calibrated_cuts": [
    0.060000000000000005,
    0.4,
    0.7100000000000001,
    0.92
  ]
}