{
  "train": {
    "qwk": 0.7952226186958794,
    "accuracy": 0.6823899371069182,
    "adjacent_accuracy": 0.9355345911949685,
    "mae": 0.3867924528301887,
    "raw_exact": 0.4056603773584906,
    "raw_within1": 0.6729559748427673,
    "raw_mae": 1.3977987421383649,
    "pct_mae": 11.399558250973342
  },
  "val": {
    "qwk": 0.8322549336784212,
    "accuracy": 0.75,
    "adjacent_accuracy": 0.9338235294117647,
    "mae": 0.3161764705882353,
    "raw_exact": 0.4117647058823529,
    "raw_within1": 0.6985294117647058,
    "raw_mae": 1.3455882352941178,
    "pct_mae": 10.882352941176471
  },
  "test": {
    "qwk": 0.6624148427308305,
    "accuracy": 0.635036496350365,
    "adjacent_accuracy": 0.8686131386861314,
    "mae": 0.5182481751824818,
    "raw_exact": 0.39416058394160586,
    "raw_within1": 0.6204379562043796,
    "raw_mae": 1.7956204379562044,
    "pct_mae": 13.813868613138686
  },
  "best_epoch": null,
  "calibrated_cuts": [
    0.19,
    0.37,
    0.76,
    0.88
  ]
}