{
  "train": {
    "qwk": 0.8998208488687708,
    "accuracy": 0.768370607028754,
    "adjacent_accuracy": 0.9952076677316294,
    "mae": 0.2364217252396166,
    "raw_exact": 0.48562300319488816,
    "raw_within1": 0.8386581469648562,
    "raw_mae": 0.8242811501597445,
    "pct_mae": 6.8146204168568385
  },
  "val": {
    "qwk": 0.8576594494417574,
    "accuracy": 0.753731343283582,
    "adjacent_accuracy": 0.9776119402985075,
    "mae": 0.27611940298507465,
    "raw_exact": 0.44776119402985076,
    "raw_within1": 0.7611940298507462,
    "raw_mae": 1.1865671641791045,
    "pct_mae": 9.378109452736318
  },
  "test": {
    "qwk": 0.8202640189552071,
    "accuracy": 0.7037037037037037,
    "adjacent_accuracy": 0.9777777777777777,
    "mae": 0.3333333333333333,
    "raw_exact": 0.5111111111111111,
    "raw_within1": 0.7777777777777778,
    "raw_mae": 1.1111111111111112,
    "pct_mae": 8.660493827160494
  },
  "best_epoch": null,
  "calibrated_cuts": [
    0.125,
    0.375,
    0.68,
    0.92
  ]
}