{
  "train": {
    "qwk": 0.5045863545033633,
    "accuracy": 0.35691823899371067,
    "adjacent_accuracy": 0.809748427672956,
    "mae": 0.8584905660377359,
    "raw_exact": 0.24371069182389937,
    "raw_within1": 0.4669811320754717,
    "raw_mae": 2.2625786163522013,
    "pct_mae": 20.149183887391434
  },
  "val": {
    "qwk": 0.5607817157999337,
    "accuracy": 0.41911764705882354,
    "adjacent_accuracy": 0.8235294117647058,
    "mae": 0.7647058823529411,
    "raw_exact": 0.27205882352941174,
    "raw_within1": 0.41911764705882354,
    "raw_mae": 2.3455882352941178,
    "pct_mae": 20.33963585434174
  },
  "test": {
    "qwk": 0.5382848556402275,
    "accuracy": 0.35036496350364965,
    "adjacent_accuracy": 0.8467153284671532,
    "mae": 0.8102189781021898,
    "raw_exact": 0.20437956204379562,
    "raw_within1": 0.4306569343065693,
    "raw_mae": 2.3576642335766422,
    "pct_mae": 20.006951685783804
  },
  "best_epoch": null,
  "calibrated_cuts": [
    0.46,
    0.6,
    0.63,
    0.77
  ]
}