{
  "train": {
    "qwk": 0.4219530326712668,
    "accuracy": 0.4082125603864734,
    "adjacent_accuracy": 0.7777777777777778,
    "mae": 0.8454106280193237,
    "raw_exact": 0.2995169082125604,
    "raw_within1": 0.45652173913043476,
    "raw_mae": 2.642512077294686,
    "pct_mae": 23.474235104669887
  },
  "val": {
    "qwk": 0.5005236164442415,
    "accuracy": 0.4550561797752809,
    "adjacent_accuracy": 0.8370786516853933,
    "mae": 0.7359550561797753,
    "raw_exact": 0.24157303370786518,
    "raw_within1": 0.46629213483146065,
    "raw_mae": 2.5842696629213484,
    "pct_mae": 22.776886035313
  },
  "test": {
    "qwk": 0.5200836359634642,
    "accuracy": 0.42134831460674155,
    "adjacent_accuracy": 0.8539325842696629,
    "mae": 0.7415730337078652,
    "raw_exact": 0.2808988764044944,
    "raw_within1": 0.5,
    "raw_mae": 2.544943820224719,
    "pct_mae": 21.179775280898877
  },
  "best_epoch": null,
  "calibrated_cuts": [
    0.01,
    0.27,
    0.53,
    0.78
  ]
}