{
  "train": {
    "qwk": 0.9377992807707447,
    "accuracy": 0.8562300319488818,
    "adjacent_accuracy": 0.9952076677316294,
    "mae": 0.1501597444089457,
    "raw_exact": 0.26677316293929715,
    "raw_within1": 0.8610223642172524,
    "raw_mae": 0.9041533546325878,
    "pct_mae": 8.456945078350829
  },
  "val": {
    "qwk": 0.8245995474109242,
    "accuracy": 0.753731343283582,
    "adjacent_accuracy": 0.9477611940298507,
    "mae": 0.30597014925373134,
    "raw_exact": 0.21641791044776118,
    "raw_within1": 0.664179104477612,
    "raw_mae": 1.5298507462686568,
    "pct_mae": 13.135216773276474
  },
  "test": {
    "qwk": 0.8401679044236358,
    "accuracy": 0.7185185185185186,
    "adjacent_accuracy": 0.9703703703703703,
    "mae": 0.31851851851851853,
    "raw_exact": 0.17777777777777778,
    "raw_within1": 0.6888888888888889,
    "raw_mae": 1.451851851851852,
    "pct_mae": 12.78306878306878
  },
  "best_epoch": null,
  "calibrated_cuts": [
    0.01,
    0.47000000000000003,
    0.67,
    0.8200000000000001
  ]
}