{
  "train": {
    "qwk": 0.9037724972779094,
    "cohen_kappa": 0.6798912137694884,
    "accuracy": 0.7843450479233227,
    "precision_macro": 0.6131134878193703,
    "recall_macro": 0.5753256844668174,
    "f1_macro": 0.580982020339164,
    "adjacent_accuracy": 0.9952076677316294,
    "mae": 0.22044728434504793,
    "raw_exact": 0.28913738019169327,
    "raw_within1": 0.8338658146964856,
    "raw_mae": 0.8977635782747604,
    "pct_mae": 8.177392362695878
  },
  "val": {
    "qwk": 0.7706958980209315,
    "cohen_kappa": 0.5352851036373901,
    "accuracy": 0.6791044776119403,
    "precision_macro": 0.5431168831168831,
    "recall_macro": 0.4976564653984009,
    "f1_macro": 0.48302130898021306,
    "adjacent_accuracy": 0.9477611940298507,
    "mae": 0.3805970149253731,
    "raw_exact": 0.2462686567164179,
    "raw_within1": 0.6567164179104478,
    "raw_mae": 1.5,
    "pct_mae": 12.774520255863536
  },
  "test": {
    "qwk": 0.7905946079034839,
    "cohen_kappa": 0.45542988214822433,
    "accuracy": 0.6222222222222222,
    "precision_macro": 0.4744378306878307,
    "recall_macro": 0.4143857934180515,
    "f1_macro": 0.41299644850329786,
    "adjacent_accuracy": 0.9703703703703703,
    "mae": 0.4074074074074074,
    "raw_exact": 0.17777777777777778,
    "raw_within1": 0.6814814814814815,
    "raw_mae": 1.4592592592592593,
    "pct_mae": 12.659611992945324
  },
  "best_epoch": null
}