{
  "train": {
    "qwk": 0.9481442092949058,
    "accuracy": 0.8694968553459119,
    "adjacent_accuracy": 0.9952830188679245,
    "mae": 0.13522012578616352,
    "raw_exact": 0.5487421383647799,
    "raw_within1": 0.8710691823899371,
    "raw_mae": 0.6509433962264151,
    "pct_mae": 5.319706498951781
  },
  "val": {
    "qwk": 0.9119309262166405,
    "accuracy": 0.8014705882352942,
    "adjacent_accuracy": 0.9852941176470589,
    "mae": 0.21323529411764705,
    "raw_exact": 0.5661764705882353,
    "raw_within1": 0.7941176470588235,
    "raw_mae": 0.9558823529411765,
    "pct_mae": 7.824754901960784
  },
  "test": {
    "qwk": 0.8056967261553007,
    "accuracy": 0.7591240875912408,
    "adjacent_accuracy": 0.9416058394160584,
    "mae": 0.32116788321167883,
    "raw_exact": 0.5036496350364964,
    "raw_within1": 0.7372262773722628,
    "raw_mae": 1.2481751824817517,
    "pct_mae": 9.367396593673966
  },
  "best_epoch": null,
  "calibrated_cuts": [
    0.05,
    0.32,
    0.65,
    0.88
  ]
}