{
  "train": {
    "qwk": 0.761546958783053,
    "accuracy": 0.6823899371069182,
    "adjacent_accuracy": 0.9245283018867925,
    "mae": 0.40723270440251574,
    "raw_exact": 0.4371069182389937,
    "raw_within1": 0.6808176100628931,
    "raw_mae": 1.4449685534591195,
    "pct_mae": 11.47705151242887
  },
  "val": {
    "qwk": 0.8019363308171973,
    "accuracy": 0.7352941176470589,
    "adjacent_accuracy": 0.9264705882352942,
    "mae": 0.34558823529411764,
    "raw_exact": 0.5514705882352942,
    "raw_within1": 0.7205882352941176,
    "raw_mae": 1.3529411764705883,
    "pct_mae": 10.134803921568626
  },
  "test": {
    "qwk": 0.6932792632957379,
    "accuracy": 0.6642335766423357,
    "adjacent_accuracy": 0.8905109489051095,
    "mae": 0.46715328467153283,
    "raw_exact": 0.40145985401459855,
    "raw_within1": 0.6204379562043796,
    "raw_mae": 1.7883211678832116,
    "pct_mae": 13.400243309002432
  },
  "best_epoch": null,
  "calibrated_cuts": [
    0.125,
    0.45,
    0.68,
    0.875
  ]
}