{
  "train": {
    "qwk": 0.6736204576043069,
    "accuracy": 0.5770440251572327,
    "adjacent_accuracy": 0.8946540880503144,
    "mae": 0.5330188679245284,
    "raw_exact": 0.40723270440251574,
    "raw_within1": 0.6666666666666666,
    "raw_mae": 1.630503144654088,
    "pct_mae": 13.336141060197662
  },
  "val": {
    "qwk": 0.7191304347826086,
    "accuracy": 0.6397058823529411,
    "adjacent_accuracy": 0.9117647058823529,
    "mae": 0.4632352941176471,
    "raw_exact": 0.40441176470588236,
    "raw_within1": 0.6838235294117647,
    "raw_mae": 1.7720588235294117,
    "pct_mae": 14.050245098039216
  },
  "test": {
    "qwk": 0.6345345209567301,
    "accuracy": 0.5182481751824818,
    "adjacent_accuracy": 0.8978102189781022,
    "mae": 0.5985401459854015,
    "raw_exact": 0.34306569343065696,
    "raw_within1": 0.635036496350365,
    "raw_mae": 1.8394160583941606,
    "pct_mae": 14.647201946472022
  },
  "best_epoch": null,
  "calibrated_cuts": [
    0.28,
    0.375,
    0.63,
    0.9400000000000001
  ]
}