{
  "train": {
    "qwk": 0.7797713280562885,
    "accuracy": 0.6869009584664537,
    "adjacent_accuracy": 0.9345047923322684,
    "mae": 0.3865814696485623,
    "raw_exact": 0.4281150159744409,
    "raw_within1": 0.6916932907348243,
    "raw_mae": 1.402555910543131,
    "pct_mae": 11.166514529134338
  },
  "val": {
    "qwk": 0.6591260107204506,
    "accuracy": 0.6044776119402985,
    "adjacent_accuracy": 0.9029850746268657,
    "mae": 0.5223880597014925,
    "raw_exact": 0.3880597014925373,
    "raw_within1": 0.5522388059701493,
    "raw_mae": 1.9104477611940298,
    "pct_mae": 14.664179104477611
  },
  "test": {
    "qwk": 0.7194656488549618,
    "accuracy": 0.674074074074074,
    "adjacent_accuracy": 0.9037037037037037,
    "mae": 0.4444444444444444,
    "raw_exact": 0.4740740740740741,
    "raw_within1": 0.6592592592592592,
    "raw_mae": 1.5185185185185186,
    "pct_mae": 11.475308641975309
  },
  "best_epoch": null,
  "calibrated_cuts": [
    0.125,
    0.45,
    0.625,
    0.875
  ]
}