{
  "train": {
    "qwk": 0.947404329219128,
    "accuracy": 0.8632075471698113,
    "adjacent_accuracy": 0.9952830188679245,
    "mae": 0.14150943396226415,
    "raw_exact": 0.6053459119496856,
    "raw_within1": 0.89937106918239,
    "raw_mae": 0.5613207547169812,
    "pct_mae": 4.7458071278826
  },
  "val": {
    "qwk": 0.9047322540473225,
    "accuracy": 0.7794117647058824,
    "adjacent_accuracy": 0.9852941176470589,
    "mae": 0.23529411764705882,
    "raw_exact": 0.5882352941176471,
    "raw_within1": 0.7867647058823529,
    "raw_mae": 0.9338235294117647,
    "pct_mae": 7.591911764705881
  },
  "test": {
    "qwk": 0.7620517966729707,
    "accuracy": 0.7299270072992701,
    "adjacent_accuracy": 0.9197080291970803,
    "mae": 0.3795620437956204,
    "raw_exact": 0.5766423357664233,
    "raw_within1": 0.7153284671532847,
    "raw_mae": 1.4233576642335766,
    "pct_mae": 10.206812652068127
  },
  "best_epoch": null,
  "calibrated_cuts": [
    0.09,
    0.33,
    0.62,
    0.76
  ]
}