{
  "train": {
    "qwk": 0.7947464874770922,
    "accuracy": 0.6123188405797102,
    "adjacent_accuracy": 0.9589371980676329,
    "mae": 0.43478260869565216,
    "raw_exact": 0.322463768115942,
    "raw_within1": 0.6799516908212561,
    "raw_mae": 1.2669082125603865,
    "pct_mae": 10.81924315619968
  },
  "val": {
    "qwk": 0.7509973576498626,
    "accuracy": 0.6404494382022472,
    "adjacent_accuracy": 0.9269662921348315,
    "mae": 0.43820224719101125,
    "raw_exact": 0.34831460674157305,
    "raw_within1": 0.6292134831460674,
    "raw_mae": 1.6067415730337078,
    "pct_mae": 13.544676297485287
  },
  "test": {
    "qwk": 0.7268025040485341,
    "accuracy": 0.6235955056179775,
    "adjacent_accuracy": 0.9157303370786517,
    "mae": 0.47752808988764045,
    "raw_exact": 0.3539325842696629,
    "raw_within1": 0.6685393258426966,
    "raw_mae": 1.5056179775280898,
    "pct_mae": 12.172284644194756
  },
  "best_epoch": null,
  "calibrated_cuts": [
    0.25,
    0.36000000000000004,
    0.59,
    0.81
  ]
}