{
  "train": {
    "qwk": 0.8903831337115641,
    "accuracy": 0.805111821086262,
    "adjacent_accuracy": 0.9744408945686901,
    "mae": 0.2220447284345048,
    "raw_exact": 0.4728434504792332,
    "raw_within1": 0.792332268370607,
    "raw_mae": 0.9648562300319489,
    "pct_mae": 7.874258329529896
  },
  "val": {
    "qwk": 0.8173584241997889,
    "accuracy": 0.7686567164179104,
    "adjacent_accuracy": 0.9477611940298507,
    "mae": 0.29850746268656714,
    "raw_exact": 0.39552238805970147,
    "raw_within1": 0.7388059701492538,
    "raw_mae": 1.4104477611940298,
    "pct_mae": 10.764925373134329
  },
  "test": {
    "qwk": 0.8007897744985971,
    "accuracy": 0.7407407407407407,
    "adjacent_accuracy": 0.9481481481481482,
    "mae": 0.3333333333333333,
    "raw_exact": 0.45185185185185184,
    "raw_within1": 0.7111111111111111,
    "raw_mae": 1.3037037037037038,
    "pct_mae": 10.098765432098764
  },
  "best_epoch": null,
  "calibrated_cuts": [
    0.125,
    0.375,
    0.59,
    0.8200000000000001
  ]
}