{
  "train": {
    "qwk": 0.897468686471244,
    "accuracy": 0.7987421383647799,
    "adjacent_accuracy": 0.9795597484276729,
    "mae": 0.2248427672955975,
    "raw_exact": 0.5786163522012578,
    "raw_within1": 0.8254716981132075,
    "raw_mae": 0.809748427672956,
    "pct_mae": 6.495208146151541
  },
  "val": {
    "qwk": 0.8940217391304348,
    "accuracy": 0.7794117647058824,
    "adjacent_accuracy": 0.9779411764705882,
    "mae": 0.2426470588235294,
    "raw_exact": 0.5661764705882353,
    "raw_within1": 0.7867647058823529,
    "raw_mae": 0.9264705882352942,
    "pct_mae": 7.959558823529411
  },
  "test": {
    "qwk": 0.8088651492805039,
    "accuracy": 0.7299270072992701,
    "adjacent_accuracy": 0.9562043795620438,
    "mae": 0.3357664233576642,
    "raw_exact": 0.5474452554744526,
    "raw_within1": 0.7591240875912408,
    "raw_mae": 1.197080291970803,
    "pct_mae": 9.178832116788321
  },
  "best_epoch": null,
  "calibrated_cuts": [
    0.125,
    0.36000000000000004,
    0.56,
    0.9500000000000001
  ]
}