{
  "train": {
    "qwk": 0.5567864193629151,
    "accuracy": 0.46325878594249204,
    "adjacent_accuracy": 0.8354632587859425,
    "mae": 0.7156549520766773,
    "raw_exact": 0.1757188498402556,
    "raw_within1": 0.5175718849840255,
    "raw_mae": 2.547923322683706,
    "pct_mae": 22.55724174653887
  },
  "val": {
    "qwk": 0.5654517219329496,
    "accuracy": 0.5074626865671642,
    "adjacent_accuracy": 0.835820895522388,
    "mae": 0.6716417910447762,
    "raw_exact": 0.14925373134328357,
    "raw_within1": 0.5373134328358209,
    "raw_mae": 2.6343283582089554,
    "pct_mae": 22.18994314143568
  },
  "test": {
    "qwk": 0.537492909812819,
    "accuracy": 0.4888888888888889,
    "adjacent_accuracy": 0.8222222222222222,
    "mae": 0.7037037037037037,
    "raw_exact": 0.1925925925925926,
    "raw_within1": 0.5111111111111111,
    "raw_mae": 2.414814814814815,
    "pct_mae": 21.980599647266317
  },
  "best_epoch": null,
  "calibrated_cuts": [
    0.01,
    0.28,
    0.5700000000000001,
    0.74
  ]
}