{
  "train": {
    "qwk": 0.936383035476127,
    "accuracy": 0.8349056603773585,
    "adjacent_accuracy": 0.9937106918238994,
    "mae": 0.17138364779874213,
    "raw_exact": 0.559748427672956,
    "raw_within1": 0.8820754716981132,
    "raw_mae": 0.6147798742138365,
    "pct_mae": 5.201969152440849
  },
  "val": {
    "qwk": 0.8995334370139969,
    "accuracy": 0.7867647058823529,
    "adjacent_accuracy": 0.9779411764705882,
    "mae": 0.23529411764705882,
    "raw_exact": 0.5367647058823529,
    "raw_within1": 0.7794117647058824,
    "raw_mae": 1.0294117647058822,
    "pct_mae": 8.308823529411766
  },
  "test": {
    "qwk": 0.8074453941120607,
    "accuracy": 0.7664233576642335,
    "adjacent_accuracy": 0.9343065693430657,
    "mae": 0.32116788321167883,
    "raw_exact": 0.48175182481751827,
    "raw_within1": 0.7518248175182481,
    "raw_mae": 1.2773722627737227,
    "pct_mae": 9.549878345498785
  },
  "best_epoch": null,
  "calibrated_cuts": [
    0.05,
    0.37,
    0.68,
    0.875
  ]
}