{
  "train": {
    "qwk": 0.38599258351930466,
    "cohen_kappa": 0.18664831994318443,
    "accuracy": 0.3852657004830918,
    "precision_macro": 0.3063508166355401,
    "recall_macro": 0.31197255870735907,
    "f1_macro": 0.2898021820456443,
    "adjacent_accuracy": 0.716183574879227,
    "mae": 0.9891304347826086,
    "raw_exact": 0.27294685990338163,
    "raw_within1": 0.428743961352657,
    "raw_mae": 2.725845410628019,
    "pct_mae": 24.4987922705314
  },
  "val": {
    "qwk": 0.3796056562437762,
    "cohen_kappa": 0.14735057227638826,
    "accuracy": 0.3651685393258427,
    "precision_macro": 0.27366456556667906,
    "recall_macro": 0.2561560852226948,
    "f1_macro": 0.25452077442726184,
    "adjacent_accuracy": 0.7471910112359551,
    "mae": 0.9606741573033708,
    "raw_exact": 0.2303370786516854,
    "raw_within1": 0.449438202247191,
    "raw_mae": 2.640449438202247,
    "pct_mae": 23.427635098983412
  },
  "test": {
    "qwk": 0.47528875446555763,
    "cohen_kappa": 0.17129435450046138,
    "accuracy": 0.37640449438202245,
    "precision_macro": 0.29886489243103487,
    "recall_macro": 0.28452949035686237,
    "f1_macro": 0.2785800405868416,
    "adjacent_accuracy": 0.7696629213483146,
    "mae": 0.8932584269662921,
    "raw_exact": 0.25280898876404495,
    "raw_within1": 0.47752808988764045,
    "raw_mae": 2.5842696629213484,
    "pct_mae": 21.769662921348313
  },
  "best_epoch": null
}