{
  "train": {
    "qwk": 0.5356268768847763,
    "accuracy": 0.4520766773162939,
    "adjacent_accuracy": 0.84185303514377,
    "mae": 0.7268370607028753,
    "raw_exact": 0.36261980830670926,
    "raw_within1": 0.5271565495207667,
    "raw_mae": 2.258785942492013,
    "pct_mae": 19.37300319488818
  },
  "val": {
    "qwk": 0.57280498748406,
    "accuracy": 0.4626865671641791,
    "adjacent_accuracy": 0.8805970149253731,
    "mae": 0.6791044776119403,
    "raw_exact": 0.3358208955223881,
    "raw_within1": 0.5149253731343284,
    "raw_mae": 2.2686567164179103,
    "pct_mae": 18.563432835820894
  },
  "test": {
    "qwk": 0.5349282296650719,
    "accuracy": 0.45925925925925926,
    "adjacent_accuracy": 0.837037037037037,
    "mae": 0.7111111111111111,
    "raw_exact": 0.37037037037037035,
    "raw_within1": 0.5111111111111111,
    "raw_mae": 2.1481481481481484,
    "pct_mae": 18.59259259259259
  },
  "best_epoch": null,
  "calibrated_cuts": [
    0.01,
    0.34,
    0.49,
    0.8400000000000001
  ]
}