{
  "train": {
    "qwk": 0.9129984734739968,
    "accuracy": 0.8207547169811321,
    "adjacent_accuracy": 0.9827044025157232,
    "mae": 0.19968553459119498,
    "raw_exact": 0.5644654088050315,
    "raw_within1": 0.8238993710691824,
    "raw_mae": 0.7814465408805031,
    "pct_mae": 6.334231805929918
  },
  "val": {
    "qwk": 0.9037932089323952,
    "accuracy": 0.7941176470588235,
    "adjacent_accuracy": 0.9779411764705882,
    "mae": 0.22794117647058823,
    "raw_exact": 0.5220588235294118,
    "raw_within1": 0.8014705882352942,
    "raw_mae": 0.9411764705882353,
    "pct_mae": 7.438725490196078
  },
  "test": {
    "qwk": 0.7865496499359037,
    "accuracy": 0.7591240875912408,
    "adjacent_accuracy": 0.9124087591240876,
    "mae": 0.34306569343065696,
    "raw_exact": 0.44525547445255476,
    "raw_within1": 0.708029197080292,
    "raw_mae": 1.4306569343065694,
    "pct_mae": 10.760340632603407
  },
  "best_epoch": null,
  "calibrated_cuts": [
    0.125,
    0.46,
    0.79,
    0.9
  ]
}