{
  "train": {
    "qwk": 0.8240418386330839,
    "accuracy": 0.6654589371980676,
    "adjacent_accuracy": 0.9577294685990339,
    "mae": 0.3780193236714976,
    "raw_exact": 0.34541062801932365,
    "raw_within1": 0.642512077294686,
    "raw_mae": 1.2838164251207729,
    "pct_mae": 11.123475960432483
  },
  "val": {
    "qwk": 0.7875578099358496,
    "accuracy": 0.6629213483146067,
    "adjacent_accuracy": 0.9325842696629213,
    "mae": 0.4044943820224719,
    "raw_exact": 0.3258426966292135,
    "raw_within1": 0.6067415730337079,
    "raw_mae": 1.5842696629213484,
    "pct_mae": 13.590823970037452
  },
  "test": {
    "qwk": 0.7324543754586125,
    "accuracy": 0.6460674157303371,
    "adjacent_accuracy": 0.898876404494382,
    "mae": 0.46629213483146065,
    "raw_exact": 0.3707865168539326,
    "raw_within1": 0.6179775280898876,
    "raw_mae": 1.601123595505618,
    "pct_mae": 13.258426966292133
  },
  "best_epoch": null,
  "calibrated_cuts": [
    0.15000000000000002,
    0.4,
    0.625,
    0.75
  ]
}