{
  "train": {
    "qwk": 0.7744677800874489,
    "accuracy": 0.644927536231884,
    "adjacent_accuracy": 0.9468599033816425,
    "mae": 0.41545893719806765,
    "raw_exact": 0.4323671497584541,
    "raw_within1": 0.6896135265700483,
    "raw_mae": 1.2463768115942029,
    "pct_mae": 10.567632850241546
  },
  "val": {
    "qwk": 0.7551840880236986,
    "accuracy": 0.6348314606741573,
    "adjacent_accuracy": 0.9269662921348315,
    "mae": 0.43820224719101125,
    "raw_exact": 0.42696629213483145,
    "raw_within1": 0.6460674157303371,
    "raw_mae": 1.5056179775280898,
    "pct_mae": 12.5374531835206
  },
  "test": {
    "qwk": 0.7404497360873443,
    "accuracy": 0.6797752808988764,
    "adjacent_accuracy": 0.898876404494382,
    "mae": 0.43258426966292135,
    "raw_exact": 0.42134831460674155,
    "raw_within1": 0.7134831460674157,
    "raw_mae": 1.3595505617977528,
    "pct_mae": 11.095505617977528
  },
  "best_epoch": null,
  "calibrated_cuts": [
    0.21000000000000002,
    0.42000000000000004,
    0.625,
    0.9
  ]
}