{
  "train": {
    "qwk": 0.8526311709664456,
    "accuracy": 0.7065217391304348,
    "adjacent_accuracy": 0.961352657004831,
    "mae": 0.33454106280193235,
    "raw_exact": 0.2028985507246377,
    "raw_within1": 0.7596618357487923,
    "raw_mae": 1.1871980676328502,
    "pct_mae": 11.251293995859214
  },
  "val": {
    "qwk": 0.7730371242214703,
    "accuracy": 0.6348314606741573,
    "adjacent_accuracy": 0.9269662921348315,
    "mae": 0.43820224719101125,
    "raw_exact": 0.21910112359550563,
    "raw_within1": 0.6067415730337079,
    "raw_mae": 1.5786516853932584,
    "pct_mae": 14.334537185660782
  },
  "test": {
    "qwk": 0.7844627000332399,
    "accuracy": 0.6853932584269663,
    "adjacent_accuracy": 0.9325842696629213,
    "mae": 0.39325842696629215,
    "raw_exact": 0.24157303370786518,
    "raw_within1": 0.7247191011235955,
    "raw_mae": 1.4101123595505618,
    "pct_mae": 12.68592830390583
  },
  "best_epoch": null,
  "calibrated_cuts": [
    0.35000000000000003,
    0.46,
    0.65,
    0.78
  ]
}