{
  "train": {
    "qwk": 0.8969825603720004,
    "accuracy": 0.7795527156549521,
    "adjacent_accuracy": 0.9904153354632588,
    "mae": 0.23003194888178913,
    "raw_exact": 0.5415335463258786,
    "raw_within1": 0.8514376996805112,
    "raw_mae": 0.7476038338658147,
    "pct_mae": 6.481629392971247
  },
  "val": {
    "qwk": 0.8034650288752406,
    "accuracy": 0.7164179104477612,
    "adjacent_accuracy": 0.9477611940298507,
    "mae": 0.34328358208955223,
    "raw_exact": 0.4626865671641791,
    "raw_within1": 0.7313432835820896,
    "raw_mae": 1.335820895522388,
    "pct_mae": 10.317164179104477
  },
  "test": {
    "qwk": 0.8080155138978669,
    "accuracy": 0.7407407407407407,
    "adjacent_accuracy": 0.9481481481481482,
    "mae": 0.32592592592592595,
    "raw_exact": 0.5555555555555556,
    "raw_within1": 0.7777777777777778,
    "raw_mae": 1.125925925925926,
    "pct_mae": 8.790123456790123
  },
  "best_epoch": null,
  "calibrated_cuts": [
    0.125,
    0.32,
    0.5700000000000001,
    0.875
  ]
}