{
  "train": {
    "qwk": 0.46000395673964656,
    "cohen_kappa": 0.16391762305617297,
    "accuracy": 0.36477987421383645,
    "precision_macro": 0.3320753335399829,
    "recall_macro": 0.26903812708273467,
    "f1_macro": 0.27194738316815104,
    "adjacent_accuracy": 0.7845911949685535,
    "mae": 0.8852201257861635,
    "raw_exact": 0.2059748427672956,
    "raw_within1": 0.4921383647798742,
    "raw_mae": 2.438679245283019,
    "pct_mae": 21.124775381850853
  },
  "val": {
    "qwk": 0.46727019498607236,
    "cohen_kappa": 0.17285850370044697,
    "accuracy": 0.3897058823529412,
    "precision_macro": 0.33746345029239766,
    "recall_macro": 0.27561621174524403,
    "f1_macro": 0.27385212806994985,
    "adjacent_accuracy": 0.7867647058823529,
    "mae": 0.8382352941176471,
    "raw_exact": 0.22058823529411764,
    "raw_within1": 0.5514705882352942,
    "raw_mae": 2.3088235294117645,
    "pct_mae": 20.463935574229694
  },
  "test": {
    "qwk": 0.45226556820935304,
    "cohen_kappa": 0.12549102132435463,
    "accuracy": 0.3357664233576642,
    "precision_macro": 0.32048919426826405,
    "recall_macro": 0.23488106875203654,
    "f1_macro": 0.2521743847417895,
    "adjacent_accuracy": 0.8248175182481752,
    "mae": 0.8905109489051095,
    "raw_exact": 0.16058394160583941,
    "raw_within1": 0.5109489051094891,
    "raw_mae": 2.372262773722628,
    "pct_mae": 20.636079249217936
  },
  "best_epoch": null
}