{
  "train": {
    "qwk": 0.9112035559607933,
    "cohen_kappa": 0.7046248226899288,
    "accuracy": 0.7971698113207547,
    "precision_macro": 0.8122506874308442,
    "recall_macro": 0.7157987458979775,
    "f1_macro": 0.7434000413383302,
    "adjacent_accuracy": 0.9905660377358491,
    "mae": 0.21226415094339623,
    "raw_exact": 0.28459119496855345,
    "raw_within1": 0.8301886792452831,
    "raw_mae": 0.940251572327044,
    "pct_mae": 8.423180592991912
  },
  "val": {
    "qwk": 0.8379598662207358,
    "cohen_kappa": 0.493639466335712,
    "accuracy": 0.6470588235294118,
    "precision_macro": 0.6718103448275862,
    "recall_macro": 0.5539068100358422,
    "f1_macro": 0.5893437862950058,
    "adjacent_accuracy": 0.9779411764705882,
    "mae": 0.375,
    "raw_exact": 0.29411764705882354,
    "raw_within1": 0.7205882352941176,
    "raw_mae": 1.3308823529411764,
    "pct_mae": 11.321778711484594
  },
  "test": {
    "qwk": 0.7874483753250442,
    "cohen_kappa": 0.4936864798275331,
    "accuracy": 0.6496350364963503,
    "precision_macro": 0.5241035405050093,
    "recall_macro": 0.46190941674812647,
    "f1_macro": 0.47010913352376765,
    "adjacent_accuracy": 0.9562043795620438,
    "mae": 0.40145985401459855,
    "raw_exact": 0.24817518248175183,
    "raw_within1": 0.6934306569343066,
    "raw_mae": 1.4233576642335766,
    "pct_mae": 11.998609662843238
  },
  "best_epoch": null
}