{
  "train": {
    "qwk": 0.7363735261841112,
    "accuracy": 0.6111111111111112,
    "adjacent_accuracy": 0.9323671497584541,
    "mae": 0.4673913043478261,
    "raw_exact": 0.3828502415458937,
    "raw_within1": 0.6413043478260869,
    "raw_mae": 1.393719806763285,
    "pct_mae": 11.87126178974005
  },
  "val": {
    "qwk": 0.6740431239038481,
    "accuracy": 0.5561797752808989,
    "adjacent_accuracy": 0.9101123595505618,
    "mae": 0.550561797752809,
    "raw_exact": 0.33707865168539325,
    "raw_within1": 0.5617977528089888,
    "raw_mae": 1.797752808988764,
    "pct_mae": 15.102996254681647
  },
  "test": {
    "qwk": 0.6567743583194995,
    "accuracy": 0.6235955056179775,
    "adjacent_accuracy": 0.898876404494382,
    "mae": 0.5112359550561798,
    "raw_exact": 0.398876404494382,
    "raw_within1": 0.6348314606741573,
    "raw_mae": 1.5674157303370786,
    "pct_mae": 12.715355805243444
  },
  "best_epoch": null,
  "calibrated_cuts": [
    0.125,
    0.51,
    0.625,
    0.79
  ]
}