{
  "train": {
    "qwk": 0.8730005647862885,
    "accuracy": 0.7651757188498403,
    "adjacent_accuracy": 0.9776357827476039,
    "mae": 0.26038338658146964,
    "raw_exact": 0.4968051118210863,
    "raw_within1": 0.7827476038338658,
    "raw_mae": 0.9488817891373802,
    "pct_mae": 7.765099650083675
  },
  "val": {
    "qwk": 0.8192253166872456,
    "accuracy": 0.753731343283582,
    "adjacent_accuracy": 0.9477611940298507,
    "mae": 0.30597014925373134,
    "raw_exact": 0.4552238805970149,
    "raw_within1": 0.7238805970149254,
    "raw_mae": 1.3134328358208955,
    "pct_mae": 10.34825870646766
  },
  "test": {
    "qwk": 0.8065331928345627,
    "accuracy": 0.762962962962963,
    "adjacent_accuracy": 0.9481481481481482,
    "mae": 0.3111111111111111,
    "raw_exact": 0.45925925925925926,
    "raw_within1": 0.7185185185185186,
    "raw_mae": 1.2148148148148148,
    "pct_mae": 9.611111111111109
  },
  "best_epoch": null,
  "calibrated_cuts": [
    0.125,
    0.39,
    0.62,
    0.88
  ]
}