{
  "train": {
    "qwk": 0.9290723892180968,
    "accuracy": 0.8226837060702875,
    "adjacent_accuracy": 0.9952076677316294,
    "mae": 0.18210862619808307,
    "raw_exact": 0.4776357827476038,
    "raw_within1": 0.8450479233226837,
    "raw_mae": 0.7811501597444089,
    "pct_mae": 6.733417008976114
  },
  "val": {
    "qwk": 0.8484633464898665,
    "accuracy": 0.7686567164179104,
    "adjacent_accuracy": 0.9626865671641791,
    "mae": 0.27611940298507465,
    "raw_exact": 0.41044776119402987,
    "raw_within1": 0.7388059701492538,
    "raw_mae": 1.3059701492537314,
    "pct_mae": 10.597014925373134
  },
  "test": {
    "qwk": 0.8134368023812055,
    "accuracy": 0.7481481481481481,
    "adjacent_accuracy": 0.9481481481481482,
    "mae": 0.31851851851851853,
    "raw_exact": 0.45185185185185184,
    "raw_within1": 0.7703703703703704,
    "raw_mae": 1.2074074074074075,
    "pct_mae": 9.777777777777777
  },
  "best_epoch": null,
  "calibrated_cuts": [
    0.125,
    0.39,
    0.625,
    0.88
  ]
}