{
  "train": {
    "qwk": 0.812008319016186,
    "accuracy": 0.6388888888888888,
    "adjacent_accuracy": 0.9384057971014492,
    "mae": 0.4251207729468599,
    "raw_exact": 0.47101449275362317,
    "raw_within1": 0.75,
    "raw_mae": 0.9867149758454107,
    "pct_mae": 8.485305958132045
  },
  "val": {
    "qwk": 0.6950023798191338,
    "accuracy": 0.5730337078651685,
    "adjacent_accuracy": 0.8820224719101124,
    "mae": 0.550561797752809,
    "raw_exact": 0.37640449438202245,
    "raw_within1": 0.6179775280898876,
    "raw_mae": 1.6404494382022472,
    "pct_mae": 13.70853397538791
  },
  "test": {
    "qwk": 0.7275923398271084,
    "accuracy": 0.5898876404494382,
    "adjacent_accuracy": 0.8876404494382022,
    "mae": 0.5393258426966292,
    "raw_exact": 0.43820224719101125,
    "raw_within1": 0.7134831460674157,
    "raw_mae": 1.4269662921348314,
    "pct_mae": 11.554307116104868
  },
  "best_epoch": null,
  "calibrated_cuts": [
    0.32,
    0.43,
    0.78,
    0.9
  ]
}