{
  "train": {
    "qwk": 0.9135692653069869,
    "accuracy": 0.8128930817610063,
    "adjacent_accuracy": 0.9842767295597484,
    "mae": 0.20440251572327045,
    "raw_exact": 0.5094339622641509,
    "raw_within1": 0.8411949685534591,
    "raw_mae": 0.8018867924528302,
    "pct_mae": 6.652628032345014
  },
  "val": {
    "qwk": 0.8897849462365591,
    "accuracy": 0.7647058823529411,
    "adjacent_accuracy": 0.9779411764705882,
    "mae": 0.25735294117647056,
    "raw_exact": 0.4852941176470588,
    "raw_within1": 0.7647058823529411,
    "raw_mae": 1.088235294117647,
    "pct_mae": 8.54779411764706
  },
  "test": {
    "qwk": 0.7588028169014085,
    "accuracy": 0.708029197080292,
    "adjacent_accuracy": 0.9124087591240876,
    "mae": 0.39416058394160586,
    "raw_exact": 0.43795620437956206,
    "raw_within1": 0.6934306569343066,
    "raw_mae": 1.5182481751824817,
    "pct_mae": 11.32603406326034
  },
  "best_epoch": null,
  "calibrated_cuts": [
    0.060000000000000005,
    0.4,
    0.65,
    0.875
  ]
}