{
  "train": {
    "qwk": 0.8557615718205152,
    "accuracy": 0.7264150943396226,
    "adjacent_accuracy": 0.9622641509433962,
    "mae": 0.3113207547169811,
    "raw_exact": 0.4418238993710692,
    "raw_within1": 0.7877358490566038,
    "raw_mae": 1.0566037735849056,
    "pct_mae": 8.632262653489068
  },
  "val": {
    "qwk": 0.868628740545873,
    "accuracy": 0.7647058823529411,
    "adjacent_accuracy": 0.9632352941176471,
    "mae": 0.27205882352941174,
    "raw_exact": 0.49264705882352944,
    "raw_within1": 0.7573529411764706,
    "raw_mae": 1.1102941176470589,
    "pct_mae": 9.129901960784313
  },
  "test": {
    "qwk": 0.6993816078196688,
    "accuracy": 0.6934306569343066,
    "adjacent_accuracy": 0.8832116788321168,
    "mae": 0.45255474452554745,
    "raw_exact": 0.48175182481751827,
    "raw_within1": 0.7299270072992701,
    "raw_mae": 1.4087591240875912,
    "pct_mae": 10.675182481751824
  },
  "best_epoch": null,
  "calibrated_cuts": [
    0.125,
    0.4,
    0.625,
    0.89
  ]
}