{
  "train": {
    "qwk": 0.8130532200456996,
    "accuracy": 0.6871069182389937,
    "adjacent_accuracy": 0.9481132075471698,
    "mae": 0.3710691823899371,
    "raw_exact": 0.4308176100628931,
    "raw_within1": 0.7279874213836478,
    "raw_mae": 1.2279874213836477,
    "pct_mae": 9.930929919137466
  },
  "val": {
    "qwk": 0.8391081167789541,
    "accuracy": 0.7352941176470589,
    "adjacent_accuracy": 0.9558823529411765,
    "mae": 0.3161764705882353,
    "raw_exact": 0.4852941176470588,
    "raw_within1": 0.7205882352941176,
    "raw_mae": 1.2426470588235294,
    "pct_mae": 10.036764705882351
  },
  "test": {
    "qwk": 0.7599944885144578,
    "accuracy": 0.656934306569343,
    "adjacent_accuracy": 0.9343065693430657,
    "mae": 0.4306569343065693,
    "raw_exact": 0.4306569343065693,
    "raw_within1": 0.7226277372262774,
    "raw_mae": 1.4087591240875912,
    "pct_mae": 10.979318734793186
  },
  "best_epoch": null,
  "calibrated_cuts": [
    0.16,
    0.43,
    0.7100000000000001,
    0.9
  ]
}