{
  "train": {
    "qwk": 0.9085852009229434,
    "cohen_kappa": 0.6958972662822301,
    "accuracy": 0.7908805031446541,
    "precision_macro": 0.80789215271241,
    "recall_macro": 0.7109472039972553,
    "f1_macro": 0.7382461624592018,
    "adjacent_accuracy": 0.9905660377358491,
    "mae": 0.21855345911949686,
    "raw_exact": 0.2578616352201258,
    "raw_within1": 0.8443396226415094,
    "raw_mae": 0.949685534591195,
    "pct_mae": 8.963012878107218
  },
  "val": {
    "qwk": 0.8445121951219512,
    "cohen_kappa": 0.494227938328039,
    "accuracy": 0.6470588235294118,
    "precision_macro": 0.6740108056570793,
    "recall_macro": 0.5550179211469535,
    "f1_macro": 0.5884504095894849,
    "adjacent_accuracy": 0.9852941176470589,
    "mae": 0.36764705882352944,
    "raw_exact": 0.19852941176470587,
    "raw_within1": 0.7205882352941176,
    "raw_mae": 1.4191176470588236,
    "pct_mae": 12.933298319327733
  },
  "test": {
    "qwk": 0.8054104844525053,
    "cohen_kappa": 0.5042346781644595,
    "accuracy": 0.656934306569343,
    "precision_macro": 0.5276123124348339,
    "recall_macro": 0.4649397197784294,
    "f1_macro": 0.47336116604409284,
    "adjacent_accuracy": 0.9562043795620438,
    "mae": 0.38686131386861317,
    "raw_exact": 0.20437956204379562,
    "raw_within1": 0.6861313868613139,
    "raw_mae": 1.4744525547445255,
    "pct_mae": 13.123913799096279
  },
  "best_epoch": null
}