{
  "train": {
    "qwk": 0.8471281895698273,
    "accuracy": 0.6497584541062802,
    "adjacent_accuracy": 0.9698067632850241,
    "mae": 0.38164251207729466,
    "raw_exact": 0.45893719806763283,
    "raw_within1": 0.7693236714975845,
    "raw_mae": 0.9371980676328503,
    "pct_mae": 8.101851851851853
  },
  "val": {
    "qwk": 0.7850864483724525,
    "accuracy": 0.6067415730337079,
    "adjacent_accuracy": 0.9438202247191011,
    "mae": 0.449438202247191,
    "raw_exact": 0.4101123595505618,
    "raw_within1": 0.6853932584269663,
    "raw_mae": 1.3202247191011236,
    "pct_mae": 11.137640449438202
  },
  "test": {
    "qwk": 0.782191265060241,
    "accuracy": 0.6573033707865169,
    "adjacent_accuracy": 0.9382022471910112,
    "mae": 0.4157303370786517,
    "raw_exact": 0.43258426966292135,
    "raw_within1": 0.7471910112359551,
    "raw_mae": 1.202247191011236,
    "pct_mae": 9.794007490636707
  },
  "best_epoch": null,
  "calibrated_cuts": [
    0.26,
    0.375,
    0.68,
    0.89
  ]
}