{
  "train": {
    "qwk": 0.9118698890685861,
    "cohen_kappa": 0.7066822318784184,
    "accuracy": 0.7987421383647799,
    "precision_macro": 0.8130790037597239,
    "recall_macro": 0.7164544836028955,
    "f1_macro": 0.7443162247097567,
    "adjacent_accuracy": 0.9905660377358491,
    "mae": 0.21069182389937108,
    "raw_exact": 0.21226415094339623,
    "raw_within1": 0.8474842767295597,
    "raw_mae": 0.9889937106918238,
    "pct_mae": 9.63125187181791
  },
  "val": {
    "qwk": 0.8461280590010057,
    "cohen_kappa": 0.49414955443626507,
    "accuracy": 0.6470588235294118,
    "precision_macro": 0.6739340007415646,
    "recall_macro": 0.5539068100358422,
    "f1_macro": 0.5899966280768798,
    "adjacent_accuracy": 0.9852941176470589,
    "mae": 0.36764705882352944,
    "raw_exact": 0.16911764705882354,
    "raw_within1": 0.7058823529411765,
    "raw_mae": 1.4485294117647058,
    "pct_mae": 13.656337535014003
  },
  "test": {
    "qwk": 0.8017279186036312,
    "cohen_kappa": 0.49555078244860384,
    "accuracy": 0.6496350364963503,
    "precision_macro": 0.5259136212624586,
    "recall_macro": 0.46190941674812647,
    "f1_macro": 0.4704757501621365,
    "adjacent_accuracy": 0.9562043795620438,
    "mae": 0.39416058394160586,
    "raw_exact": 0.1678832116788321,
    "raw_within1": 0.708029197080292,
    "raw_mae": 1.489051094890511,
    "pct_mae": 13.385470976711852
  },
  "best_epoch": null
}