{
  "train": {
    "qwk": 0.8537234042553192,
    "accuracy": 0.7641509433962265,
    "adjacent_accuracy": 0.9449685534591195,
    "mae": 0.2971698113207547,
    "raw_exact": 0.4638364779874214,
    "raw_within1": 0.7830188679245284,
    "raw_mae": 1.069182389937107,
    "pct_mae": 8.769841269841269
  },
  "val": {
    "qwk": 0.8712496358869793,
    "accuracy": 0.75,
    "adjacent_accuracy": 0.9558823529411765,
    "mae": 0.29411764705882354,
    "raw_exact": 0.4338235294117647,
    "raw_within1": 0.7794117647058824,
    "raw_mae": 1.1397058823529411,
    "pct_mae": 10.20220588235294
  },
  "test": {
    "qwk": 0.7613284186976216,
    "accuracy": 0.7153284671532847,
    "adjacent_accuracy": 0.9124087591240876,
    "mae": 0.40145985401459855,
    "raw_exact": 0.41605839416058393,
    "raw_within1": 0.7445255474452555,
    "raw_mae": 1.4452554744525548,
    "pct_mae": 11.10705596107056
  },
  "best_epoch": null,
  "calibrated_cuts": [
    0.125,
    0.42000000000000004,
    0.67,
    0.78
  ]
}