{
  "train": {
    "qwk": 0.8618736518675998,
    "accuracy": 0.7125603864734299,
    "adjacent_accuracy": 0.9746376811594203,
    "mae": 0.31280193236714976,
    "raw_exact": 0.4855072463768116,
    "raw_within1": 0.7995169082125604,
    "raw_mae": 0.857487922705314,
    "pct_mae": 7.563405797101449
  },
  "val": {
    "qwk": 0.8024540489313415,
    "accuracy": 0.6853932584269663,
    "adjacent_accuracy": 0.9382022471910112,
    "mae": 0.37640449438202245,
    "raw_exact": 0.3707865168539326,
    "raw_within1": 0.702247191011236,
    "raw_mae": 1.2415730337078652,
    "pct_mae": 10.781835205992508
  },
  "test": {
    "qwk": 0.7866138353986322,
    "accuracy": 0.7247191011235955,
    "adjacent_accuracy": 0.9325842696629213,
    "mae": 0.3539325842696629,
    "raw_exact": 0.4550561797752809,
    "raw_within1": 0.7528089887640449,
    "raw_mae": 1.151685393258427,
    "pct_mae": 9.400749063670412
  },
  "best_epoch": null
}