{
  "train": {
    "qwk": 0.8979121515782246,
    "cohen_kappa": 0.6617239164115936,
    "accuracy": 0.7715654952076677,
    "precision_macro": 0.6044323861532765,
    "recall_macro": 0.5648797369716896,
    "f1_macro": 0.5704124457720123,
    "adjacent_accuracy": 0.9952076677316294,
    "mae": 0.23322683706070288,
    "raw_exact": 0.2220447284345048,
    "raw_within1": 0.8450479233226837,
    "raw_mae": 0.9664536741214057,
    "pct_mae": 9.380800243420051
  },
  "val": {
    "qwk": 0.7306224235330042,
    "cohen_kappa": 0.435048922122345,
    "accuracy": 0.6044776119402985,
    "precision_macro": 0.504982582241768,
    "recall_macro": 0.43860490763716575,
    "f1_macro": 0.4322628182734431,
    "adjacent_accuracy": 0.9477611940298507,
    "mae": 0.4552238805970149,
    "raw_exact": 0.1791044776119403,
    "raw_within1": 0.6791044776119403,
    "raw_mae": 1.5522388059701493,
    "pct_mae": 13.682480454868514
  },
  "test": {
    "qwk": 0.789319678127286,
    "cohen_kappa": 0.4489363372321219,
    "accuracy": 0.6148148148148148,
    "precision_macro": 0.4827452278494979,
    "recall_macro": 0.41845226458129686,
    "f1_macro": 0.42515831033270424,
    "adjacent_accuracy": 0.9703703703703703,
    "mae": 0.4148148148148148,
    "raw_exact": 0.14074074074074075,
    "raw_within1": 0.6962962962962963,
    "raw_mae": 1.4666666666666666,
    "pct_mae": 13.134920634920633
  },
  "best_epoch": null
}