{
  "train": {
    "qwk": 0.7871891214886384,
    "accuracy": 0.634185303514377,
    "adjacent_accuracy": 0.9376996805111821,
    "mae": 0.4329073482428115,
    "raw_exact": 0.3993610223642173,
    "raw_within1": 0.7060702875399361,
    "raw_mae": 1.34185303514377,
    "pct_mae": 10.991936710786549
  },
  "val": {
    "qwk": 0.6914455719933161,
    "accuracy": 0.6417910447761194,
    "adjacent_accuracy": 0.8880597014925373,
    "mae": 0.5,
    "raw_exact": 0.3656716417910448,
    "raw_within1": 0.6417910447761194,
    "raw_mae": 1.7388059701492538,
    "pct_mae": 13.495024875621889
  },
  "test": {
    "qwk": 0.7346371488136603,
    "accuracy": 0.6296296296296297,
    "adjacent_accuracy": 0.9037037037037037,
    "mae": 0.48148148148148145,
    "raw_exact": 0.45185185185185184,
    "raw_within1": 0.7111111111111111,
    "raw_mae": 1.4148148148148147,
    "pct_mae": 11.28395061728395
  },
  "best_epoch": null,
  "calibrated_cuts": [
    0.29000000000000004,
    0.4,
    0.8,
    0.875
  ]
}