{
  "train": {
    "qwk": 0.8418957413607591,
    "accuracy": 0.6900958466453674,
    "adjacent_accuracy": 0.9680511182108626,
    "mae": 0.3466453674121406,
    "raw_exact": 0.5,
    "raw_within1": 0.7539936102236422,
    "raw_mae": 0.9920127795527156,
    "pct_mae": 7.921040620721133
  },
  "val": {
    "qwk": 0.7779369041286468,
    "accuracy": 0.6567164179104478,
    "adjacent_accuracy": 0.9253731343283582,
    "mae": 0.4253731343283582,
    "raw_exact": 0.417910447761194,
    "raw_within1": 0.664179104477612,
    "raw_mae": 1.492537313432836,
    "pct_mae": 11.567164179104477
  },
  "test": {
    "qwk": 0.7928528164748637,
    "accuracy": 0.6518518518518519,
    "adjacent_accuracy": 0.9407407407407408,
    "mae": 0.4148148148148148,
    "raw_exact": 0.4666666666666667,
    "raw_within1": 0.7185185185185186,
    "raw_mae": 1.2074074074074075,
    "pct_mae": 9.34567901234568
  },
  "best_epoch": null,
  "calibrated_cuts": [
    0.24000000000000002,
    0.44,
    0.73,
    0.875
  ]
}