{
  "train": {
    "qwk": 0.7858205887772313,
    "accuracy": 0.5857487922705314,
    "adjacent_accuracy": 0.9637681159420289,
    "mae": 0.45169082125603865,
    "raw_exact": 0.3888888888888889,
    "raw_within1": 0.7101449275362319,
    "raw_mae": 1.184782608695652,
    "pct_mae": 10.102944559466298
  },
  "val": {
    "qwk": 0.7621304383765464,
    "accuracy": 0.5730337078651685,
    "adjacent_accuracy": 0.9606741573033708,
    "mae": 0.46629213483146065,
    "raw_exact": 0.3651685393258427,
    "raw_within1": 0.6741573033707865,
    "raw_mae": 1.4662921348314606,
    "pct_mae": 12.734082397003743
  },
  "test": {
    "qwk": 0.7000283016440683,
    "accuracy": 0.5674157303370787,
    "adjacent_accuracy": 0.9269662921348315,
    "mae": 0.5224719101123596,
    "raw_exact": 0.398876404494382,
    "raw_within1": 0.6910112359550562,
    "raw_mae": 1.4382022471910112,
    "pct_mae": 11.371722846441948
  },
  "best_epoch": null,
  "calibrated_cuts": [
    0.15000000000000002,
    0.39,
    0.5,
    0.86
  ]
}