{
  "train": {
    "qwk": 0.8380488752754923,
    "cohen_kappa": 0.5983604569377411,
    "accuracy": 0.7101449275362319,
    "precision_macro": 0.7873968206357796,
    "recall_macro": 0.6660266674292308,
    "f1_macro": 0.6954232763984944,
    "adjacent_accuracy": 0.9734299516908212,
    "mae": 0.3164251207729469,
    "raw_exact": 0.19806763285024154,
    "raw_within1": 0.7463768115942029,
    "raw_mae": 1.173913043478261,
    "pct_mae": 11.008597883597885
  },
  "val": {
    "qwk": 0.6490646982745023,
    "cohen_kappa": 0.37321284629417506,
    "accuracy": 0.5337078651685393,
    "precision_macro": 0.7514199953821288,
    "recall_macro": 0.5124722944650124,
    "f1_macro": 0.5383886047406918,
    "adjacent_accuracy": 0.9213483146067416,
    "mae": 0.5449438202247191,
    "raw_exact": 0.21348314606741572,
    "raw_within1": 0.6067415730337079,
    "raw_mae": 1.5842696629213484,
    "pct_mae": 14.292402354200107
  },
  "test": {
    "qwk": 0.7676515960602824,
    "cohen_kappa": 0.5518708221199757,
    "accuracy": 0.6741573033707865,
    "precision_macro": 0.582718213962187,
    "recall_macro": 0.5228561229589287,
    "f1_macro": 0.5171000502765208,
    "adjacent_accuracy": 0.9438202247191011,
    "mae": 0.38202247191011235,
    "raw_exact": 0.2640449438202247,
    "raw_within1": 0.6910112359550562,
    "raw_mae": 1.4550561797752808,
    "pct_mae": 12.742108079186732
  },
  "best_epoch": null
}