{
  "train": {
    "qwk": 0.5727052978920791,
    "accuracy": 0.40700483091787437,
    "adjacent_accuracy": 0.8478260869565217,
    "mae": 0.7669082125603864,
    "raw_exact": 0.16666666666666666,
    "raw_within1": 0.4746376811594203,
    "raw_mae": 2.138888888888889,
    "pct_mae": 18.846762134805612
  },
  "val": {
    "qwk": 0.5501103543204309,
    "accuracy": 0.3707865168539326,
    "adjacent_accuracy": 0.848314606741573,
    "mae": 0.8033707865168539,
    "raw_exact": 0.12359550561797752,
    "raw_within1": 0.43258426966292135,
    "raw_mae": 2.297752808988764,
    "pct_mae": 20.60794542536115
  },
  "test": {
    "qwk": 0.5778720299174533,
    "accuracy": 0.47191011235955055,
    "adjacent_accuracy": 0.8426966292134831,
    "mae": 0.7191011235955056,
    "raw_exact": 0.15730337078651685,
    "raw_within1": 0.550561797752809,
    "raw_mae": 2.191011235955056,
    "pct_mae": 18.861021936864635
  },
  "best_epoch": null,
  "calibrated_cuts": [
    0.19,
    0.61,
    0.62,
    0.79
  ]
}