{
  "train": {
    "qwk": 0.5726011921930584,
    "accuracy": 0.4449685534591195,
    "adjacent_accuracy": 0.8474842767295597,
    "mae": 0.7154088050314465,
    "raw_exact": 0.3474842767295597,
    "raw_within1": 0.5518867924528302,
    "raw_mae": 2.0440251572327046,
    "pct_mae": 16.84916891284816
  },
  "val": {
    "qwk": 0.6103565365025467,
    "accuracy": 0.5147058823529411,
    "adjacent_accuracy": 0.8308823529411765,
    "mae": 0.6544117647058824,
    "raw_exact": 0.3382352941176471,
    "raw_within1": 0.5441176470588235,
    "raw_mae": 2.1691176470588234,
    "pct_mae": 17.84313725490196
  },
  "test": {
    "qwk": 0.566937716640143,
    "accuracy": 0.46715328467153283,
    "adjacent_accuracy": 0.8248175182481752,
    "mae": 0.708029197080292,
    "raw_exact": 0.30656934306569344,
    "raw_within1": 0.5328467153284672,
    "raw_mae": 2.2116788321167884,
    "pct_mae": 17.62773722627737
  },
  "best_epoch": null,
  "calibrated_cuts": [
    0.25,
    0.52,
    0.65,
    0.87
  ]
}