{
  "train": {
    "qwk": 0.9341422783138786,
    "accuracy": 0.8450479233226837,
    "adjacent_accuracy": 0.9936102236421726,
    "mae": 0.16134185303514376,
    "raw_exact": 0.5303514376996805,
    "raw_within1": 0.8722044728434505,
    "raw_mae": 0.6837060702875399,
    "pct_mae": 5.644492621329683
  },
  "val": {
    "qwk": 0.8836132020845396,
    "accuracy": 0.835820895522388,
    "adjacent_accuracy": 0.9701492537313433,
    "mae": 0.20149253731343283,
    "raw_exact": 0.47761194029850745,
    "raw_within1": 0.7686567164179104,
    "raw_mae": 1.0820895522388059,
    "pct_mae": 8.588308457711442
  },
  "test": {
    "qwk": 0.8236781124921002,
    "accuracy": 0.7481481481481481,
    "adjacent_accuracy": 0.9555555555555556,
    "mae": 0.3111111111111111,
    "raw_exact": 0.5407407407407407,
    "raw_within1": 0.7925925925925926,
    "raw_mae": 0.9925925925925926,
    "pct_mae": 7.888888888888889
  },
  "best_epoch": null
}