{
  "train": {
    "qwk": 0.8505356432385172,
    "accuracy": 0.6956521739130435,
    "adjacent_accuracy": 0.9830917874396136,
    "mae": 0.321256038647343,
    "raw_exact": 0.5531400966183575,
    "raw_within1": 0.8140096618357487,
    "raw_mae": 0.7681159420289855,
    "pct_mae": 6.815763745111571
  },
  "val": {
    "qwk": 0.7597909727805214,
    "accuracy": 0.6235955056179775,
    "adjacent_accuracy": 0.949438202247191,
    "mae": 0.42696629213483145,
    "raw_exact": 0.46629213483146065,
    "raw_within1": 0.6404494382022472,
    "raw_mae": 1.3426966292134832,
    "pct_mae": 11.638576779026218
  },
  "test": {
    "qwk": 0.7613564668769717,
    "accuracy": 0.6853932584269663,
    "adjacent_accuracy": 0.9325842696629213,
    "mae": 0.39325842696629215,
    "raw_exact": 0.47752808988764045,
    "raw_within1": 0.7696629213483146,
    "raw_mae": 1.1348314606741574,
    "pct_mae": 9.185393258426968
  },
  "best_epoch": null,
  "calibrated_cuts": [
    0.08,
    0.42000000000000004,
    0.56,
    0.9
  ]
}