{
  "train": {
    "qwk": 0.904617299262451,
    "cohen_kappa": 0.6825173343022375,
    "accuracy": 0.7859424920127795,
    "precision_macro": 0.6143729023140787,
    "recall_macro": 0.5782190857949093,
    "f1_macro": 0.5836373830914636,
    "adjacent_accuracy": 0.9952076677316294,
    "mae": 0.21884984025559107,
    "raw_exact": 0.19808306709265175,
    "raw_within1": 0.8514376996805112,
    "raw_mae": 0.9792332268370607,
    "pct_mae": 9.78548607941579
  },
  "val": {
    "qwk": 0.743087790110999,
    "cohen_kappa": 0.46681521566130824,
    "accuracy": 0.6268656716417911,
    "precision_macro": 0.5178021978021978,
    "recall_macro": 0.46133443617314585,
    "f1_macro": 0.4499992050350807,
    "adjacent_accuracy": 0.9477611940298507,
    "mae": 0.43283582089552236,
    "raw_exact": 0.1865671641791045,
    "raw_within1": 0.6716417910447762,
    "raw_mae": 1.5746268656716418,
    "pct_mae": 13.86904761904762
  },
  "test": {
    "qwk": 0.8062750820868296,
    "cohen_kappa": 0.4674976333228148,
    "accuracy": 0.6296296296296297,
    "precision_macro": 0.4852885391159111,
    "recall_macro": 0.4278071032909742,
    "f1_macro": 0.42779922779922785,
    "adjacent_accuracy": 0.9777777777777777,
    "mae": 0.3925925925925926,
    "raw_exact": 0.13333333333333333,
    "raw_within1": 0.6962962962962963,
    "raw_mae": 1.4814814814814814,
    "pct_mae": 13.38183421516755
  },
  "best_epoch": null
}