{
  "train": {
    "qwk": 0.9097959929636991,
    "cohen_kappa": 0.6936107795625477,
    "accuracy": 0.789308176100629,
    "precision_macro": 0.8065849631699263,
    "recall_macro": 0.7095486025986539,
    "f1_macro": 0.7368948111078504,
    "adjacent_accuracy": 0.9921383647798742,
    "mae": 0.21855345911949686,
    "raw_exact": 0.20754716981132076,
    "raw_within1": 0.8411949685534591,
    "raw_mae": 0.9921383647798742,
    "pct_mae": 9.400643905360887
  },
  "val": {
    "qwk": 0.8441955193482689,
    "cohen_kappa": 0.46887204226969914,
    "accuracy": 0.625,
    "precision_macro": 0.6705627705627706,
    "recall_macro": 0.5493355390129583,
    "f1_macro": 0.5828051492790125,
    "adjacent_accuracy": 0.9926470588235294,
    "mae": 0.38235294117647056,
    "raw_exact": 0.18382352941176472,
    "raw_within1": 0.7058823529411765,
    "raw_mae": 1.4411764705882353,
    "pct_mae": 13.21516106442577
  },
  "test": {
    "qwk": 0.7819725034260201,
    "cohen_kappa": 0.4693552061973115,
    "accuracy": 0.6277372262773723,
    "precision_macro": 0.5197827329902802,
    "recall_macro": 0.4528185076572173,
    "f1_macro": 0.4609831932773109,
    "adjacent_accuracy": 0.948905109489051,
    "mae": 0.4233576642335766,
    "raw_exact": 0.16058394160583941,
    "raw_within1": 0.6788321167883211,
    "raw_mae": 1.562043795620438,
    "pct_mae": 13.945081682307958
  },
  "best_epoch": null
}