{
  "train": {
    "qwk": 0.9188078434687064,
    "accuracy": 0.809748427672956,
    "adjacent_accuracy": 0.9874213836477987,
    "mae": 0.2028301886792453,
    "raw_exact": 0.5455974842767296,
    "raw_within1": 0.8852201257861635,
    "raw_mae": 0.64937106918239,
    "pct_mae": 5.334119496855346
  },
  "val": {
    "qwk": 0.8986189579409918,
    "accuracy": 0.7867647058823529,
    "adjacent_accuracy": 0.9779411764705882,
    "mae": 0.23529411764705882,
    "raw_exact": 0.5367647058823529,
    "raw_within1": 0.7867647058823529,
    "raw_mae": 1.0220588235294117,
    "pct_mae": 8.308823529411764
  },
  "test": {
    "qwk": 0.7819859961807766,
    "accuracy": 0.7518248175182481,
    "adjacent_accuracy": 0.9124087591240876,
    "mae": 0.35036496350364965,
    "raw_exact": 0.48905109489051096,
    "raw_within1": 0.7445255474452555,
    "raw_mae": 1.2043795620437956,
    "pct_mae": 9.063260340632604
  },
  "best_epoch": null,
  "calibrated_cuts": [
    0.06999999999999999,
    0.375,
    0.8200000000000001,
    0.89
  ]
}