{
  "train": {
    "qwk": 0.6654524730406424,
    "accuracy": 0.5063897763578274,
    "adjacent_accuracy": 0.8945686900958466,
    "mae": 0.6054313099041534,
    "raw_exact": 0.31789137380191695,
    "raw_within1": 0.597444089456869,
    "raw_mae": 1.7156549520766773,
    "pct_mae": 14.999049140422944
  },
  "val": {
    "qwk": 0.6258279579202564,
    "accuracy": 0.5373134328358209,
    "adjacent_accuracy": 0.8582089552238806,
    "mae": 0.6194029850746269,
    "raw_exact": 0.2537313432835821,
    "raw_within1": 0.5671641791044776,
    "raw_mae": 2.029850746268657,
    "pct_mae": 16.93496801705757
  },
  "test": {
    "qwk": 0.6751794005909666,
    "accuracy": 0.5185185185185185,
    "adjacent_accuracy": 0.9037037037037037,
    "mae": 0.5925925925925926,
    "raw_exact": 0.31851851851851853,
    "raw_within1": 0.6296296296296297,
    "raw_mae": 1.6592592592592592,
    "pct_mae": 14.253086419753085
  },
  "best_epoch": null,
  "calibrated_cuts": [
    0.31,
    0.38,
    0.66,
    0.86
  ]
}