{
  "train": {
    "qwk": 0.8421994935506845,
    "accuracy": 0.7374213836477987,
    "adjacent_accuracy": 0.9481132075471698,
    "mae": 0.32547169811320753,
    "raw_exact": 0.5141509433962265,
    "raw_within1": 0.7672955974842768,
    "raw_mae": 1.04874213836478,
    "pct_mae": 8.505353399221322
  },
  "val": {
    "qwk": 0.8564189189189189,
    "accuracy": 0.7720588235294118,
    "adjacent_accuracy": 0.9411764705882353,
    "mae": 0.2867647058823529,
    "raw_exact": 0.5955882352941176,
    "raw_within1": 0.75,
    "raw_mae": 1.1176470588235294,
    "pct_mae": 8.731617647058822
  },
  "test": {
    "qwk": 0.6652985439265122,
    "accuracy": 0.6642335766423357,
    "adjacent_accuracy": 0.8686131386861314,
    "mae": 0.5036496350364964,
    "raw_exact": 0.45985401459854014,
    "raw_within1": 0.6277372262773723,
    "raw_mae": 1.7226277372262773,
    "pct_mae": 12.804136253041362
  },
  "best_epoch": null,
  "calibrated_cuts": [
    0.18000000000000002,
    0.44,
    0.65,
    0.8200000000000001
  ]
}