{
  "train": {
    "qwk": 0.6984973646868031,
    "accuracy": 0.5408805031446541,
    "adjacent_accuracy": 0.9229559748427673,
    "mae": 0.539308176100629,
    "raw_exact": 0.36163522012578614,
    "raw_within1": 0.6477987421383647,
    "raw_mae": 1.6053459119496856,
    "pct_mae": 13.449011680143755
  },
  "val": {
    "qwk": 0.7757793764988009,
    "accuracy": 0.6470588235294118,
    "adjacent_accuracy": 0.9411764705882353,
    "mae": 0.41911764705882354,
    "raw_exact": 0.4117647058823529,
    "raw_within1": 0.6764705882352942,
    "raw_mae": 1.6102941176470589,
    "pct_mae": 12.996323529411766
  },
  "test": {
    "qwk": 0.6446381417521557,
    "accuracy": 0.5474452554744526,
    "adjacent_accuracy": 0.9051094890510949,
    "mae": 0.5620437956204379,
    "raw_exact": 0.29927007299270075,
    "raw_within1": 0.6277372262773723,
    "raw_mae": 1.8394160583941606,
    "pct_mae": 14.98870351060132
  },
  "best_epoch": null,
  "calibrated_cuts": [
    0.26,
    0.34,
    0.67,
    0.91
  ]
}