{
  "train": {
    "qwk": 0.936777414019643,
    "accuracy": 0.8578274760383386,
    "adjacent_accuracy": 0.9936102236421726,
    "mae": 0.1485623003194888,
    "raw_exact": 0.6837060702875399,
    "raw_within1": 0.902555910543131,
    "raw_mae": 0.4776357827476038,
    "pct_mae": 3.945686900958467
  },
  "val": {
    "qwk": 0.8445614348175248,
    "accuracy": 0.7761194029850746,
    "adjacent_accuracy": 0.9701492537313433,
    "mae": 0.26865671641791045,
    "raw_exact": 0.5970149253731343,
    "raw_within1": 0.7611940298507462,
    "raw_mae": 1.0671641791044777,
    "pct_mae": 8.320895522388058
  },
  "test": {
    "qwk": 0.8251564043463945,
    "accuracy": 0.7333333333333333,
    "adjacent_accuracy": 0.9555555555555556,
    "mae": 0.31851851851851853,
    "raw_exact": 0.6148148148148148,
    "raw_within1": 0.7555555555555555,
    "raw_mae": 1.037037037037037,
    "pct_mae": 7.9444444444444455
  },
  "best_epoch": null,
  "calibrated_cuts": [
    0.01,
    0.375,
    0.62,
    0.85
  ]
}