{
  "train": {
    "qwk": 0.5986028541833374,
    "accuracy": 0.4166666666666667,
    "adjacent_accuracy": 0.8913043478260869,
    "mae": 0.7004830917874396,
    "raw_exact": 0.27657004830917875,
    "raw_within1": 0.5579710144927537,
    "raw_mae": 1.8623188405797102,
    "pct_mae": 16.140585461237634
  },
  "val": {
    "qwk": 0.5944979525924217,
    "accuracy": 0.43258426966292135,
    "adjacent_accuracy": 0.8932584269662921,
    "mae": 0.6741573033707865,
    "raw_exact": 0.25842696629213485,
    "raw_within1": 0.5561797752808989,
    "raw_mae": 1.9213483146067416,
    "pct_mae": 16.9649545211343
  },
  "test": {
    "qwk": 0.6009382370474043,
    "accuracy": 0.5112359550561798,
    "adjacent_accuracy": 0.8764044943820225,
    "mae": 0.6348314606741573,
    "raw_exact": 0.29775280898876405,
    "raw_within1": 0.601123595505618,
    "raw_mae": 1.9719101123595506,
    "pct_mae": 16.35032102728732
  },
  "best_epoch": null,
  "calibrated_cuts": [
    0.37,
    0.47000000000000003,
    0.625,
    0.89
  ]
}