{
  "train": {
    "qwk": 0.9084414426463376,
    "accuracy": 0.7751572327044025,
    "adjacent_accuracy": 0.9937106918238994,
    "mae": 0.23113207547169812,
    "raw_exact": 0.4827044025157233,
    "raw_within1": 0.7955974842767296,
    "raw_mae": 0.860062893081761,
    "pct_mae": 7.470238095238095
  },
  "val": {
    "qwk": 0.8668407310704961,
    "accuracy": 0.7132352941176471,
    "adjacent_accuracy": 0.9779411764705882,
    "mae": 0.3088235294117647,
    "raw_exact": 0.5,
    "raw_within1": 0.7132352941176471,
    "raw_mae": 1.2573529411764706,
    "pct_mae": 10.275735294117645
  },
  "test": {
    "qwk": 0.7631318952741644,
    "accuracy": 0.6788321167883211,
    "adjacent_accuracy": 0.927007299270073,
    "mae": 0.40875912408759124,
    "raw_exact": 0.46715328467153283,
    "raw_within1": 0.6934306569343066,
    "raw_mae": 1.4817518248175183,
    "pct_mae": 11.319951338199512
  },
  "best_epoch": null,
  "calibrated_cuts": [
    0.125,
    0.27,
    0.6,
    0.875
  ]
}