{
  "train": {
    "qwk": 0.41496194129032415,
    "accuracy": 0.39855072463768115,
    "adjacent_accuracy": 0.7572463768115942,
    "mae": 0.8659420289855072,
    "raw_exact": 0.14492753623188406,
    "raw_within1": 0.36835748792270534,
    "raw_mae": 2.353864734299517,
    "pct_mae": 21.322751322751323
  },
  "val": {
    "qwk": 0.40021739130434775,
    "accuracy": 0.4550561797752809,
    "adjacent_accuracy": 0.7640449438202247,
    "mae": 0.8089887640449438,
    "raw_exact": 0.12921348314606743,
    "raw_within1": 0.3258426966292135,
    "raw_mae": 2.50561797752809,
    "pct_mae": 22.620385232744784
  },
  "test": {
    "qwk": 0.4362807195338232,
    "accuracy": 0.42134831460674155,
    "adjacent_accuracy": 0.7528089887640449,
    "mae": 0.8426966292134831,
    "raw_exact": 0.15168539325842698,
    "raw_within1": 0.3651685393258427,
    "raw_mae": 2.393258426966292,
    "pct_mae": 21.692081326912792
  },
  "best_epoch": null,
  "calibrated_cuts": [
    0.29000000000000004,
    0.65,
    0.6900000000000001,
    0.7000000000000001
  ]
}