{
  "train": {
    "qwk": 0.8400170998848074,
    "accuracy": 0.6654589371980676,
    "adjacent_accuracy": 0.9637681159420289,
    "mae": 0.37077294685990336,
    "raw_exact": 0.40096618357487923,
    "raw_within1": 0.7536231884057971,
    "raw_mae": 1.0458937198067633,
    "pct_mae": 9.077237175063264
  },
  "val": {
    "qwk": 0.7901954323084333,
    "accuracy": 0.6460674157303371,
    "adjacent_accuracy": 0.9438202247191011,
    "mae": 0.4101123595505618,
    "raw_exact": 0.3707865168539326,
    "raw_within1": 0.6573033707865169,
    "raw_mae": 1.3764044943820224,
    "pct_mae": 11.835205992509364
  },
  "test": {
    "qwk": 0.7530185004868549,
    "accuracy": 0.6629213483146067,
    "adjacent_accuracy": 0.9269662921348315,
    "mae": 0.42696629213483145,
    "raw_exact": 0.43820224719101125,
    "raw_within1": 0.7134831460674157,
    "raw_mae": 1.2865168539325842,
    "pct_mae": 10.46816479400749
  },
  "best_epoch": null,
  "calibrated_cuts": [
    0.21000000000000002,
    0.35000000000000003,
    0.64,
    0.8300000000000001
  ]
}