{
  "train": {
    "qwk": 0.76418138424821,
    "accuracy": 0.5615942028985508,
    "adjacent_accuracy": 0.9408212560386473,
    "mae": 0.5036231884057971,
    "raw_exact": 0.3852657004830918,
    "raw_within1": 0.6763285024154589,
    "raw_mae": 1.3091787439613527,
    "pct_mae": 11.057050839659537
  },
  "val": {
    "qwk": 0.6865403650928846,
    "accuracy": 0.5617977528089888,
    "adjacent_accuracy": 0.8876404494382022,
    "mae": 0.5674157303370787,
    "raw_exact": 0.34831460674157305,
    "raw_within1": 0.6179775280898876,
    "raw_mae": 1.6797752808988764,
    "pct_mae": 14.274344569288392
  },
  "test": {
    "qwk": 0.6614000537105005,
    "accuracy": 0.5786516853932584,
    "adjacent_accuracy": 0.898876404494382,
    "mae": 0.5617977528089888,
    "raw_exact": 0.3707865168539326,
    "raw_within1": 0.6797752808988764,
    "raw_mae": 1.5337078651685394,
    "pct_mae": 12.401685393258429
  },
  "best_epoch": null,
  "calibrated_cuts": [
    0.36000000000000004,
    0.375,
    0.59,
    0.87
  ]
}