{
  "train": {
    "qwk": 0.8222494887525562,
    "accuracy": 0.7091194968553459,
    "adjacent_accuracy": 0.9355345911949685,
    "mae": 0.36163522012578614,
    "raw_exact": 0.4386792452830189,
    "raw_within1": 0.7012578616352201,
    "raw_mae": 1.2531446540880504,
    "pct_mae": 9.985961365678346
  },
  "val": {
    "qwk": 0.8621902722545121,
    "accuracy": 0.7205882352941176,
    "adjacent_accuracy": 0.9632352941176471,
    "mae": 0.3161764705882353,
    "raw_exact": 0.5220588235294118,
    "raw_within1": 0.7132352941176471,
    "raw_mae": 1.1985294117647058,
    "pct_mae": 9.417892156862745
  },
  "test": {
    "qwk": 0.65114767124772,
    "accuracy": 0.6277372262773723,
    "adjacent_accuracy": 0.8540145985401459,
    "mae": 0.5620437956204379,
    "raw_exact": 0.41605839416058393,
    "raw_within1": 0.635036496350365,
    "raw_mae": 1.832116788321168,
    "pct_mae": 13.710462287104622
  },
  "best_epoch": null,
  "calibrated_cuts": [
    0.09999999999999999,
    0.46,
    0.67,
    0.81
  ]
}