{
  "train": {
    "qwk": 0.9022416191263329,
    "accuracy": 0.7594339622641509,
    "adjacent_accuracy": 0.9842767295597484,
    "mae": 0.2562893081761006,
    "raw_exact": 0.5440251572327044,
    "raw_within1": 0.839622641509434,
    "raw_mae": 0.75,
    "pct_mae": 6.184486373165618
  },
  "val": {
    "qwk": 0.8818016928657799,
    "accuracy": 0.7279411764705882,
    "adjacent_accuracy": 0.9779411764705882,
    "mae": 0.29411764705882354,
    "raw_exact": 0.5073529411764706,
    "raw_within1": 0.7279411764705882,
    "raw_mae": 1.1029411764705883,
    "pct_mae": 9.12377450980392
  },
  "test": {
    "qwk": 0.7383311448012415,
    "accuracy": 0.656934306569343,
    "adjacent_accuracy": 0.9051094890510949,
    "mae": 0.45255474452554745,
    "raw_exact": 0.41605839416058393,
    "raw_within1": 0.656934306569343,
    "raw_mae": 1.5693430656934306,
    "pct_mae": 11.8978102189781
  },
  "best_epoch": null,
  "calibrated_cuts": [
    0.125,
    0.5,
    0.64,
    0.91
  ]
}