{
  "train": {
    "qwk": 0.9113866330829027,
    "accuracy": 0.8176100628930818,
    "adjacent_accuracy": 0.9827044025157232,
    "mae": 0.20125786163522014,
    "raw_exact": 0.5550314465408805,
    "raw_within1": 0.8144654088050315,
    "raw_mae": 0.7971698113207547,
    "pct_mae": 6.542565139263251
  },
  "val": {
    "qwk": 0.897068196303378,
    "accuracy": 0.8088235294117647,
    "adjacent_accuracy": 0.9705882352941176,
    "mae": 0.22058823529411764,
    "raw_exact": 0.5661764705882353,
    "raw_within1": 0.7647058823529411,
    "raw_mae": 0.9411764705882353,
    "pct_mae": 7.757352941176471
  },
  "test": {
    "qwk": 0.7799285169270311,
    "accuracy": 0.7445255474452555,
    "adjacent_accuracy": 0.927007299270073,
    "mae": 0.35036496350364965,
    "raw_exact": 0.5547445255474452,
    "raw_within1": 0.7372262773722628,
    "raw_mae": 1.2919708029197081,
    "pct_mae": 9.64720194647202
  },
  "best_epoch": null,
  "calibrated_cuts": [
    0.125,
    0.28,
    0.625,
    0.8300000000000001
  ]
}