{
  "train": {
    "qwk": 0.9128846680668432,
    "cohen_kappa": 0.6979448506130908,
    "accuracy": 0.7924528301886793,
    "precision_macro": 0.8086708940375645,
    "recall_macro": 0.7116029417021734,
    "f1_macro": 0.7391426709053983,
    "adjacent_accuracy": 0.9937106918238994,
    "mae": 0.2138364779874214,
    "raw_exact": 0.21540880503144655,
    "raw_within1": 0.8490566037735849,
    "raw_mae": 0.9748427672955975,
    "pct_mae": 9.405884995507636
  },
  "val": {
    "qwk": 0.8246503496503497,
    "cohen_kappa": 0.47563232572486114,
    "accuracy": 0.6323529411764706,
    "precision_macro": 0.6828495034377388,
    "recall_macro": 0.545315687896333,
    "f1_macro": 0.5803099344448318,
    "adjacent_accuracy": 0.9779411764705882,
    "mae": 0.3897058823529412,
    "raw_exact": 0.13970588235294118,
    "raw_within1": 0.7058823529411765,
    "raw_mae": 1.5073529411764706,
    "pct_mae": 13.968837535014005
  },
  "test": {
    "qwk": 0.8153516427671844,
    "cohen_kappa": 0.5180114722753346,
    "accuracy": 0.6642335766423357,
    "precision_macro": 0.5437327188940093,
    "recall_macro": 0.4841316389703486,
    "f1_macro": 0.4896218843113324,
    "adjacent_accuracy": 0.9635036496350365,
    "mae": 0.3722627737226277,
    "raw_exact": 0.1678832116788321,
    "raw_within1": 0.6715328467153284,
    "raw_mae": 1.5401459854014599,
    "pct_mae": 13.774765380604794
  },
  "best_epoch": null
}