{
  "train": {
    "qwk": 0.6827615394928117,
    "accuracy": 0.532608695652174,
    "adjacent_accuracy": 0.9371980676328503,
    "mae": 0.5398550724637681,
    "raw_exact": 0.2741545893719807,
    "raw_within1": 0.5797101449275363,
    "raw_mae": 1.6340579710144927,
    "pct_mae": 14.480963883137795
  },
  "val": {
    "qwk": 0.664379483399019,
    "accuracy": 0.5449438202247191,
    "adjacent_accuracy": 0.9213483146067416,
    "mae": 0.5449438202247191,
    "raw_exact": 0.30337078651685395,
    "raw_within1": 0.550561797752809,
    "raw_mae": 1.7921348314606742,
    "pct_mae": 15.53370786516854
  },
  "test": {
    "qwk": 0.6577321990444005,
    "accuracy": 0.5674157303370787,
    "adjacent_accuracy": 0.9157303370786517,
    "mae": 0.5280898876404494,
    "raw_exact": 0.3595505617977528,
    "raw_within1": 0.5786516853932584,
    "raw_mae": 1.6348314606741574,
    "pct_mae": 13.572097378277153
  },
  "best_epoch": null,
  "calibrated_cuts": [
    0.33,
    0.48000000000000004,
    0.61,
    0.85
  ]
}