{
  "train": {
    "qwk": 0.8934640241275312,
    "cohen_kappa": 0.6484233062698359,
    "accuracy": 0.7619808306709265,
    "precision_macro": 0.5987056668368419,
    "recall_macro": 0.5579738559674479,
    "f1_macro": 0.5631993717503917,
    "adjacent_accuracy": 0.9952076677316294,
    "mae": 0.24281150159744408,
    "raw_exact": 0.26517571884984026,
    "raw_within1": 0.8482428115015974,
    "raw_mae": 0.9073482428115016,
    "pct_mae": 8.257264567168718
  },
  "val": {
    "qwk": 0.7490636704119851,
    "cohen_kappa": 0.4512953775887866,
    "accuracy": 0.6119402985074627,
    "precision_macro": 0.5159420849420849,
    "recall_macro": 0.45309070857457956,
    "f1_macro": 0.4413238478799816,
    "adjacent_accuracy": 0.9477611940298507,
    "mae": 0.44029850746268656,
    "raw_exact": 0.2462686567164179,
    "raw_within1": 0.6268656716417911,
    "raw_mae": 1.5895522388059702,
    "pct_mae": 13.284470504619758
  },
  "test": {
    "qwk": 0.7759197324414716,
    "cohen_kappa": 0.417829700486122,
    "accuracy": 0.5925925925925926,
    "precision_macro": 0.46677715451300356,
    "recall_macro": 0.3955490387748452,
    "f1_macro": 0.40216959511077155,
    "adjacent_accuracy": 0.9703703703703703,
    "mae": 0.43703703703703706,
    "raw_exact": 0.1925925925925926,
    "raw_within1": 0.6814814814814815,
    "raw_mae": 1.4370370370370371,
    "pct_mae": 12.38800705467372
  },
  "best_epoch": null
}