{
  "train": {
    "qwk": 0.9036437177722099,
    "cohen_kappa": 0.6802279383385929,
    "accuracy": 0.7843450479233227,
    "precision_macro": 0.6141326399738825,
    "recall_macro": 0.57702288793837,
    "f1_macro": 0.5820169312521297,
    "adjacent_accuracy": 0.9952076677316294,
    "mae": 0.22044728434504793,
    "raw_exact": 0.22523961661341854,
    "raw_within1": 0.8594249201277955,
    "raw_mae": 0.9408945686900958,
    "pct_mae": 9.330214513920582
  },
  "val": {
    "qwk": 0.7665272799681402,
    "cohen_kappa": 0.5262735015265949,
    "accuracy": 0.6716417910447762,
    "precision_macro": 0.5402799112476532,
    "recall_macro": 0.4945795423214778,
    "f1_macro": 0.47913375395820423,
    "adjacent_accuracy": 0.9477611940298507,
    "mae": 0.3880597014925373,
    "raw_exact": 0.19402985074626866,
    "raw_within1": 0.6567164179104478,
    "raw_mae": 1.5522388059701493,
    "pct_mae": 13.781982942430703
  },
  "test": {
    "qwk": 0.8037790697674418,
    "cohen_kappa": 0.4854284126101802,
    "accuracy": 0.6444444444444445,
    "precision_macro": 0.48939393939393944,
    "recall_macro": 0.43386770935158026,
    "f1_macro": 0.4343227237685519,
    "adjacent_accuracy": 0.9703703703703703,
    "mae": 0.3851851851851852,
    "raw_exact": 0.14814814814814814,
    "raw_within1": 0.6962962962962963,
    "raw_mae": 1.474074074074074,
    "pct_mae": 13.12874779541446
  },
  "best_epoch": null
}