{
  "train": {
    "qwk": 0.4334120313532911,
    "cohen_kappa": 0.14793673178314448,
    "accuracy": 0.34276729559748426,
    "precision_macro": 0.30810106073263965,
    "recall_macro": 0.2717969630042296,
    "f1_macro": 0.2633023353050867,
    "adjacent_accuracy": 0.7327044025157232,
    "mae": 0.9874213836477987,
    "raw_exact": 0.15880503144654087,
    "raw_within1": 0.4528301886792453,
    "raw_mae": 2.770440251572327,
    "pct_mae": 24.39690026954178
  },
  "val": {
    "qwk": 0.4542848953854972,
    "cohen_kappa": 0.15852357584809051,
    "accuracy": 0.3602941176470588,
    "precision_macro": 0.2911142432072665,
    "recall_macro": 0.278654535428729,
    "f1_macro": 0.2622837733463354,
    "adjacent_accuracy": 0.7867647058823529,
    "mae": 0.9264705882352942,
    "raw_exact": 0.16911764705882354,
    "raw_within1": 0.5294117647058824,
    "raw_mae": 2.448529411764706,
    "pct_mae": 21.818102240896362
  },
  "test": {
    "qwk": 0.444153339519313,
    "cohen_kappa": 0.12961812029555975,
    "accuracy": 0.3284671532846715,
    "precision_macro": 0.3050183618597941,
    "recall_macro": 0.262039752362333,
    "f1_macro": 0.2585581611947587,
    "adjacent_accuracy": 0.7664233576642335,
    "mae": 0.9562043795620438,
    "raw_exact": 0.15328467153284672,
    "raw_within1": 0.4744525547445255,
    "raw_mae": 2.591240875912409,
    "pct_mae": 22.758950295446645
  },
  "best_epoch": null
}