{
  "train": {
    "qwk": 0.6489058424709696,
    "accuracy": 0.47946859903381644,
    "adjacent_accuracy": 0.9045893719806763,
    "mae": 0.6364734299516909,
    "raw_exact": 0.30676328502415456,
    "raw_within1": 0.5483091787439613,
    "raw_mae": 1.7415458937198067,
    "pct_mae": 14.766793190706235
  },
  "val": {
    "qwk": 0.6573436995454432,
    "accuracy": 0.47191011235955055,
    "adjacent_accuracy": 0.9044943820224719,
    "mae": 0.6348314606741573,
    "raw_exact": 0.33146067415730335,
    "raw_within1": 0.5449438202247191,
    "raw_mae": 1.8651685393258426,
    "pct_mae": 15.683520599250937
  },
  "test": {
    "qwk": 0.6237264641330715,
    "accuracy": 0.5224719101123596,
    "adjacent_accuracy": 0.8820224719101124,
    "mae": 0.6348314606741573,
    "raw_exact": 0.398876404494382,
    "raw_within1": 0.601123595505618,
    "raw_mae": 1.6797752808988764,
    "pct_mae": 13.53932584269663
  },
  "best_epoch": null,
  "calibrated_cuts": [
    0.34,
    0.5700000000000001,
    0.65,
    0.86
  ]
}