{
  "train": {
    "qwk": 0.9008868782334103,
    "accuracy": 0.7877358490566038,
    "adjacent_accuracy": 0.9858490566037735,
    "mae": 0.2279874213836478,
    "raw_exact": 0.48427672955974843,
    "raw_within1": 0.8427672955974843,
    "raw_mae": 0.8050314465408805,
    "pct_mae": 6.902702905061396
  },
  "val": {
    "qwk": 0.8938198553583169,
    "accuracy": 0.7647058823529411,
    "adjacent_accuracy": 0.9852941176470589,
    "mae": 0.25,
    "raw_exact": 0.5,
    "raw_within1": 0.7941176470588235,
    "raw_mae": 1.036764705882353,
    "pct_mae": 8.66421568627451
  },
  "test": {
    "qwk": 0.7500751759116332,
    "accuracy": 0.6861313868613139,
    "adjacent_accuracy": 0.9197080291970803,
    "mae": 0.41605839416058393,
    "raw_exact": 0.45255474452554745,
    "raw_within1": 0.708029197080292,
    "raw_mae": 1.4744525547445255,
    "pct_mae": 11.094890510948904
  },
  "best_epoch": null,
  "calibrated_cuts": [
    0.125,
    0.39,
    0.625,
    0.92
  ]
}