{
  "train": {
    "qwk": 0.3838273338059712,
    "accuracy": 0.28743961352657005,
    "adjacent_accuracy": 0.7741545893719807,
    "mae": 0.966183574879227,
    "raw_exact": 0.1751207729468599,
    "raw_within1": 0.4190821256038647,
    "raw_mae": 2.3260869565217392,
    "pct_mae": 20.745054060271453
  },
  "val": {
    "qwk": 0.3492511724068378,
    "accuracy": 0.3258426966292135,
    "adjacent_accuracy": 0.7471910112359551,
    "mae": 0.9662921348314607,
    "raw_exact": 0.14606741573033707,
    "raw_within1": 0.3651685393258427,
    "raw_mae": 2.5168539325842696,
    "pct_mae": 22.634430176565008
  },
  "test": {
    "qwk": 0.38527854802117467,
    "accuracy": 0.29775280898876405,
    "adjacent_accuracy": 0.7584269662921348,
    "mae": 0.9662921348314607,
    "raw_exact": 0.16292134831460675,
    "raw_within1": 0.398876404494382,
    "raw_mae": 2.4213483146067416,
    "pct_mae": 21.439272338148744
  },
  "best_epoch": null,
  "calibrated_cuts": [
    0.5800000000000001,
    0.7000000000000001,
    0.7100000000000001,
    0.73
  ]
}