{
  "train": {
    "qwk": 0.8668370802473182,
    "accuracy": 0.7452830188679245,
    "adjacent_accuracy": 0.9669811320754716,
    "mae": 0.2893081761006289,
    "raw_exact": 0.5031446540880503,
    "raw_within1": 0.7908805031446541,
    "raw_mae": 0.9512578616352201,
    "pct_mae": 7.670709793351303
  },
  "val": {
    "qwk": 0.8315035071668191,
    "accuracy": 0.7205882352941176,
    "adjacent_accuracy": 0.9338235294117647,
    "mae": 0.34558823529411764,
    "raw_exact": 0.41911764705882354,
    "raw_within1": 0.7058823529411765,
    "raw_mae": 1.338235294117647,
    "pct_mae": 11.133578431372548
  },
  "test": {
    "qwk": 0.6849431130476882,
    "accuracy": 0.6496350364963503,
    "adjacent_accuracy": 0.8759124087591241,
    "mae": 0.49635036496350365,
    "raw_exact": 0.45255474452554745,
    "raw_within1": 0.6934306569343066,
    "raw_mae": 1.5912408759124088,
    "pct_mae": 12.031630170316303
  },
  "best_epoch": null,
  "calibrated_cuts": [
    0.06999999999999999,
    0.38,
    0.77,
    0.875
  ]
}