{
  "train": {
    "qwk": 0.6292795967621367,
    "accuracy": 0.6147798742138365,
    "adjacent_accuracy": 0.8490566037735849,
    "mae": 0.5738993710691824,
    "raw_exact": 0.26257861635220126,
    "raw_within1": 0.60062893081761,
    "raw_mae": 1.8852201257861636,
    "pct_mae": 16.47218478586403
  },
  "val": {
    "qwk": 0.7143919119833482,
    "accuracy": 0.6838235294117647,
    "adjacent_accuracy": 0.8897058823529411,
    "mae": 0.4632352941176471,
    "raw_exact": 0.27941176470588236,
    "raw_within1": 0.6176470588235294,
    "raw_mae": 1.838235294117647,
    "pct_mae": 16.205357142857142
  },
  "test": {
    "qwk": 0.6160634428477729,
    "accuracy": 0.6204379562043796,
    "adjacent_accuracy": 0.8321167883211679,
    "mae": 0.5766423357664233,
    "raw_exact": 0.2116788321167883,
    "raw_within1": 0.6277372262773723,
    "raw_mae": 1.905109489051095,
    "pct_mae": 16.226103580118178
  },
  "best_epoch": null,
  "calibrated_cuts": [
    0.17,
    0.41000000000000003,
    0.63,
    0.67
  ]
}