{
  "train": {
    "qwk": 0.6717117907579175,
    "accuracy": 0.48742138364779874,
    "adjacent_accuracy": 0.8915094339622641,
    "mae": 0.639937106918239,
    "raw_exact": 0.18553459119496854,
    "raw_within1": 0.5707547169811321,
    "raw_mae": 1.9811320754716981,
    "pct_mae": 17.10242587601078
  },
  "val": {
    "qwk": 0.7478368355995055,
    "accuracy": 0.5661764705882353,
    "adjacent_accuracy": 0.9338235294117647,
    "mae": 0.5147058823529411,
    "raw_exact": 0.22058823529411764,
    "raw_within1": 0.5808823529411765,
    "raw_mae": 1.9705882352941178,
    "pct_mae": 16.842612044817926
  },
  "test": {
    "qwk": 0.6310016394722462,
    "accuracy": 0.45255474452554745,
    "adjacent_accuracy": 0.8832116788321168,
    "mae": 0.6861313868613139,
    "raw_exact": 0.23357664233576642,
    "raw_within1": 0.5182481751824818,
    "raw_mae": 2.0802919708029197,
    "pct_mae": 16.962113312478273
  },
  "best_epoch": null,
  "calibrated_cuts": [
    0.18000000000000002,
    0.55,
    0.66,
    0.79
  ]
}