{
  "train": {
    "qwk": 0.7246833741593743,
    "accuracy": 0.5990415335463258,
    "adjacent_accuracy": 0.9265175718849841,
    "mae": 0.48083067092651754,
    "raw_exact": 0.4169329073482428,
    "raw_within1": 0.6629392971246006,
    "raw_mae": 1.5,
    "pct_mae": 11.935759926973983
  },
  "val": {
    "qwk": 0.726971474631678,
    "accuracy": 0.582089552238806,
    "adjacent_accuracy": 0.9253731343283582,
    "mae": 0.5,
    "raw_exact": 0.3880597014925373,
    "raw_within1": 0.6268656716417911,
    "raw_mae": 1.7238805970149254,
    "pct_mae": 13.432835820895523
  },
  "test": {
    "qwk": 0.7077131258457374,
    "accuracy": 0.5925925925925926,
    "adjacent_accuracy": 0.9111111111111111,
    "mae": 0.5037037037037037,
    "raw_exact": 0.4222222222222222,
    "raw_within1": 0.6370370370370371,
    "raw_mae": 1.5925925925925926,
    "pct_mae": 12.567901234567898
  },
  "best_epoch": null,
  "calibrated_cuts": [
    0.25,
    0.375,
    0.62,
    0.89
  ]
}