{
  "train": {
    "qwk": 0.4844217182559819,
    "cohen_kappa": 0.25471318314918745,
    "accuracy": 0.4472843450479233,
    "precision_macro": 0.33851817656165484,
    "recall_macro": 0.32385249490920315,
    "f1_macro": 0.3180329499351807,
    "adjacent_accuracy": 0.7603833865814696,
    "mae": 0.8738019169329073,
    "raw_exact": 0.3258785942492013,
    "raw_within1": 0.5223642172523961,
    "raw_mae": 2.52555910543131,
    "pct_mae": 21.7760155180283
  },
  "val": {
    "qwk": 0.5052202699261523,
    "cohen_kappa": 0.31757373061720884,
    "accuracy": 0.5,
    "precision_macro": 0.36438080495356034,
    "recall_macro": 0.3869864902122967,
    "f1_macro": 0.35860804904283167,
    "adjacent_accuracy": 0.7985074626865671,
    "mae": 0.7835820895522388,
    "raw_exact": 0.31343283582089554,
    "raw_within1": 0.5522388059701493,
    "raw_mae": 2.5671641791044775,
    "pct_mae": 20.764925373134332
  },
  "test": {
    "qwk": 0.48793517941412157,
    "cohen_kappa": 0.2901775508648936,
    "accuracy": 0.4888888888888889,
    "precision_macro": 0.3277777777777778,
    "recall_macro": 0.3279863147605083,
    "f1_macro": 0.3180025916327286,
    "adjacent_accuracy": 0.7555555555555555,
    "mae": 0.8222222222222222,
    "raw_exact": 0.34814814814814815,
    "raw_within1": 0.5259259259259259,
    "raw_mae": 2.3333333333333335,
    "pct_mae": 20.382716049382715
  },
  "best_epoch": null
}