{
  "train": {
    "qwk": 0.9424348669948426,
    "accuracy": 0.8690095846645367,
    "adjacent_accuracy": 0.9936102236421726,
    "mae": 0.13738019169329074,
    "raw_exact": 0.6261980830670927,
    "raw_within1": 0.9313099041533547,
    "raw_mae": 0.4936102236421725,
    "pct_mae": 4.167997870074547
  },
  "val": {
    "qwk": 0.8212202071367193,
    "accuracy": 0.753731343283582,
    "adjacent_accuracy": 0.9477611940298507,
    "mae": 0.30597014925373134,
    "raw_exact": 0.5,
    "raw_within1": 0.753731343283582,
    "raw_mae": 1.2238805970149254,
    "pct_mae": 9.5273631840796
  },
  "test": {
    "qwk": 0.8682647433177768,
    "accuracy": 0.7851851851851852,
    "adjacent_accuracy": 0.9703703703703703,
    "mae": 0.2518518518518518,
    "raw_exact": 0.5851851851851851,
    "raw_within1": 0.7925925925925926,
    "raw_mae": 0.9481481481481482,
    "pct_mae": 7.561728395061727
  },
  "best_epoch": null,
  "calibrated_cuts": [
    0.125,
    0.37,
    0.63,
    0.87
  ]
}