{
  "train": {
    "qwk": 0.9096735743710922,
    "accuracy": 0.8034591194968553,
    "adjacent_accuracy": 0.9827044025157232,
    "mae": 0.21540880503144655,
    "raw_exact": 0.4858490566037736,
    "raw_within1": 0.8160377358490566,
    "raw_mae": 0.8522012578616353,
    "pct_mae": 7.074348607367476
  },
  "val": {
    "qwk": 0.8573915796138019,
    "accuracy": 0.7794117647058824,
    "adjacent_accuracy": 0.9558823529411765,
    "mae": 0.27205882352941174,
    "raw_exact": 0.4632352941176471,
    "raw_within1": 0.7573529411764706,
    "raw_mae": 1.2426470588235294,
    "pct_mae": 9.91421568627451
  },
  "test": {
    "qwk": 0.7134456766249655,
    "accuracy": 0.708029197080292,
    "adjacent_accuracy": 0.8759124087591241,
    "mae": 0.43795620437956206,
    "raw_exact": 0.46715328467153283,
    "raw_within1": 0.6934306569343066,
    "raw_mae": 1.6277372262773722,
    "pct_mae": 11.763990267639903
  },
  "best_epoch": null,
  "calibrated_cuts": [
    0.125,
    0.375,
    0.625,
    0.87
  ]
}