{
  "train": {
    "qwk": 0.755688489213352,
    "accuracy": 0.5638977635782748,
    "adjacent_accuracy": 0.9376996805111821,
    "mae": 0.5239616613418531,
    "raw_exact": 0.3977635782747604,
    "raw_within1": 0.694888178913738,
    "raw_mae": 1.4424920127795526,
    "pct_mae": 12.2444089456869
  },
  "val": {
    "qwk": 0.7579800958348691,
    "accuracy": 0.5,
    "adjacent_accuracy": 0.9477611940298507,
    "mae": 0.5671641791044776,
    "raw_exact": 0.35074626865671643,
    "raw_within1": 0.6343283582089553,
    "raw_mae": 1.7835820895522387,
    "pct_mae": 14.24129353233831
  },
  "test": {
    "qwk": 0.6962334909505952,
    "accuracy": 0.5333333333333333,
    "adjacent_accuracy": 0.8814814814814815,
    "mae": 0.6222222222222222,
    "raw_exact": 0.35555555555555557,
    "raw_within1": 0.674074074074074,
    "raw_mae": 1.5851851851851853,
    "pct_mae": 12.851851851851853
  },
  "best_epoch": null,
  "calibrated_cuts": [
    0.31,
    0.36000000000000004,
    0.43,
    0.79
  ]
}