{
  "train": {
    "qwk": 0.8104203630262028,
    "accuracy": 0.6565495207667732,
    "adjacent_accuracy": 0.9664536741214057,
    "mae": 0.37859424920127793,
    "raw_exact": 0.4904153354632588,
    "raw_within1": 0.7523961661341853,
    "raw_mae": 1.1277955271565496,
    "pct_mae": 8.995321770880876
  },
  "val": {
    "qwk": 0.6680590635321547,
    "accuracy": 0.5970149253731343,
    "adjacent_accuracy": 0.917910447761194,
    "mae": 0.5074626865671642,
    "raw_exact": 0.44029850746268656,
    "raw_within1": 0.6865671641791045,
    "raw_mae": 1.7388059701492538,
    "pct_mae": 13.414179104477613
  },
  "test": {
    "qwk": 0.7193603655054255,
    "accuracy": 0.6370370370370371,
    "adjacent_accuracy": 0.9333333333333333,
    "mae": 0.45185185185185184,
    "raw_exact": 0.5333333333333333,
    "raw_within1": 0.7037037037037037,
    "raw_mae": 1.3703703703703705,
    "pct_mae": 10.364197530864198
  },
  "best_epoch": null,
  "calibrated_cuts": [
    0.22,
    0.38,
    0.5700000000000001,
    0.9500000000000001
  ]
}