{
  "train": {
    "qwk": 0.8376312958785039,
    "cohen_kappa": 0.6019600635041185,
    "accuracy": 0.7125603864734299,
    "precision_macro": 0.7893935272227433,
    "recall_macro": 0.6693995857062316,
    "f1_macro": 0.6983331228104311,
    "adjacent_accuracy": 0.9722222222222222,
    "mae": 0.31521739130434784,
    "raw_exact": 0.22705314009661837,
    "raw_within1": 0.7608695652173914,
    "raw_mae": 1.143719806763285,
    "pct_mae": 10.443121693121693
  },
  "val": {
    "qwk": 0.6581664777735802,
    "cohen_kappa": 0.3756497485525927,
    "accuracy": 0.5337078651685393,
    "precision_macro": 0.7530996052937079,
    "recall_macro": 0.5185012799722588,
    "f1_macro": 0.5470187209593769,
    "adjacent_accuracy": 0.9269662921348315,
    "mae": 0.5393258426966292,
    "raw_exact": 0.24719101123595505,
    "raw_within1": 0.6179775280898876,
    "raw_mae": 1.5449438202247192,
    "pct_mae": 13.529293739967896
  },
  "test": {
    "qwk": 0.7710729385329509,
    "cohen_kappa": 0.5587160751565762,
    "accuracy": 0.6797752808988764,
    "precision_macro": 0.5839750445632799,
    "recall_macro": 0.5255227896255954,
    "f1_macro": 0.5200102117525971,
    "adjacent_accuracy": 0.9438202247191011,
    "mae": 0.37640449438202245,
    "raw_exact": 0.29775280898876405,
    "raw_within1": 0.702247191011236,
    "raw_mae": 1.398876404494382,
    "pct_mae": 11.880684858212947
  },
  "best_epoch": null
}