{
  "train": {
    "qwk": 0.4177016156598228,
    "accuracy": 0.2971014492753623,
    "adjacent_accuracy": 0.8031400966183575,
    "mae": 0.9094202898550725,
    "raw_exact": 0.19444444444444445,
    "raw_within1": 0.41183574879227053,
    "raw_mae": 2.2572463768115942,
    "pct_mae": 20.554836668967106
  },
  "val": {
    "qwk": 0.36406592140140603,
    "accuracy": 0.3089887640449438,
    "adjacent_accuracy": 0.8033707865168539,
    "mae": 0.9101123595505618,
    "raw_exact": 0.15168539325842698,
    "raw_within1": 0.39325842696629215,
    "raw_mae": 2.4269662921348316,
    "pct_mae": 22.386302835741038
  },
  "test": {
    "qwk": 0.4192495921696574,
    "accuracy": 0.3089887640449438,
    "adjacent_accuracy": 0.8146067415730337,
    "mae": 0.8876404494382022,
    "raw_exact": 0.19662921348314608,
    "raw_within1": 0.42134831460674155,
    "raw_mae": 2.297752808988764,
    "pct_mae": 21.15369181380417
  },
  "best_epoch": null,
  "calibrated_cuts": [
    0.24000000000000002,
    0.5700000000000001,
    0.63,
    0.65
  ]
}