{
  "train": {
    "qwk": 0.8716994622559048,
    "accuracy": 0.7476038338658147,
    "adjacent_accuracy": 0.9728434504792333,
    "mae": 0.2827476038338658,
    "raw_exact": 0.5207667731629393,
    "raw_within1": 0.8083067092651757,
    "raw_mae": 0.829073482428115,
    "pct_mae": 6.77487448653583
  },
  "val": {
    "qwk": 0.7930890576746515,
    "accuracy": 0.7089552238805971,
    "adjacent_accuracy": 0.9253731343283582,
    "mae": 0.373134328358209,
    "raw_exact": 0.40298507462686567,
    "raw_within1": 0.7313432835820896,
    "raw_mae": 1.3805970149253732,
    "pct_mae": 10.945273631840797
  },
  "test": {
    "qwk": 0.7953483542726612,
    "accuracy": 0.6962962962962963,
    "adjacent_accuracy": 0.9333333333333333,
    "mae": 0.37777777777777777,
    "raw_exact": 0.5111111111111111,
    "raw_within1": 0.7185185185185186,
    "raw_mae": 1.1851851851851851,
    "pct_mae": 9.049382716049381
  },
  "best_epoch": null,
  "calibrated_cuts": [
    0.25,
    0.41000000000000003,
    0.68,
    0.86
  ]
}