{
  "train": {
    "qwk": 0.44456861456843033,
    "accuracy": 0.4776357827476038,
    "adjacent_accuracy": 0.7523961661341853,
    "mae": 0.7939297124600639,
    "raw_exact": 0.21884984025559107,
    "raw_within1": 0.4680511182108626,
    "raw_mae": 2.182108626198083,
    "pct_mae": 19.645329377757495
  },
  "val": {
    "qwk": 0.5083617747440273,
    "accuracy": 0.4701492537313433,
    "adjacent_accuracy": 0.7611940298507462,
    "mae": 0.7761194029850746,
    "raw_exact": 0.15671641791044777,
    "raw_within1": 0.4253731343283582,
    "raw_mae": 2.455223880597015,
    "pct_mae": 20.97814498933902
  },
  "test": {
    "qwk": 0.4727828078978946,
    "accuracy": 0.5111111111111111,
    "adjacent_accuracy": 0.7703703703703704,
    "mae": 0.7481481481481481,
    "raw_exact": 0.18518518518518517,
    "raw_within1": 0.3925925925925926,
    "raw_mae": 2.3407407407407406,
    "pct_mae": 21.22663139329806
  },
  "best_epoch": null,
  "calibrated_cuts": [
    0.27,
    0.375,
    0.6900000000000001,
    0.72
  ]
}