{
  "train": {
    "qwk": 0.6968217800142192,
    "accuracy": 0.5241545893719807,
    "adjacent_accuracy": 0.9359903381642513,
    "mae": 0.5471014492753623,
    "raw_exact": 0.34299516908212563,
    "raw_within1": 0.6207729468599034,
    "raw_mae": 1.5181159420289856,
    "pct_mae": 12.790142627099149
  },
  "val": {
    "qwk": 0.6498938729305221,
    "accuracy": 0.5,
    "adjacent_accuracy": 0.9157303370786517,
    "mae": 0.5898876404494382,
    "raw_exact": 0.3202247191011236,
    "raw_within1": 0.5056179775280899,
    "raw_mae": 1.9101123595505618,
    "pct_mae": 15.861423220973784
  },
  "test": {
    "qwk": 0.6496244496244497,
    "accuracy": 0.5617977528089888,
    "adjacent_accuracy": 0.898876404494382,
    "mae": 0.5617977528089888,
    "raw_exact": 0.37640449438202245,
    "raw_within1": 0.6348314606741573,
    "raw_mae": 1.6404494382022472,
    "pct_mae": 13.00561797752809
  },
  "best_epoch": null,
  "calibrated_cuts": [
    0.27,
    0.38,
    0.5700000000000001,
    0.875
  ]
}