{
  "train": {
    "qwk": 0.5734642178594047,
    "accuracy": 0.41183574879227053,
    "adjacent_accuracy": 0.8647342995169082,
    "mae": 0.7415458937198067,
    "raw_exact": 0.2246376811594203,
    "raw_within1": 0.5120772946859904,
    "raw_mae": 1.960144927536232,
    "pct_mae": 17.355216241085806
  },
  "val": {
    "qwk": 0.5548035898190378,
    "accuracy": 0.449438202247191,
    "adjacent_accuracy": 0.848314606741573,
    "mae": 0.7303370786516854,
    "raw_exact": 0.21348314606741572,
    "raw_within1": 0.47752808988764045,
    "raw_mae": 2.1179775280898876,
    "pct_mae": 18.53397538790797
  },
  "test": {
    "qwk": 0.627935309715487,
    "accuracy": 0.47752808988764045,
    "adjacent_accuracy": 0.8651685393258427,
    "mae": 0.6685393258426966,
    "raw_exact": 0.25280898876404495,
    "raw_within1": 0.5674157303370787,
    "raw_mae": 1.9213483146067416,
    "pct_mae": 16.468699839486355
  },
  "best_epoch": null,
  "calibrated_cuts": [
    0.19,
    0.52,
    0.68,
    0.75
  ]
}