{
  "train": {
    "qwk": 0.9490976089938719,
    "accuracy": 0.8738019169329073,
    "adjacent_accuracy": 0.9968051118210862,
    "mae": 0.12939297124600638,
    "raw_exact": 0.5718849840255591,
    "raw_within1": 0.8753993610223643,
    "raw_mae": 0.6293929712460063,
    "pct_mae": 5.229157158070896
  },
  "val": {
    "qwk": 0.8161128235443145,
    "accuracy": 0.746268656716418,
    "adjacent_accuracy": 0.9477611940298507,
    "mae": 0.3208955223880597,
    "raw_exact": 0.47761194029850745,
    "raw_within1": 0.746268656716418,
    "raw_mae": 1.3805970149253732,
    "pct_mae": 10.62189054726368
  },
  "test": {
    "qwk": 0.8304256803907886,
    "accuracy": 0.762962962962963,
    "adjacent_accuracy": 0.9481481481481482,
    "mae": 0.3037037037037037,
    "raw_exact": 0.6074074074074074,
    "raw_within1": 0.7851851851851852,
    "raw_mae": 1.0444444444444445,
    "pct_mae": 7.975308641975308
  },
  "best_epoch": null,
  "calibrated_cuts": [
    0.01,
    0.375,
    0.62,
    0.875
  ]
}