{
  "train": {
    "qwk": 0.431783889908924,
    "accuracy": 0.42632850241545894,
    "adjacent_accuracy": 0.783816425120773,
    "mae": 0.8007246376811594,
    "raw_exact": 0.17995169082125603,
    "raw_within1": 0.46859903381642515,
    "raw_mae": 2.6026570048309177,
    "pct_mae": 23.481567747872095
  },
  "val": {
    "qwk": 0.4929137916225269,
    "accuracy": 0.4438202247191011,
    "adjacent_accuracy": 0.8314606741573034,
    "mae": 0.7359550561797753,
    "raw_exact": 0.1348314606741573,
    "raw_within1": 0.4550561797752809,
    "raw_mae": 2.5786516853932584,
    "pct_mae": 23.160112359550563
  },
  "test": {
    "qwk": 0.4973222908314068,
    "accuracy": 0.42134831460674155,
    "adjacent_accuracy": 0.8595505617977528,
    "mae": 0.7359550561797753,
    "raw_exact": 0.15730337078651685,
    "raw_within1": 0.5112359550561798,
    "raw_mae": 2.5280898876404496,
    "pct_mae": 21.70746388443018
  },
  "best_epoch": null,
  "calibrated_cuts": [
    0.01,
    0.21000000000000002,
    0.5800000000000001,
    0.8
  ]
}