{
  "train": {
    "qwk": 0.80918696515624,
    "accuracy": 0.6517571884984026,
    "adjacent_accuracy": 0.9616613418530351,
    "mae": 0.38817891373801916,
    "raw_exact": 0.4185303514376997,
    "raw_within1": 0.7428115015974441,
    "raw_mae": 1.159744408945687,
    "pct_mae": 9.53312794766469
  },
  "val": {
    "qwk": 0.7731515373352855,
    "accuracy": 0.6716417910447762,
    "adjacent_accuracy": 0.9253731343283582,
    "mae": 0.40298507462686567,
    "raw_exact": 0.40298507462686567,
    "raw_within1": 0.7014925373134329,
    "raw_mae": 1.537313432835821,
    "pct_mae": 11.990049751243781
  },
  "test": {
    "qwk": 0.8184873949579832,
    "accuracy": 0.6592592592592592,
    "adjacent_accuracy": 0.9555555555555556,
    "mae": 0.3851851851851852,
    "raw_exact": 0.4666666666666667,
    "raw_within1": 0.7555555555555555,
    "raw_mae": 1.2,
    "pct_mae": 9.666666666666668
  },
  "best_epoch": null,
  "calibrated_cuts": [
    0.24000000000000002,
    0.31,
    0.625,
    0.87
  ]
}