{
  "train": {
    "qwk": 0.51810065331791,
    "accuracy": 0.45527156549520764,
    "adjacent_accuracy": 0.8402555910543131,
    "mae": 0.7412140575079872,
    "raw_exact": 0.3210862619808307,
    "raw_within1": 0.48722044728434505,
    "raw_mae": 2.5926517571884986,
    "pct_mae": 22.528145443480906
  },
  "val": {
    "qwk": 0.5628009540524729,
    "accuracy": 0.48507462686567165,
    "adjacent_accuracy": 0.8731343283582089,
    "mae": 0.6791044776119403,
    "raw_exact": 0.30597014925373134,
    "raw_within1": 0.5223880597014925,
    "raw_mae": 2.6492537313432836,
    "pct_mae": 21.461442786069657
  },
  "test": {
    "qwk": 0.5394190871369295,
    "accuracy": 0.4444444444444444,
    "adjacent_accuracy": 0.8444444444444444,
    "mae": 0.725925925925926,
    "raw_exact": 0.34814814814814815,
    "raw_within1": 0.5111111111111111,
    "raw_mae": 2.3777777777777778,
    "pct_mae": 21.22222222222222
  },
  "best_epoch": null,
  "calibrated_cuts": [
    0.01,
    0.29000000000000004,
    0.38,
    0.75
  ]
}