{
  "train": {
    "qwk": 0.7665704867737428,
    "accuracy": 0.6316425120772947,
    "adjacent_accuracy": 0.9359903381642513,
    "mae": 0.4396135265700483,
    "raw_exact": 0.36594202898550726,
    "raw_within1": 0.6606280193236715,
    "raw_mae": 1.315217391304348,
    "pct_mae": 11.278180354267311
  },
  "val": {
    "qwk": 0.7226999675964008,
    "accuracy": 0.6235955056179775,
    "adjacent_accuracy": 0.9101123595505618,
    "mae": 0.47752808988764045,
    "raw_exact": 0.3595505617977528,
    "raw_within1": 0.6179775280898876,
    "raw_mae": 1.5393258426966292,
    "pct_mae": 12.968164794007492
  },
  "test": {
    "qwk": 0.634205309221024,
    "accuracy": 0.5955056179775281,
    "adjacent_accuracy": 0.8820224719101124,
    "mae": 0.5617977528089888,
    "raw_exact": 0.34831460674157305,
    "raw_within1": 0.6404494382022472,
    "raw_mae": 1.696629213483146,
    "pct_mae": 13.347378277153558
  },
  "best_epoch": null,
  "calibrated_cuts": [
    0.14,
    0.5,
    0.68,
    0.81
  ]
}