{
  "train": {
    "qwk": 0.5710798722330384,
    "accuracy": 0.3756038647342995,
    "adjacent_accuracy": 0.8719806763285024,
    "mae": 0.7741545893719807,
    "raw_exact": 0.11231884057971014,
    "raw_within1": 0.4830917874396135,
    "raw_mae": 2.1884057971014492,
    "pct_mae": 19.40145502645503
  },
  "val": {
    "qwk": 0.518792034814717,
    "accuracy": 0.3707865168539326,
    "adjacent_accuracy": 0.8539325842696629,
    "mae": 0.7921348314606742,
    "raw_exact": 0.1404494382022472,
    "raw_within1": 0.4550561797752809,
    "raw_mae": 2.2247191011235956,
    "pct_mae": 19.999331193151416
  },
  "test": {
    "qwk": 0.578337555117741,
    "accuracy": 0.4157303370786517,
    "adjacent_accuracy": 0.8539325842696629,
    "mae": 0.7528089887640449,
    "raw_exact": 0.12921348314606743,
    "raw_within1": 0.5056179775280899,
    "raw_mae": 2.258426966292135,
    "pct_mae": 19.633493846976993
  },
  "best_epoch": null,
  "calibrated_cuts": [
    0.31,
    0.52,
    0.63,
    0.81
  ]
}