{
  "train": {
    "qwk": 0.506396693888043,
    "cohen_kappa": 0.23496646963890122,
    "accuracy": 0.4339622641509434,
    "precision_macro": 0.34426158005364677,
    "recall_macro": 0.3095312261281092,
    "f1_macro": 0.3159926685632563,
    "adjacent_accuracy": 0.7861635220125787,
    "mae": 0.8333333333333334,
    "raw_exact": 0.3522012578616352,
    "raw_within1": 0.5078616352201258,
    "raw_mae": 2.3663522012578615,
    "pct_mae": 19.96593291404612
  },
  "val": {
    "qwk": 0.5459011360147374,
    "cohen_kappa": 0.2774193548387097,
    "accuracy": 0.4852941176470588,
    "precision_macro": 0.3452309510820149,
    "recall_macro": 0.3318996415770609,
    "f1_macro": 0.3289533632095831,
    "adjacent_accuracy": 0.7941176470588235,
    "mae": 0.75,
    "raw_exact": 0.4117647058823529,
    "raw_within1": 0.5441176470588235,
    "raw_mae": 2.0808823529411766,
    "pct_mae": 17.787990196078432
  },
  "test": {
    "qwk": 0.5328835810010029,
    "cohen_kappa": 0.28334786399302525,
    "accuracy": 0.4744525547445255,
    "precision_macro": 0.36969067592406996,
    "recall_macro": 0.33756924079504724,
    "f1_macro": 0.344624112314579,
    "adjacent_accuracy": 0.8175182481751825,
    "mae": 0.7664233576642335,
    "raw_exact": 0.32116788321167883,
    "raw_within1": 0.5328467153284672,
    "raw_mae": 2.2481751824817517,
    "pct_mae": 18.813868613138684
  },
  "best_epoch": null
}