{
  "train": {
    "qwk": 0.9091352922476044,
    "cohen_kappa": 0.6943699731903485,
    "accuracy": 0.7908805031446541,
    "precision_macro": 0.8066622123315877,
    "recall_macro": 0.7071298448857786,
    "f1_macro": 0.7373765841090346,
    "adjacent_accuracy": 0.9905660377358491,
    "mae": 0.21855345911949686,
    "raw_exact": 0.2720125786163522,
    "raw_within1": 0.839622641509434,
    "raw_mae": 0.940251572327044,
    "pct_mae": 8.552710392333033
  },
  "val": {
    "qwk": 0.8556924101198402,
    "cohen_kappa": 0.49590733590733593,
    "accuracy": 0.6470588235294118,
    "precision_macro": 0.680680531975099,
    "recall_macro": 0.564204576785222,
    "f1_macro": 0.5992134840892112,
    "adjacent_accuracy": 0.9926470588235294,
    "mae": 0.3602941176470588,
    "raw_exact": 0.3235294117647059,
    "raw_within1": 0.7058823529411765,
    "raw_mae": 1.2794117647058822,
    "pct_mae": 11.017156862745098
  },
  "test": {
    "qwk": 0.7876525421878752,
    "cohen_kappa": 0.49562816382880803,
    "accuracy": 0.6496350364963503,
    "precision_macro": 0.5298785425101216,
    "recall_macro": 0.4735386119257087,
    "f1_macro": 0.4827136487954742,
    "adjacent_accuracy": 0.9562043795620438,
    "mae": 0.40145985401459855,
    "raw_exact": 0.26277372262773724,
    "raw_within1": 0.708029197080292,
    "raw_mae": 1.4014598540145986,
    "pct_mae": 11.813521028849497
  },
  "best_epoch": null
}