{
  "train": {
    "qwk": 0.696930531739735,
    "accuracy": 0.6038338658146964,
    "adjacent_accuracy": 0.9009584664536742,
    "mae": 0.5015974440894568,
    "raw_exact": 0.46006389776357826,
    "raw_within1": 0.6373801916932907,
    "raw_mae": 1.6932907348242812,
    "pct_mae": 13.59862315533242
  },
  "val": {
    "qwk": 0.6525082714835018,
    "accuracy": 0.5671641791044776,
    "adjacent_accuracy": 0.8805970149253731,
    "mae": 0.5671641791044776,
    "raw_exact": 0.3582089552238806,
    "raw_within1": 0.5895522388059702,
    "raw_mae": 2.0597014925373136,
    "pct_mae": 16.355721393034827
  },
  "test": {
    "qwk": 0.6804733727810651,
    "accuracy": 0.6,
    "adjacent_accuracy": 0.8888888888888888,
    "mae": 0.5185185185185185,
    "raw_exact": 0.45185185185185184,
    "raw_within1": 0.6296296296296297,
    "raw_mae": 1.9185185185185185,
    "pct_mae": 14.654320987654321
  },
  "best_epoch": null,
  "calibrated_cuts": [
    0.27,
    0.375,
    0.78,
    0.875
  ]
}