{
  "train": {
    "qwk": 0.7083948985146591,
    "accuracy": 0.5738993710691824,
    "adjacent_accuracy": 0.8977987421383647,
    "mae": 0.559748427672956,
    "raw_exact": 0.4056603773584906,
    "raw_within1": 0.6588050314465409,
    "raw_mae": 1.550314465408805,
    "pct_mae": 12.400793650793652
  },
  "val": {
    "qwk": 0.7748504699515808,
    "accuracy": 0.6029411764705882,
    "adjacent_accuracy": 0.9411764705882353,
    "mae": 0.47794117647058826,
    "raw_exact": 0.4117647058823529,
    "raw_within1": 0.6838235294117647,
    "raw_mae": 1.5514705882352942,
    "pct_mae": 12.144607843137255
  },
  "test": {
    "qwk": 0.701188701879385,
    "accuracy": 0.5693430656934306,
    "adjacent_accuracy": 0.9124087591240876,
    "mae": 0.5547445255474452,
    "raw_exact": 0.40875912408759124,
    "raw_within1": 0.6423357664233577,
    "raw_mae": 1.6496350364963503,
    "pct_mae": 12.402676399026765
  },
  "best_epoch": null,
  "calibrated_cuts": [
    0.125,
    0.53,
    0.625,
    0.8400000000000001
  ]
}