{
  "train": {
    "qwk": 0.7807892611737854,
    "accuracy": 0.6473429951690821,
    "adjacent_accuracy": 0.9492753623188406,
    "mae": 0.4082125603864734,
    "raw_exact": 0.4106280193236715,
    "raw_within1": 0.6944444444444444,
    "raw_mae": 1.2330917874396135,
    "pct_mae": 10.466126063952153
  },
  "val": {
    "qwk": 0.7546486486486487,
    "accuracy": 0.6123595505617978,
    "adjacent_accuracy": 0.9382022471910112,
    "mae": 0.449438202247191,
    "raw_exact": 0.38202247191011235,
    "raw_within1": 0.6179775280898876,
    "raw_mae": 1.4775280898876404,
    "pct_mae": 12.518726591760299
  },
  "test": {
    "qwk": 0.7233559477795497,
    "accuracy": 0.6404494382022472,
    "adjacent_accuracy": 0.9325842696629213,
    "mae": 0.4438202247191011,
    "raw_exact": 0.4101123595505618,
    "raw_within1": 0.6573033707865169,
    "raw_mae": 1.449438202247191,
    "pct_mae": 11.395131086142321
  },
  "best_epoch": null,
  "calibrated_cuts": [
    0.19,
    0.41000000000000003,
    0.63,
    0.875
  ]
}