{
  "train": {
    "qwk": 0.898546048952553,
    "accuracy": 0.789308176100629,
    "adjacent_accuracy": 0.9795597484276729,
    "mae": 0.23270440251572327,
    "raw_exact": 0.5314465408805031,
    "raw_within1": 0.779874213836478,
    "raw_mae": 0.8867924528301887,
    "pct_mae": 7.052073974243786
  },
  "val": {
    "qwk": 0.8974668275030157,
    "accuracy": 0.7941176470588235,
    "adjacent_accuracy": 0.9705882352941176,
    "mae": 0.23529411764705882,
    "raw_exact": 0.5,
    "raw_within1": 0.7352941176470589,
    "raw_mae": 1.1470588235294117,
    "pct_mae": 9.074754901960784
  },
  "test": {
    "qwk": 0.829576296743064,
    "accuracy": 0.7883211678832117,
    "adjacent_accuracy": 0.9343065693430657,
    "mae": 0.291970802919708,
    "raw_exact": 0.5474452554744526,
    "raw_within1": 0.7007299270072993,
    "raw_mae": 1.2627737226277371,
    "pct_mae": 9.29440389294404
  },
  "best_epoch": null,
  "calibrated_cuts": [
    0.125,
    0.375,
    0.625,
    0.86
  ]
}