{
  "train": {
    "qwk": 0.8393936538550214,
    "accuracy": 0.6557971014492754,
    "adjacent_accuracy": 0.9589371980676329,
    "mae": 0.3852657004830918,
    "raw_exact": 0.19806763285024154,
    "raw_within1": 0.7463768115942029,
    "raw_mae": 1.173913043478261,
    "pct_mae": 11.008597883597885
  },
  "val": {
    "qwk": 0.7594710679986487,
    "accuracy": 0.6179775280898876,
    "adjacent_accuracy": 0.9269662921348315,
    "mae": 0.4606741573033708,
    "raw_exact": 0.21348314606741572,
    "raw_within1": 0.6067415730337079,
    "raw_mae": 1.5842696629213484,
    "pct_mae": 14.292402354200107
  },
  "test": {
    "qwk": 0.7860527942489526,
    "accuracy": 0.6404494382022472,
    "adjacent_accuracy": 0.9325842696629213,
    "mae": 0.43258426966292135,
    "raw_exact": 0.2640449438202247,
    "raw_within1": 0.6910112359550562,
    "raw_mae": 1.4550561797752808,
    "pct_mae": 12.742108079186732
  },
  "best_epoch": null,
  "calibrated_cuts": [
    0.4,
    0.43,
    0.7000000000000001,
    0.78
  ]
}