{
  "train": {
    "qwk": 0.5376717872347314,
    "accuracy": 0.45686900958466453,
    "adjacent_accuracy": 0.8322683706070287,
    "mae": 0.7348242811501597,
    "raw_exact": 0.16773162939297126,
    "raw_within1": 0.4696485623003195,
    "raw_mae": 2.659744408945687,
    "pct_mae": 23.74733759318424
  },
  "val": {
    "qwk": 0.5772189212841417,
    "accuracy": 0.5074626865671642,
    "adjacent_accuracy": 0.835820895522388,
    "mae": 0.664179104477612,
    "raw_exact": 0.13432835820895522,
    "raw_within1": 0.4925373134328358,
    "raw_mae": 2.7611940298507465,
    "pct_mae": 23.197405828002847
  },
  "test": {
    "qwk": 0.5331058020477816,
    "accuracy": 0.48148148148148145,
    "adjacent_accuracy": 0.8222222222222222,
    "mae": 0.7111111111111111,
    "raw_exact": 0.17777777777777778,
    "raw_within1": 0.4888888888888889,
    "raw_mae": 2.4962962962962965,
    "pct_mae": 22.88183421516755
  },
  "best_epoch": null,
  "calibrated_cuts": [
    0.01,
    0.27,
    0.56,
    0.72
  ]
}