{
  "train": {
    "qwk": 0.924631849495439,
    "accuracy": 0.8066037735849056,
    "adjacent_accuracy": 0.9937106918238994,
    "mae": 0.19968553459119498,
    "raw_exact": 0.5330188679245284,
    "raw_within1": 0.8710691823899371,
    "raw_mae": 0.6808176100628931,
    "pct_mae": 5.685459718478587
  },
  "val": {
    "qwk": 0.9010695187165776,
    "accuracy": 0.75,
    "adjacent_accuracy": 0.9926470588235294,
    "mae": 0.25735294117647056,
    "raw_exact": 0.5588235294117647,
    "raw_within1": 0.7720588235294118,
    "raw_mae": 0.9926470588235294,
    "pct_mae": 7.965686274509803
  },
  "test": {
    "qwk": 0.8220779220779221,
    "accuracy": 0.7445255474452555,
    "adjacent_accuracy": 0.948905109489051,
    "mae": 0.32116788321167883,
    "raw_exact": 0.5109489051094891,
    "raw_within1": 0.7226277372262774,
    "raw_mae": 1.2116788321167884,
    "pct_mae": 9.27007299270073
  },
  "best_epoch": null,
  "calibrated_cuts": [
    0.06999999999999999,
    0.375,
    0.625,
    0.89
  ]
}