{
  "train": {
    "qwk": 0.3791271194277219,
    "cohen_kappa": 0.15341433951538397,
    "accuracy": 0.3743961352657005,
    "precision_macro": 0.3100735510444248,
    "recall_macro": 0.2708053747731918,
    "f1_macro": 0.2750068681130481,
    "adjacent_accuracy": 0.7644927536231884,
    "mae": 0.8997584541062802,
    "raw_exact": 0.2028985507246377,
    "raw_within1": 0.47342995169082125,
    "raw_mae": 2.467391304347826,
    "pct_mae": 21.999942489072925
  },
  "val": {
    "qwk": 0.40782015826510776,
    "cohen_kappa": 0.16105473228313028,
    "accuracy": 0.37640449438202245,
    "precision_macro": 0.3352546600599993,
    "recall_macro": 0.27380995216677373,
    "f1_macro": 0.2830371329357131,
    "adjacent_accuracy": 0.8089887640449438,
    "mae": 0.848314606741573,
    "raw_exact": 0.1404494382022472,
    "raw_within1": 0.5056179775280899,
    "raw_mae": 2.4213483146067416,
    "pct_mae": 21.572364901016588
  },
  "test": {
    "qwk": 0.4182356556232192,
    "cohen_kappa": 0.10188679245283017,
    "accuracy": 0.33146067415730335,
    "precision_macro": 0.31454056370283423,
    "recall_macro": 0.23512790543503756,
    "f1_macro": 0.2487387387387387,
    "adjacent_accuracy": 0.8314606741573034,
    "mae": 0.8651685393258427,
    "raw_exact": 0.17415730337078653,
    "raw_within1": 0.48314606741573035,
    "raw_mae": 2.4269662921348316,
    "pct_mae": 20.7149545211343
  },
  "best_epoch": null
}