{
  "train": {
    "qwk": 0.9086039925083368,
    "cohen_kappa": 0.6957200515119031,
    "accuracy": 0.7908805031446541,
    "precision_macro": 0.8074909912158196,
    "recall_macro": 0.710204340303572,
    "f1_macro": 0.7377220378023993,
    "adjacent_accuracy": 0.9905660377358491,
    "mae": 0.21855345911949686,
    "raw_exact": 0.2468553459119497,
    "raw_within1": 0.839622641509434,
    "raw_mae": 0.960691823899371,
    "pct_mae": 9.122866127583109
  },
  "val": {
    "qwk": 0.8445121951219512,
    "cohen_kappa": 0.494227938328039,
    "accuracy": 0.6470588235294118,
    "precision_macro": 0.6740108056570793,
    "recall_macro": 0.5550179211469535,
    "f1_macro": 0.5884504095894849,
    "adjacent_accuracy": 0.9852941176470589,
    "mae": 0.36764705882352944,
    "raw_exact": 0.23529411764705882,
    "raw_within1": 0.7205882352941176,
    "raw_mae": 1.3823529411764706,
    "pct_mae": 12.228641456582633
  },
  "test": {
    "qwk": 0.8067615815224578,
    "cohen_kappa": 0.5175317715510642,
    "accuracy": 0.6642335766423357,
    "precision_macro": 0.5423112659698026,
    "recall_macro": 0.4841316389703486,
    "f1_macro": 0.4889344262295082,
    "adjacent_accuracy": 0.9562043795620438,
    "mae": 0.3795620437956204,
    "raw_exact": 0.21897810218978103,
    "raw_within1": 0.6934306569343066,
    "raw_mae": 1.4452554744525548,
    "pct_mae": 12.612964893986792
  },
  "best_epoch": null
}