{
  "train": {
    "qwk": 0.8278668805132318,
    "accuracy": 0.6918238993710691,
    "adjacent_accuracy": 0.9433962264150944,
    "mae": 0.3710691823899371,
    "raw_exact": 0.5157232704402516,
    "raw_within1": 0.7421383647798742,
    "raw_mae": 1.10062893081761,
    "pct_mae": 8.737271638215034
  },
  "val": {
    "qwk": 0.8663686806411837,
    "accuracy": 0.7132352941176471,
    "adjacent_accuracy": 0.9705882352941176,
    "mae": 0.3161764705882353,
    "raw_exact": 0.5220588235294118,
    "raw_within1": 0.7426470588235294,
    "raw_mae": 1.161764705882353,
    "pct_mae": 9.013480392156863
  },
  "test": {
    "qwk": 0.6941205656164724,
    "accuracy": 0.656934306569343,
    "adjacent_accuracy": 0.8905109489051095,
    "mae": 0.48905109489051096,
    "raw_exact": 0.43795620437956206,
    "raw_within1": 0.6715328467153284,
    "raw_mae": 1.7007299270072993,
    "pct_mae": 12.445255474452553
  },
  "best_epoch": null,
  "calibrated_cuts": [
    0.125,
    0.5,
    0.63,
    0.9
  ]
}