{
  "train": {
    "qwk": 0.3998185290773547,
    "cohen_kappa": 0.21607558564262397,
    "accuracy": 0.41304347826086957,
    "precision_macro": 0.31570712499324105,
    "recall_macro": 0.3228368763926002,
    "f1_macro": 0.3031226257412475,
    "adjacent_accuracy": 0.7282608695652174,
    "mae": 0.9528985507246377,
    "raw_exact": 0.2995169082125604,
    "raw_within1": 0.45652173913043476,
    "raw_mae": 2.642512077294686,
    "pct_mae": 23.474235104669887
  },
  "val": {
    "qwk": 0.39614795360035027,
    "cohen_kappa": 0.18516300162573784,
    "accuracy": 0.398876404494382,
    "precision_macro": 0.2862540583378071,
    "recall_macro": 0.2735710512090893,
    "f1_macro": 0.27254905797278683,
    "adjacent_accuracy": 0.7640449438202247,
    "mae": 0.9213483146067416,
    "raw_exact": 0.24157303370786518,
    "raw_within1": 0.46629213483146065,
    "raw_mae": 2.5842696629213484,
    "pct_mae": 22.776886035313
  },
  "test": {
    "qwk": 0.47339503824859475,
    "cohen_kappa": 0.20932396987900848,
    "accuracy": 0.4101123595505618,
    "precision_macro": 0.3062333744686686,
    "recall_macro": 0.3037435567930321,
    "f1_macro": 0.29298267238565745,
    "adjacent_accuracy": 0.7752808988764045,
    "mae": 0.8764044943820225,
    "raw_exact": 0.2808988764044944,
    "raw_within1": 0.5,
    "raw_mae": 2.544943820224719,
    "pct_mae": 21.179775280898877
  },
  "best_epoch": null
}