{
  "train": {
    "qwk": 0.8810613644736868,
    "accuracy": 0.7939297124600639,
    "adjacent_accuracy": 0.9664536741214057,
    "mae": 0.24121405750798722,
    "raw_exact": 0.5447284345047924,
    "raw_within1": 0.7907348242811502,
    "raw_mae": 0.8610223642172524,
    "pct_mae": 7.069070439677469
  },
  "val": {
    "qwk": 0.8308153220629146,
    "accuracy": 0.753731343283582,
    "adjacent_accuracy": 0.9477611940298507,
    "mae": 0.30597014925373134,
    "raw_exact": 0.5149253731343284,
    "raw_within1": 0.7014925373134329,
    "raw_mae": 1.2686567164179106,
    "pct_mae": 10.024875621890548
  },
  "test": {
    "qwk": 0.8075612023551286,
    "accuracy": 0.7407407407407407,
    "adjacent_accuracy": 0.9407407407407408,
    "mae": 0.3333333333333333,
    "raw_exact": 0.5851851851851851,
    "raw_within1": 0.7777777777777778,
    "raw_mae": 1.0888888888888888,
    "pct_mae": 8.358024691358024
  },
  "best_epoch": null,
  "calibrated_cuts": [
    0.125,
    0.47000000000000003,
    0.7000000000000001,
    0.86
  ]
}