{
  "train": {
    "qwk": 0.8354842372175756,
    "accuracy": 0.6364734299516909,
    "adjacent_accuracy": 0.9710144927536232,
    "mae": 0.39371980676328505,
    "raw_exact": 0.4891304347826087,
    "raw_within1": 0.7415458937198067,
    "raw_mae": 0.9903381642512077,
    "pct_mae": 8.621175523349438
  },
  "val": {
    "qwk": 0.7402908590543522,
    "accuracy": 0.5955056179775281,
    "adjacent_accuracy": 0.9325842696629213,
    "mae": 0.4887640449438202,
    "raw_exact": 0.4157303370786517,
    "raw_within1": 0.6292134831460674,
    "raw_mae": 1.4550561797752808,
    "pct_mae": 12.23314606741573
  },
  "test": {
    "qwk": 0.7394601572044349,
    "accuracy": 0.6404494382022472,
    "adjacent_accuracy": 0.9101123595505618,
    "mae": 0.46629213483146065,
    "raw_exact": 0.5224719101123596,
    "raw_within1": 0.7415730337078652,
    "raw_mae": 1.2584269662921348,
    "pct_mae": 10.22003745318352
  },
  "best_epoch": null,
  "calibrated_cuts": [
    0.27,
    0.48000000000000004,
    0.625,
    0.875
  ]
}