{
  "train": {
    "qwk": 0.4138699345495056,
    "accuracy": 0.4190821256038647,
    "adjacent_accuracy": 0.7717391304347826,
    "mae": 0.821256038647343,
    "raw_exact": 0.2028985507246377,
    "raw_within1": 0.47342995169082125,
    "raw_mae": 2.467391304347826,
    "pct_mae": 21.999942489072925
  },
  "val": {
    "qwk": 0.491371017936966,
    "accuracy": 0.4606741573033708,
    "adjacent_accuracy": 0.8202247191011236,
    "mae": 0.7303370786516854,
    "raw_exact": 0.1404494382022472,
    "raw_within1": 0.5056179775280899,
    "raw_mae": 2.4213483146067416,
    "pct_mae": 21.572364901016588
  },
  "test": {
    "qwk": 0.46606771824061344,
    "accuracy": 0.4101123595505618,
    "adjacent_accuracy": 0.8595505617977528,
    "mae": 0.7584269662921348,
    "raw_exact": 0.17415730337078653,
    "raw_within1": 0.48314606741573035,
    "raw_mae": 2.4269662921348316,
    "pct_mae": 20.7149545211343
  },
  "best_epoch": null,
  "calibrated_cuts": [
    0.01,
    0.26,
    0.66,
    0.85
  ]
}