{
  "train": {
    "qwk": 0.8281980565507643,
    "cohen_kappa": 0.5779952538466808,
    "accuracy": 0.6944444444444444,
    "precision_macro": 0.7826607096273903,
    "recall_macro": 0.6556036491347552,
    "f1_macro": 0.685377806323971,
    "adjacent_accuracy": 0.9722222222222222,
    "mae": 0.3333333333333333,
    "raw_exact": 0.21618357487922704,
    "raw_within1": 0.7548309178743962,
    "raw_mae": 1.1570048309178744,
    "pct_mae": 10.613210259949389
  },
  "val": {
    "qwk": 0.6645517934543627,
    "cohen_kappa": 0.39033362932893556,
    "accuracy": 0.5449438202247191,
    "precision_macro": 0.7342182125008113,
    "recall_macro": 0.5234654917439239,
    "f1_macro": 0.5443951093951094,
    "adjacent_accuracy": 0.9269662921348315,
    "mae": 0.5280898876404494,
    "raw_exact": 0.25842696629213485,
    "raw_within1": 0.6067415730337079,
    "raw_mae": 1.5674157303370786,
    "pct_mae": 13.805510968432316
  },
  "test": {
    "qwk": 0.7561931131992106,
    "cohen_kappa": 0.5369406867845994,
    "accuracy": 0.6629213483146067,
    "precision_macro": 0.5620765027322404,
    "recall_macro": 0.5146928576528063,
    "f1_macro": 0.5069508269508269,
    "adjacent_accuracy": 0.9382022471910112,
    "mae": 0.398876404494382,
    "raw_exact": 0.2640449438202247,
    "raw_within1": 0.6853932584269663,
    "raw_mae": 1.4606741573033708,
    "pct_mae": 12.690609951845907
  },
  "best_epoch": null
}