{
  "train": {
    "qwk": 0.49369369369369365,
    "accuracy": 0.39855072463768115,
    "adjacent_accuracy": 0.7922705314009661,
    "mae": 0.8357487922705314,
    "raw_exact": 0.2391304347826087,
    "raw_within1": 0.4806763285024155,
    "raw_mae": 2.103864734299517,
    "pct_mae": 18.728145847711065
  },
  "val": {
    "qwk": 0.4155899173903833,
    "accuracy": 0.398876404494382,
    "adjacent_accuracy": 0.7528089887640449,
    "mae": 0.8932584269662921,
    "raw_exact": 0.20786516853932585,
    "raw_within1": 0.42134831460674155,
    "raw_mae": 2.2865168539325844,
    "pct_mae": 20.949705724986625
  },
  "test": {
    "qwk": 0.540763673890609,
    "accuracy": 0.42134831460674155,
    "adjacent_accuracy": 0.8089887640449438,
    "mae": 0.7808988764044944,
    "raw_exact": 0.21348314606741572,
    "raw_within1": 0.5,
    "raw_mae": 2.168539325842697,
    "pct_mae": 19.49772605671482
  },
  "best_epoch": null,
  "calibrated_cuts": [
    0.27,
    0.61,
    0.66,
    0.7000000000000001
  ]
}