{
  "train": {
    "qwk": 0.9120293936444062,
    "accuracy": 0.7971246006389776,
    "adjacent_accuracy": 0.987220447284345,
    "mae": 0.21565495207667731,
    "raw_exact": 0.6006389776357828,
    "raw_within1": 0.8562300319488818,
    "raw_mae": 0.6757188498402555,
    "pct_mae": 5.428647497337594
  },
  "val": {
    "qwk": 0.8559511523907809,
    "accuracy": 0.7686567164179104,
    "adjacent_accuracy": 0.9776119402985075,
    "mae": 0.26865671641791045,
    "raw_exact": 0.4552238805970149,
    "raw_within1": 0.7238805970149254,
    "raw_mae": 1.2313432835820894,
    "pct_mae": 9.65174129353234
  },
  "test": {
    "qwk": 0.8199462526127201,
    "accuracy": 0.7333333333333333,
    "adjacent_accuracy": 0.9481481481481482,
    "mae": 0.3333333333333333,
    "raw_exact": 0.5777777777777777,
    "raw_within1": 0.7777777777777778,
    "raw_mae": 1.0814814814814815,
    "pct_mae": 8.339506172839506
  },
  "best_epoch": null,
  "calibrated_cuts": [
    0.125,
    0.46,
    0.7000000000000001,
    0.9
  ]
}