{
  "train": {
    "qwk": 0.8145763635372963,
    "accuracy": 0.6243961352657005,
    "adjacent_accuracy": 0.9637681159420289,
    "mae": 0.4142512077294686,
    "raw_exact": 0.4359903381642512,
    "raw_within1": 0.7246376811594203,
    "raw_mae": 1.0809178743961352,
    "pct_mae": 9.32295261099609
  },
  "val": {
    "qwk": 0.7708343649418172,
    "accuracy": 0.601123595505618,
    "adjacent_accuracy": 0.9382022471910112,
    "mae": 0.4606741573033708,
    "raw_exact": 0.4044943820224719,
    "raw_within1": 0.6629213483146067,
    "raw_mae": 1.4269662921348314,
    "pct_mae": 12.084002140181918
  },
  "test": {
    "qwk": 0.7419324665606586,
    "accuracy": 0.6460674157303371,
    "adjacent_accuracy": 0.9044943820224719,
    "mae": 0.4606741573033708,
    "raw_exact": 0.43820224719101125,
    "raw_within1": 0.702247191011236,
    "raw_mae": 1.2584269662921348,
    "pct_mae": 10.482209737827716
  },
  "best_epoch": null,
  "calibrated_cuts": [
    0.26,
    0.33,
    0.6,
    0.81
  ]
}