{
  "train": {
    "qwk": 0.907375554396517,
    "accuracy": 0.768370607028754,
    "adjacent_accuracy": 0.9920127795527156,
    "mae": 0.23961661341853036,
    "raw_exact": 0.5287539936102237,
    "raw_within1": 0.8610223642172524,
    "raw_mae": 0.7348242811501597,
    "pct_mae": 6.057165677772707
  },
  "val": {
    "qwk": 0.8502664603747636,
    "accuracy": 0.753731343283582,
    "adjacent_accuracy": 0.9776119402985075,
    "mae": 0.2835820895522388,
    "raw_exact": 0.4253731343283582,
    "raw_within1": 0.753731343283582,
    "raw_mae": 1.2611940298507462,
    "pct_mae": 9.850746268656716
  },
  "test": {
    "qwk": 0.845414847161572,
    "accuracy": 0.7481481481481481,
    "adjacent_accuracy": 0.9629629629629629,
    "mae": 0.3037037037037037,
    "raw_exact": 0.5185185185185185,
    "raw_within1": 0.7925925925925926,
    "raw_mae": 0.9925925925925926,
    "pct_mae": 7.919753086419753
  },
  "best_epoch": null,
  "calibrated_cuts": [
    0.125,
    0.45,
    0.67,
    0.875
  ]
}