{
  "train": {
    "qwk": 0.8604160855019081,
    "accuracy": 0.7012779552715654,
    "adjacent_accuracy": 0.9824281150159745,
    "mae": 0.3210862619808307,
    "raw_exact": 0.5335463258785943,
    "raw_within1": 0.8083067092651757,
    "raw_mae": 0.8722044728434505,
    "pct_mae": 7.151605050966073
  },
  "val": {
    "qwk": 0.8270808369434971,
    "accuracy": 0.7089552238805971,
    "adjacent_accuracy": 0.9701492537313433,
    "mae": 0.3283582089552239,
    "raw_exact": 0.48507462686567165,
    "raw_within1": 0.7238805970149254,
    "raw_mae": 1.2985074626865671,
    "pct_mae": 9.93781094527363
  },
  "test": {
    "qwk": 0.7669473684210526,
    "accuracy": 0.6592592592592592,
    "adjacent_accuracy": 0.9481481481481482,
    "mae": 0.4148148148148148,
    "raw_exact": 0.4962962962962963,
    "raw_within1": 0.7777777777777778,
    "raw_mae": 1.2444444444444445,
    "pct_mae": 9.635802469135802
  },
  "best_epoch": null,
  "calibrated_cuts": [
    0.01,
    0.46,
    0.65,
    0.9600000000000001
  ]
}