{
  "train": {
    "qwk": 0.7850821536281085,
    "accuracy": 0.6207729468599034,
    "adjacent_accuracy": 0.9528985507246377,
    "mae": 0.428743961352657,
    "raw_exact": 0.4178743961352657,
    "raw_within1": 0.6968599033816425,
    "raw_mae": 1.211352657004831,
    "pct_mae": 10.344346675868415
  },
  "val": {
    "qwk": 0.7145700857063865,
    "accuracy": 0.6179775280898876,
    "adjacent_accuracy": 0.9101123595505618,
    "mae": 0.47191011235955055,
    "raw_exact": 0.3707865168539326,
    "raw_within1": 0.5955056179775281,
    "raw_mae": 1.595505617977528,
    "pct_mae": 13.506554307116106
  },
  "test": {
    "qwk": 0.7311594764154596,
    "accuracy": 0.651685393258427,
    "adjacent_accuracy": 0.9157303370786517,
    "mae": 0.4438202247191011,
    "raw_exact": 0.4157303370786517,
    "raw_within1": 0.7134831460674157,
    "raw_mae": 1.3932584269662922,
    "pct_mae": 11.076779026217228
  },
  "best_epoch": null,
  "calibrated_cuts": [
    0.16,
    0.375,
    0.59,
    0.875
  ]
}