{
  "train": {
    "qwk": 0.763591094463795,
    "accuracy": 0.6654589371980676,
    "adjacent_accuracy": 0.9154589371980676,
    "mae": 0.427536231884058,
    "raw_exact": 0.38768115942028986,
    "raw_within1": 0.6400966183574879,
    "raw_mae": 1.358695652173913,
    "pct_mae": 11.452582240625718
  },
  "val": {
    "qwk": 0.6843673160582561,
    "accuracy": 0.6179775280898876,
    "adjacent_accuracy": 0.8651685393258427,
    "mae": 0.5280898876404494,
    "raw_exact": 0.3539325842696629,
    "raw_within1": 0.5674157303370787,
    "raw_mae": 1.8202247191011236,
    "pct_mae": 14.990636704119847
  },
  "test": {
    "qwk": 0.6844047762634182,
    "accuracy": 0.601123595505618,
    "adjacent_accuracy": 0.9044943820224719,
    "mae": 0.5224719101123596,
    "raw_exact": 0.38764044943820225,
    "raw_within1": 0.651685393258427,
    "raw_mae": 1.5561797752808988,
    "pct_mae": 12.24250936329588
  },
  "best_epoch": null,
  "calibrated_cuts": [
    0.25,
    0.375,
    0.62,
    0.7000000000000001
  ]
}