{
  "train": {
    "qwk": 0.901922231731859,
    "cohen_kappa": 0.6562359055862202,
    "accuracy": 0.7625786163522013,
    "precision_macro": 0.7879822954822955,
    "recall_macro": 0.6859657098223683,
    "f1_macro": 0.7120488564845621,
    "adjacent_accuracy": 0.9952830188679245,
    "mae": 0.24213836477987422,
    "raw_exact": 0.16981132075471697,
    "raw_within1": 0.8474842767295597,
    "raw_mae": 1.009433962264151,
    "pct_mae": 9.919511829889188
  },
  "val": {
    "qwk": 0.8109756097560976,
    "cohen_kappa": 0.4187590628100435,
    "accuracy": 0.5882352941176471,
    "precision_macro": 0.6595519713261648,
    "recall_macro": 0.5144665012406948,
    "f1_macro": 0.5468543635474212,
    "adjacent_accuracy": 0.9852941176470589,
    "mae": 0.4264705882352941,
    "raw_exact": 0.15441176470588236,
    "raw_within1": 0.6838235294117647,
    "raw_mae": 1.5441176470588236,
    "pct_mae": 13.907563025210083
  },
  "test": {
    "qwk": 0.7885755183288229,
    "cohen_kappa": 0.47056149124801094,
    "accuracy": 0.6277372262773723,
    "precision_macro": 0.5283040935672515,
    "recall_macro": 0.45871619420006515,
    "f1_macro": 0.4679026524473612,
    "adjacent_accuracy": 0.9562043795620438,
    "mae": 0.41605839416058393,
    "raw_exact": 0.15328467153284672,
    "raw_within1": 0.6642335766423357,
    "raw_mae": 1.5693430656934306,
    "pct_mae": 13.81126173096976
  },
  "best_epoch": null
}