{
  "train": {
    "qwk": 0.855733492855812,
    "accuracy": 0.7364217252396166,
    "adjacent_accuracy": 0.9680511182108626,
    "mae": 0.2987220447284345,
    "raw_exact": 0.4217252396166134,
    "raw_within1": 0.7300319488817891,
    "raw_mae": 1.1118210862619808,
    "pct_mae": 9.200327095694508
  },
  "val": {
    "qwk": 0.7315052456211446,
    "accuracy": 0.6044776119402985,
    "adjacent_accuracy": 0.9104477611940298,
    "mae": 0.48507462686567165,
    "raw_exact": 0.39552238805970147,
    "raw_within1": 0.6194029850746269,
    "raw_mae": 1.8059701492537314,
    "pct_mae": 14.054726368159207
  },
  "test": {
    "qwk": 0.7833858027825733,
    "accuracy": 0.674074074074074,
    "adjacent_accuracy": 0.9259259259259259,
    "mae": 0.4074074074074074,
    "raw_exact": 0.4666666666666667,
    "raw_within1": 0.7111111111111111,
    "raw_mae": 1.3333333333333333,
    "pct_mae": 10.555555555555554
  },
  "best_epoch": null,
  "calibrated_cuts": [
    0.21000000000000002,
    0.36000000000000004,
    0.63,
    0.79
  ]
}