{
  "train": {
    "qwk": 0.8825830938530663,
    "accuracy": 0.7092651757188498,
    "adjacent_accuracy": 0.9792332268370607,
    "mae": 0.31150159744408945,
    "raw_exact": 0.5383386581469649,
    "raw_within1": 0.8067092651757188,
    "raw_mae": 0.8019169329073482,
    "pct_mae": 6.5523733455043365
  },
  "val": {
    "qwk": 0.7678176276564653,
    "accuracy": 0.6567164179104478,
    "adjacent_accuracy": 0.9328358208955224,
    "mae": 0.4253731343283582,
    "raw_exact": 0.417910447761194,
    "raw_within1": 0.6492537313432836,
    "raw_mae": 1.5223880597014925,
    "pct_mae": 12.027363184079602
  },
  "test": {
    "qwk": 0.7931500675980171,
    "accuracy": 0.6592592592592592,
    "adjacent_accuracy": 0.9407407407407408,
    "mae": 0.4222222222222222,
    "raw_exact": 0.5037037037037037,
    "raw_within1": 0.7703703703703704,
    "raw_mae": 1.2,
    "pct_mae": 9.117283950617283
  },
  "best_epoch": null,
  "calibrated_cuts": [
    0.28,
    0.375,
    0.64,
    0.87
  ]
}