{
  "train": {
    "qwk": 0.8977748364861496,
    "cohen_kappa": 0.6620789104141815,
    "accuracy": 0.7715654952076677,
    "precision_macro": 0.6055505102728949,
    "recall_macro": 0.5665769404432421,
    "f1_macro": 0.5714389296429253,
    "adjacent_accuracy": 0.9952076677316294,
    "mae": 0.23322683706070288,
    "raw_exact": 0.22843450479233227,
    "raw_within1": 0.8402555910543131,
    "raw_mae": 0.9488817891373802,
    "pct_mae": 9.146508443633044
  },
  "val": {
    "qwk": 0.7465753424657534,
    "cohen_kappa": 0.4386658235852039,
    "accuracy": 0.6044776119402985,
    "precision_macro": 0.5087731558319794,
    "recall_macro": 0.4419795974634685,
    "f1_macro": 0.4343178771811205,
    "adjacent_accuracy": 0.9477611940298507,
    "mae": 0.44776119402985076,
    "raw_exact": 0.208955223880597,
    "raw_within1": 0.6194029850746269,
    "raw_mae": 1.626865671641791,
    "pct_mae": 13.94367448471926
  },
  "test": {
    "qwk": 0.7944499017681729,
    "cohen_kappa": 0.43882352941176483,
    "accuracy": 0.6074074074074074,
    "precision_macro": 0.47616708972519584,
    "recall_macro": 0.41187357445421957,
    "f1_macro": 0.41460752053972383,
    "adjacent_accuracy": 0.9777777777777777,
    "mae": 0.4148148148148148,
    "raw_exact": 0.14814814814814814,
    "raw_within1": 0.6370370370370371,
    "raw_mae": 1.5407407407407407,
    "pct_mae": 13.591710758377424
  },
  "best_epoch": null
}