{
  "train": {
    "qwk": 0.4098945440981995,
    "cohen_kappa": 0.10831552813221768,
    "accuracy": 0.31629392971246006,
    "precision_macro": 0.2861612166525562,
    "recall_macro": 0.23403161888246032,
    "f1_macro": 0.23630798638061626,
    "adjacent_accuracy": 0.744408945686901,
    "mae": 1.0031948881789137,
    "raw_exact": 0.16773162939297126,
    "raw_within1": 0.4696485623003195,
    "raw_mae": 2.659744408945687,
    "pct_mae": 23.74733759318424
  },
  "val": {
    "qwk": 0.40093087821010076,
    "cohen_kappa": 0.16788427819988316,
    "accuracy": 0.3656716417910448,
    "precision_macro": 0.3152923161060979,
    "recall_macro": 0.29326440584505103,
    "f1_macro": 0.27530823181985975,
    "adjacent_accuracy": 0.7910447761194029,
    "mae": 0.917910447761194,
    "raw_exact": 0.13432835820895522,
    "raw_within1": 0.4925373134328358,
    "raw_mae": 2.7611940298507465,
    "pct_mae": 23.197405828002847
  },
  "test": {
    "qwk": 0.38836628911499327,
    "cohen_kappa": 0.1366279069767442,
    "accuracy": 0.34814814814814815,
    "precision_macro": 0.2873366061394688,
    "recall_macro": 0.23898338220918863,
    "f1_macro": 0.23859649122807017,
    "adjacent_accuracy": 0.7333333333333333,
    "mae": 0.9777777777777777,
    "raw_exact": 0.17777777777777778,
    "raw_within1": 0.4888888888888889,
    "raw_mae": 2.4962962962962965,
    "pct_mae": 22.88183421516755
  },
  "best_epoch": null
}