{
  "train": {
    "qwk": 0.7550585729499467,
    "accuracy": 0.6135265700483091,
    "adjacent_accuracy": 0.9335748792270532,
    "mae": 0.45652173913043476,
    "raw_exact": 0.3647342995169082,
    "raw_within1": 0.6485507246376812,
    "raw_mae": 1.3659420289855073,
    "pct_mae": 11.830860363469057
  },
  "val": {
    "qwk": 0.6737210464922513,
    "accuracy": 0.5617977528089888,
    "adjacent_accuracy": 0.898876404494382,
    "mae": 0.5393258426966292,
    "raw_exact": 0.3202247191011236,
    "raw_within1": 0.5674157303370787,
    "raw_mae": 1.7752808988764044,
    "pct_mae": 14.911048689138577
  },
  "test": {
    "qwk": 0.6774694553737834,
    "accuracy": 0.6460674157303371,
    "adjacent_accuracy": 0.8932584269662921,
    "mae": 0.48314606741573035,
    "raw_exact": 0.38202247191011235,
    "raw_within1": 0.6797752808988764,
    "raw_mae": 1.595505617977528,
    "pct_mae": 12.837078651685394
  },
  "best_epoch": null,
  "calibrated_cuts": [
    0.14,
    0.42000000000000004,
    0.625,
    0.85
  ]
}