{
  "train": {
    "qwk": 0.939151356501487,
    "accuracy": 0.8578274760383386,
    "adjacent_accuracy": 0.9936102236421726,
    "mae": 0.1485623003194888,
    "raw_exact": 0.5990415335463258,
    "raw_within1": 0.8690095846645367,
    "raw_mae": 0.6118210862619808,
    "pct_mae": 5.030807850296668
  },
  "val": {
    "qwk": 0.8276908807285299,
    "accuracy": 0.7761194029850746,
    "adjacent_accuracy": 0.9477611940298507,
    "mae": 0.291044776119403,
    "raw_exact": 0.48507462686567165,
    "raw_within1": 0.7388059701492538,
    "raw_mae": 1.3656716417910448,
    "pct_mae": 10.329601990049749
  },
  "test": {
    "qwk": 0.7949513316932292,
    "accuracy": 0.725925925925926,
    "adjacent_accuracy": 0.9407407407407408,
    "mae": 0.34814814814814815,
    "raw_exact": 0.5259259259259259,
    "raw_within1": 0.7407407407407407,
    "raw_mae": 1.2296296296296296,
    "pct_mae": 9.339506172839505
  },
  "best_epoch": null,
  "calibrated_cuts": [
    0.01,
    0.37,
    0.65,
    0.875
  ]
}