{
  "train": {
    "qwk": 0.6950461538461539,
    "accuracy": 0.5377358490566038,
    "adjacent_accuracy": 0.8915094339622641,
    "mae": 0.589622641509434,
    "raw_exact": 0.1918238993710692,
    "raw_within1": 0.5864779874213837,
    "raw_mae": 1.929245283018868,
    "pct_mae": 16.743411200958374
  },
  "val": {
    "qwk": 0.7411044691147168,
    "accuracy": 0.6176470588235294,
    "adjacent_accuracy": 0.8897058823529411,
    "mae": 0.5073529411764706,
    "raw_exact": 0.22058823529411764,
    "raw_within1": 0.5882352941176471,
    "raw_mae": 1.8897058823529411,
    "pct_mae": 16.389180672268907
  },
  "test": {
    "qwk": 0.6396386093321135,
    "accuracy": 0.5474452554744526,
    "adjacent_accuracy": 0.8759124087591241,
    "mae": 0.6131386861313869,
    "raw_exact": 0.18248175182481752,
    "raw_within1": 0.5912408759124088,
    "raw_mae": 2.0291970802919708,
    "pct_mae": 17.162843239485575
  },
  "best_epoch": null,
  "calibrated_cuts": [
    0.29000000000000004,
    0.49,
    0.7100000000000001,
    0.8400000000000001
  ]
}