{
  "train": {
    "qwk": 0.7569533798043103,
    "accuracy": 0.6219806763285024,
    "adjacent_accuracy": 0.9492753623188406,
    "mae": 0.4335748792270531,
    "raw_exact": 0.42632850241545894,
    "raw_within1": 0.6714975845410628,
    "raw_mae": 1.2705314009661837,
    "pct_mae": 10.853749712445365
  },
  "val": {
    "qwk": 0.680316091954023,
    "accuracy": 0.6067415730337079,
    "adjacent_accuracy": 0.8876404494382022,
    "mae": 0.5056179775280899,
    "raw_exact": 0.4044943820224719,
    "raw_within1": 0.6067415730337079,
    "raw_mae": 1.6853932584269662,
    "pct_mae": 14.04494382022472
  },
  "test": {
    "qwk": 0.6435627703316068,
    "accuracy": 0.651685393258427,
    "adjacent_accuracy": 0.8820224719101124,
    "mae": 0.4943820224719101,
    "raw_exact": 0.449438202247191,
    "raw_within1": 0.6966292134831461,
    "raw_mae": 1.5730337078651686,
    "pct_mae": 12.551498127340825
  },
  "best_epoch": null,
  "calibrated_cuts": [
    0.17,
    0.375,
    0.64,
    0.93
  ]
}