{
  "train": {
    "qwk": 0.9011652408445362,
    "accuracy": 0.7783018867924528,
    "adjacent_accuracy": 0.9811320754716981,
    "mae": 0.24056603773584906,
    "raw_exact": 0.4261006289308176,
    "raw_within1": 0.7767295597484277,
    "raw_mae": 0.9559748427672956,
    "pct_mae": 7.911612758310873
  },
  "val": {
    "qwk": 0.9052924791086351,
    "accuracy": 0.7573529411764706,
    "adjacent_accuracy": 0.9926470588235294,
    "mae": 0.25,
    "raw_exact": 0.47058823529411764,
    "raw_within1": 0.7352941176470589,
    "raw_mae": 1.088235294117647,
    "pct_mae": 8.988970588235293
  },
  "test": {
    "qwk": 0.8399781965425945,
    "accuracy": 0.7299270072992701,
    "adjacent_accuracy": 0.9562043795620438,
    "mae": 0.32116788321167883,
    "raw_exact": 0.44525547445255476,
    "raw_within1": 0.7007299270072993,
    "raw_mae": 1.2773722627737227,
    "pct_mae": 9.829683698296837
  },
  "best_epoch": null,
  "calibrated_cuts": [
    0.08,
    0.375,
    0.63,
    0.86
  ]
}