{
  "train": {
    "qwk": 0.8474403887444909,
    "accuracy": 0.7198067632850241,
    "adjacent_accuracy": 0.9746376811594203,
    "mae": 0.30676328502415456,
    "raw_exact": 0.45652173913043476,
    "raw_within1": 0.7717391304347826,
    "raw_mae": 0.961352657004831,
    "pct_mae": 8.57890499194847
  },
  "val": {
    "qwk": 0.7900943396226415,
    "accuracy": 0.6741573033707865,
    "adjacent_accuracy": 0.9550561797752809,
    "mae": 0.3707865168539326,
    "raw_exact": 0.4044943820224719,
    "raw_within1": 0.6797752808988764,
    "raw_mae": 1.297752808988764,
    "pct_mae": 11.100187265917603
  },
  "test": {
    "qwk": 0.7357339523835231,
    "accuracy": 0.6910112359550562,
    "adjacent_accuracy": 0.9157303370786517,
    "mae": 0.4044943820224719,
    "raw_exact": 0.4550561797752809,
    "raw_within1": 0.6966292134831461,
    "raw_mae": 1.3426966292134832,
    "pct_mae": 10.955056179775282
  },
  "best_epoch": null,
  "calibrated_cuts": [
    0.06999999999999999,
    0.33,
    0.64,
    0.85
  ]
}