{
  "train": {
    "qwk": 0.5874694654256396,
    "accuracy": 0.49033816425120774,
    "adjacent_accuracy": 0.8393719806763285,
    "mae": 0.6859903381642513,
    "raw_exact": 0.20893719806763286,
    "raw_within1": 0.5471014492753623,
    "raw_mae": 1.9166666666666667,
    "pct_mae": 16.908356337704163
  },
  "val": {
    "qwk": 0.5803970223325061,
    "accuracy": 0.4887640449438202,
    "adjacent_accuracy": 0.8426966292134831,
    "mae": 0.6853932584269663,
    "raw_exact": 0.17415730337078653,
    "raw_within1": 0.5168539325842697,
    "raw_mae": 2.0730337078651684,
    "pct_mae": 18.384162653825573
  },
  "test": {
    "qwk": 0.6331548775287819,
    "accuracy": 0.5449438202247191,
    "adjacent_accuracy": 0.8539325842696629,
    "mae": 0.6179775280898876,
    "raw_exact": 0.19662921348314608,
    "raw_within1": 0.5955056179775281,
    "raw_mae": 1.9382022471910112,
    "pct_mae": 16.76832530765115
  },
  "best_epoch": null,
  "calibrated_cuts": [
    0.23,
    0.45,
    0.7000000000000001,
    0.77
  ]
}