{
  "train": {
    "qwk": 0.833576228748778,
    "cohen_kappa": 0.5987918530841665,
    "accuracy": 0.7101449275362319,
    "precision_macro": 0.7856871679253314,
    "recall_macro": 0.667652860815402,
    "f1_macro": 0.6961430151951371,
    "adjacent_accuracy": 0.9698067632850241,
    "mae": 0.32004830917874394,
    "raw_exact": 0.19444444444444445,
    "raw_within1": 0.7548309178743962,
    "raw_mae": 1.1871980676328502,
    "pct_mae": 11.236197377501727
  },
  "val": {
    "qwk": 0.6832152031941564,
    "cohen_kappa": 0.40372302082008227,
    "accuracy": 0.5561797752808989,
    "precision_macro": 0.716167735804229,
    "recall_macro": 0.5287988250772573,
    "f1_macro": 0.5492274464964254,
    "adjacent_accuracy": 0.9325842696629213,
    "mae": 0.5112359550561798,
    "raw_exact": 0.21910112359550563,
    "raw_within1": 0.6067415730337079,
    "raw_mae": 1.5898876404494382,
    "pct_mae": 14.357945425361155
  },
  "test": {
    "qwk": 0.7719225897670035,
    "cohen_kappa": 0.5579470198675497,
    "accuracy": 0.6797752808988764,
    "precision_macro": 0.5822085526704914,
    "recall_macro": 0.5227078705545186,
    "f1_macro": 0.5192006152289819,
    "adjacent_accuracy": 0.9438202247191011,
    "mae": 0.37640449438202245,
    "raw_exact": 0.2696629213483146,
    "raw_within1": 0.702247191011236,
    "raw_mae": 1.4157303370786516,
    "pct_mae": 12.51270733012306
  },
  "best_epoch": null
}