{
  "train": {
    "qwk": 0.8920802914236887,
    "accuracy": 0.7795527156549521,
    "adjacent_accuracy": 0.9904153354632588,
    "mae": 0.23162939297124602,
    "raw_exact": 0.5015974440894568,
    "raw_within1": 0.8083067092651757,
    "raw_mae": 0.853035143769968,
    "pct_mae": 7.16225467822912
  },
  "val": {
    "qwk": 0.8050314465408805,
    "accuracy": 0.7089552238805971,
    "adjacent_accuracy": 0.9552238805970149,
    "mae": 0.34328358208955223,
    "raw_exact": 0.41044776119402987,
    "raw_within1": 0.6791044776119403,
    "raw_mae": 1.4850746268656716,
    "pct_mae": 11.753731343283583
  },
  "test": {
    "qwk": 0.8145126663804207,
    "accuracy": 0.6888888888888889,
    "adjacent_accuracy": 0.9703703703703703,
    "mae": 0.35555555555555557,
    "raw_exact": 0.4740740740740741,
    "raw_within1": 0.725925925925926,
    "raw_mae": 1.3111111111111111,
    "pct_mae": 10.604938271604938
  },
  "best_epoch": null,
  "calibrated_cuts": [
    0.01,
    0.3,
    0.5800000000000001,
    0.89
  ]
}