{
  "train": {
    "qwk": 0.46214307034125957,
    "accuracy": 0.38207547169811323,
    "adjacent_accuracy": 0.7531446540880503,
    "mae": 0.9119496855345912,
    "raw_exact": 0.1509433962264151,
    "raw_within1": 0.5141509433962265,
    "raw_mae": 2.356918238993711,
    "pct_mae": 20.672918538484577
  },
  "val": {
    "qwk": 0.558,
    "accuracy": 0.47058823529411764,
    "adjacent_accuracy": 0.8235294117647058,
    "mae": 0.7426470588235294,
    "raw_exact": 0.15441176470588236,
    "raw_within1": 0.5220588235294118,
    "raw_mae": 2.573529411764706,
    "pct_mae": 21.634278711484594
  },
  "test": {
    "qwk": 0.48189319275727716,
    "accuracy": 0.41605839416058393,
    "adjacent_accuracy": 0.7737226277372263,
    "mae": 0.8467153284671532,
    "raw_exact": 0.11678832116788321,
    "raw_within1": 0.5547445255474452,
    "raw_mae": 2.4817518248175183,
    "pct_mae": 20.921967327076814
  },
  "best_epoch": null,
  "calibrated_cuts": [
    0.46,
    0.65,
    0.6900000000000001,
    0.9
  ]
}