{
  "train": {
    "qwk": 0.9160420972908153,
    "accuracy": 0.8242811501597445,
    "adjacent_accuracy": 0.9888178913738019,
    "mae": 0.18849840255591055,
    "raw_exact": 0.5559105431309904,
    "raw_within1": 0.8833865814696485,
    "raw_mae": 0.6789137380191693,
    "pct_mae": 5.788452761296211
  },
  "val": {
    "qwk": 0.8013949433304273,
    "accuracy": 0.746268656716418,
    "adjacent_accuracy": 0.9402985074626866,
    "mae": 0.3283582089552239,
    "raw_exact": 0.47761194029850745,
    "raw_within1": 0.7761194029850746,
    "raw_mae": 1.328358208955224,
    "pct_mae": 10.385572139303484
  },
  "test": {
    "qwk": 0.7960682876357993,
    "accuracy": 0.7555555555555555,
    "adjacent_accuracy": 0.9259259259259259,
    "mae": 0.3333333333333333,
    "raw_exact": 0.5333333333333333,
    "raw_within1": 0.7925925925925926,
    "raw_mae": 1.1777777777777778,
    "pct_mae": 8.944444444444443
  },
  "best_epoch": null,
  "calibrated_cuts": [
    0.01,
    0.39,
    0.6900000000000001,
    0.875
  ]
}