{
  "train": {
    "qwk": 0.8328623334679047,
    "cohen_kappa": 0.5973542752909652,
    "accuracy": 0.7089371980676329,
    "precision_macro": 0.7854417174103665,
    "recall_macro": 0.6674098953230685,
    "f1_macro": 0.6955211013933448,
    "adjacent_accuracy": 0.9698067632850241,
    "mae": 0.321256038647343,
    "raw_exact": 0.1859903381642512,
    "raw_within1": 0.7403381642512077,
    "raw_mae": 1.214975845410628,
    "pct_mae": 11.52403956751783
  },
  "val": {
    "qwk": 0.6759204506551306,
    "cohen_kappa": 0.41012023622381777,
    "accuracy": 0.5617977528089888,
    "precision_macro": 0.738188608776844,
    "recall_macro": 0.5328804577303186,
    "f1_macro": 0.5540782368291863,
    "adjacent_accuracy": 0.9269662921348315,
    "mae": 0.5112359550561798,
    "raw_exact": 0.21348314606741572,
    "raw_within1": 0.6292134831460674,
    "raw_mae": 1.5730337078651686,
    "pct_mae": 14.128544676297484
  },
  "test": {
    "qwk": 0.7749617781959308,
    "cohen_kappa": 0.5653235653235653,
    "accuracy": 0.6853932584269663,
    "precision_macro": 0.5849370902002481,
    "recall_macro": 0.5267895032075799,
    "f1_macro": 0.5230038415825483,
    "adjacent_accuracy": 0.9438202247191011,
    "mae": 0.3707865168539326,
    "raw_exact": 0.2640449438202247,
    "raw_within1": 0.7078651685393258,
    "raw_mae": 1.3876404494382022,
    "pct_mae": 12.381621187800961
  },
  "best_epoch": null
}