{
  "train": {
    "qwk": 0.8133934320669671,
    "accuracy": 0.6751207729468599,
    "adjacent_accuracy": 0.9516908212560387,
    "mae": 0.3756038647342995,
    "raw_exact": 0.4057971014492754,
    "raw_within1": 0.7282608695652174,
    "raw_mae": 1.1231884057971016,
    "pct_mae": 9.588653094087876
  },
  "val": {
    "qwk": 0.7146656062827745,
    "accuracy": 0.6067415730337079,
    "adjacent_accuracy": 0.898876404494382,
    "mae": 0.5,
    "raw_exact": 0.4101123595505618,
    "raw_within1": 0.6292134831460674,
    "raw_mae": 1.5449438202247192,
    "pct_mae": 12.860486891385767
  },
  "test": {
    "qwk": 0.8110880881386768,
    "accuracy": 0.6460674157303371,
    "adjacent_accuracy": 0.9606741573033708,
    "mae": 0.39325842696629215,
    "raw_exact": 0.4157303370786517,
    "raw_within1": 0.6797752808988764,
    "raw_mae": 1.3764044943820224,
    "pct_mae": 11.086142322097379
  },
  "best_epoch": null,
  "calibrated_cuts": [
    0.24000000000000002,
    0.39,
    0.7000000000000001,
    0.86
  ]
}