{
  "train": {
    "qwk": 0.4220569773056494,
    "accuracy": 0.47342995169082125,
    "adjacent_accuracy": 0.7342995169082126,
    "mae": 0.8417874396135265,
    "raw_exact": 0.30917874396135264,
    "raw_within1": 0.4867149758454106,
    "raw_mae": 2.407004830917874,
    "pct_mae": 21.147342995169083
  },
  "val": {
    "qwk": 0.4864958965431485,
    "accuracy": 0.4887640449438202,
    "adjacent_accuracy": 0.7921348314606742,
    "mae": 0.7528089887640449,
    "raw_exact": 0.25280898876404495,
    "raw_within1": 0.46629213483146065,
    "raw_mae": 2.404494382022472,
    "pct_mae": 21.034644194756552
  },
  "test": {
    "qwk": 0.4665334665334665,
    "accuracy": 0.5,
    "adjacent_accuracy": 0.7696629213483146,
    "mae": 0.7752808988764045,
    "raw_exact": 0.29213483146067415,
    "raw_within1": 0.4943820224719101,
    "raw_mae": 2.3820224719101124,
    "pct_mae": 19.705056179775283
  },
  "best_epoch": null,
  "calibrated_cuts": [
    0.01,
    0.4,
    0.8200000000000001,
    0.8300000000000001
  ]
}