{
  "train": {
    "qwk": 0.8126446602657258,
    "accuracy": 0.6570048309178744,
    "adjacent_accuracy": 0.9601449275362319,
    "mae": 0.3852657004830918,
    "raw_exact": 0.3997584541062802,
    "raw_within1": 0.6920289855072463,
    "raw_mae": 1.1702898550724639,
    "pct_mae": 9.884546813894639
  },
  "val": {
    "qwk": 0.7359455726635633,
    "accuracy": 0.6179775280898876,
    "adjacent_accuracy": 0.9101123595505618,
    "mae": 0.47191011235955055,
    "raw_exact": 0.3595505617977528,
    "raw_within1": 0.6292134831460674,
    "raw_mae": 1.550561797752809,
    "pct_mae": 13.085205992509366
  },
  "test": {
    "qwk": 0.771461658526761,
    "accuracy": 0.6741573033707865,
    "adjacent_accuracy": 0.9269662921348315,
    "mae": 0.4044943820224719,
    "raw_exact": 0.42134831460674155,
    "raw_within1": 0.7247191011235955,
    "raw_mae": 1.3370786516853932,
    "pct_mae": 10.725655430711612
  },
  "best_epoch": null,
  "calibrated_cuts": [
    0.03,
    0.42000000000000004,
    0.62,
    0.89
  ]
}