{
  "train": {
    "qwk": 0.902914594363335,
    "cohen_kappa": 0.6774589511808875,
    "accuracy": 0.7827476038338658,
    "precision_macro": 0.6122222222222222,
    "recall_macro": 0.5731751468324088,
    "f1_macro": 0.5788173480402635,
    "adjacent_accuracy": 0.9952076677316294,
    "mae": 0.2220447284345048,
    "raw_exact": 0.21405750798722045,
    "raw_within1": 0.8498402555910544,
    "raw_mae": 0.9680511182108626,
    "pct_mae": 9.540544652365739
  },
  "val": {
    "qwk": 0.7666666666666666,
    "cohen_kappa": 0.5249758298420883,
    "accuracy": 0.6716417910447762,
    "precision_macro": 0.5388929874217049,
    "recall_macro": 0.4912048524951751,
    "f1_macro": 0.4775736961451248,
    "adjacent_accuracy": 0.9477611940298507,
    "mae": 0.3880597014925373,
    "raw_exact": 0.1865671641791045,
    "raw_within1": 0.6567164179104478,
    "raw_mae": 1.5671641791044777,
    "pct_mae": 13.906361051883437
  },
  "test": {
    "qwk": 0.7972383720930233,
    "cohen_kappa": 0.4639879298022711,
    "accuracy": 0.6296296296296297,
    "precision_macro": 0.477965367965368,
    "recall_macro": 0.4163049853372433,
    "f1_macro": 0.42050993838042405,
    "adjacent_accuracy": 0.9703703703703703,
    "mae": 0.4,
    "raw_exact": 0.16296296296296298,
    "raw_within1": 0.674074074074074,
    "raw_mae": 1.474074074074074,
    "pct_mae": 13.178130511463843
  },
  "best_epoch": null
}