{
  "train": {
    "qwk": 0.8335515396431038,
    "cohen_kappa": 0.5797038976734816,
    "accuracy": 0.6956521739130435,
    "precision_macro": 0.7835339307048984,
    "recall_macro": 0.6574077050760875,
    "f1_macro": 0.6866283315778998,
    "adjacent_accuracy": 0.9758454106280193,
    "mae": 0.3285024154589372,
    "raw_exact": 0.17995169082125603,
    "raw_within1": 0.7306763285024155,
    "raw_mae": 1.2077294685990339,
    "pct_mae": 11.396221532091099
  },
  "val": {
    "qwk": 0.6753951183016927,
    "cohen_kappa": 0.3910031678986272,
    "accuracy": 0.5449438202247191,
    "precision_macro": 0.7145347494804895,
    "recall_macro": 0.5234654917439239,
    "f1_macro": 0.5428955453149001,
    "adjacent_accuracy": 0.9325842696629213,
    "mae": 0.5224719101123596,
    "raw_exact": 0.23595505617977527,
    "raw_within1": 0.601123595505618,
    "raw_mae": 1.5842696629213484,
    "pct_mae": 14.311128945960409
  },
  "test": {
    "qwk": 0.7496372627402208,
    "cohen_kappa": 0.5228707306528318,
    "accuracy": 0.651685393258427,
    "precision_macro": 0.5580498866213153,
    "recall_macro": 0.5079445583330784,
    "f1_macro": 0.500094921689606,
    "adjacent_accuracy": 0.9382022471910112,
    "mae": 0.4101123595505618,
    "raw_exact": 0.24719101123595505,
    "raw_within1": 0.6853932584269663,
    "raw_mae": 1.4943820224719102,
    "pct_mae": 13.0464151952916
  },
  "best_epoch": null
}