{
  "train": {
    "qwk": 0.9293289506325974,
    "accuracy": 0.8301886792452831,
    "adjacent_accuracy": 0.9889937106918238,
    "mae": 0.18081761006289307,
    "raw_exact": 0.5455974842767296,
    "raw_within1": 0.8647798742138365,
    "raw_mae": 0.6682389937106918,
    "pct_mae": 5.458782569631627
  },
  "val": {
    "qwk": 0.9126360338573156,
    "accuracy": 0.7941176470588235,
    "adjacent_accuracy": 0.9852941176470589,
    "mae": 0.22058823529411764,
    "raw_exact": 0.5073529411764706,
    "raw_within1": 0.7794117647058824,
    "raw_mae": 0.9485294117647058,
    "pct_mae": 7.6348039215686265
  },
  "test": {
    "qwk": 0.8256018570519301,
    "accuracy": 0.7445255474452555,
    "adjacent_accuracy": 0.9562043795620438,
    "mae": 0.32116788321167883,
    "raw_exact": 0.5328467153284672,
    "raw_within1": 0.7664233576642335,
    "raw_mae": 1.145985401459854,
    "pct_mae": 8.546228710462287
  },
  "best_epoch": null
}