{
  "train": {
    "qwk": 0.8075588033797672,
    "accuracy": 0.6886792452830188,
    "adjacent_accuracy": 0.9449685534591195,
    "mae": 0.3710691823899371,
    "raw_exact": 0.44654088050314467,
    "raw_within1": 0.7374213836477987,
    "raw_mae": 1.2122641509433962,
    "pct_mae": 9.714547768793052
  },
  "val": {
    "qwk": 0.8402044854881267,
    "accuracy": 0.6911764705882353,
    "adjacent_accuracy": 0.9632352941176471,
    "mae": 0.34558823529411764,
    "raw_exact": 0.4338235294117647,
    "raw_within1": 0.6985294117647058,
    "raw_mae": 1.2573529411764706,
    "pct_mae": 10.275735294117647
  },
  "test": {
    "qwk": 0.7820024287090155,
    "accuracy": 0.656934306569343,
    "adjacent_accuracy": 0.9416058394160584,
    "mae": 0.40875912408759124,
    "raw_exact": 0.44525547445255476,
    "raw_within1": 0.6642335766423357,
    "raw_mae": 1.4744525547445255,
    "pct_mae": 11.180048661800486
  },
  "best_epoch": null,
  "calibrated_cuts": [
    0.125,
    0.35000000000000003,
    0.625,
    0.875
  ]
}