{
  "train": {
    "qwk": 0.8761448504779175,
    "accuracy": 0.7811501597444089,
    "adjacent_accuracy": 0.9712460063897763,
    "mae": 0.2523961661341853,
    "raw_exact": 0.5463258785942492,
    "raw_within1": 0.7891373801916933,
    "raw_mae": 0.8722044728434505,
    "pct_mae": 7.136961813479386
  },
  "val": {
    "qwk": 0.7919254658385093,
    "accuracy": 0.6791044776119403,
    "adjacent_accuracy": 0.9477611940298507,
    "mae": 0.3880597014925373,
    "raw_exact": 0.4253731343283582,
    "raw_within1": 0.7089552238805971,
    "raw_mae": 1.4328358208955223,
    "pct_mae": 11.231343283582088
  },
  "test": {
    "qwk": 0.7383354980517534,
    "accuracy": 0.674074074074074,
    "adjacent_accuracy": 0.9185185185185185,
    "mae": 0.43703703703703706,
    "raw_exact": 0.5333333333333333,
    "raw_within1": 0.7037037037037037,
    "raw_mae": 1.3185185185185184,
    "pct_mae": 9.975308641975307
  },
  "best_epoch": null,
  "calibrated_cuts": [
    0.27,
    0.44,
    0.6,
    0.8400000000000001
  ]
}