{
  "train": {
    "qwk": 0.7665962793932593,
    "accuracy": 0.6150159744408946,
    "adjacent_accuracy": 0.9265175718849841,
    "mae": 0.4696485623003195,
    "raw_exact": 0.38498402555910544,
    "raw_within1": 0.670926517571885,
    "raw_mae": 1.4121405750798721,
    "pct_mae": 11.669519245397838
  },
  "val": {
    "qwk": 0.6981621018219512,
    "accuracy": 0.6044776119402985,
    "adjacent_accuracy": 0.8880597014925373,
    "mae": 0.5298507462686567,
    "raw_exact": 0.373134328358209,
    "raw_within1": 0.6343283582089553,
    "raw_mae": 1.8582089552238805,
    "pct_mae": 14.029850746268654
  },
  "test": {
    "qwk": 0.7496472485386011,
    "accuracy": 0.6888888888888889,
    "adjacent_accuracy": 0.9259259259259259,
    "mae": 0.4148148148148148,
    "raw_exact": 0.4074074074074074,
    "raw_within1": 0.7333333333333333,
    "raw_mae": 1.4074074074074074,
    "pct_mae": 11.024691358024691
  },
  "best_epoch": null,
  "calibrated_cuts": [
    0.33,
    0.34,
    0.625,
    0.8
  ]
}