{
  "train": {
    "qwk": 0.5675348446324666,
    "accuracy": 0.4520766773162939,
    "adjacent_accuracy": 0.8466453674121406,
    "mae": 0.7476038338658147,
    "raw_exact": 0.21884984025559107,
    "raw_within1": 0.46325878594249204,
    "raw_mae": 2.121405750798722,
    "pct_mae": 18.414346569298644
  },
  "val": {
    "qwk": 0.5603913499242925,
    "accuracy": 0.43283582089552236,
    "adjacent_accuracy": 0.8432835820895522,
    "mae": 0.7686567164179104,
    "raw_exact": 0.208955223880597,
    "raw_within1": 0.43283582089552236,
    "raw_mae": 2.3358208955223883,
    "pct_mae": 19.45984363894811
  },
  "test": {
    "qwk": 0.5707835575204591,
    "accuracy": 0.4666666666666667,
    "adjacent_accuracy": 0.8222222222222222,
    "mae": 0.7481481481481481,
    "raw_exact": 0.17777777777777778,
    "raw_within1": 0.5259259259259259,
    "raw_mae": 2.037037037037037,
    "pct_mae": 17.90652557319224
  },
  "best_epoch": null,
  "calibrated_cuts": [
    0.125,
    0.61,
    0.625,
    0.875
  ]
}