{
  "train": {
    "qwk": 0.8679714914961186,
    "accuracy": 0.7041062801932367,
    "adjacent_accuracy": 0.9830917874396136,
    "mae": 0.31280193236714976,
    "raw_exact": 0.535024154589372,
    "raw_within1": 0.8152173913043478,
    "raw_mae": 0.7910628019323671,
    "pct_mae": 6.9657234874626175
  },
  "val": {
    "qwk": 0.7850904233456638,
    "accuracy": 0.6235955056179775,
    "adjacent_accuracy": 0.949438202247191,
    "mae": 0.42696629213483145,
    "raw_exact": 0.39325842696629215,
    "raw_within1": 0.6797752808988764,
    "raw_mae": 1.2865168539325842,
    "pct_mae": 11.28812199036918
  },
  "test": {
    "qwk": 0.7826561363400186,
    "accuracy": 0.7134831460674157,
    "adjacent_accuracy": 0.9382022471910112,
    "mae": 0.3595505617977528,
    "raw_exact": 0.5056179775280899,
    "raw_within1": 0.7247191011235955,
    "raw_mae": 1.1629213483146068,
    "pct_mae": 9.668940609951845
  },
  "best_epoch": null,
  "calibrated_cuts": [
    0.18000000000000002,
    0.43,
    0.625,
    0.9
  ]
}