{
  "train": {
    "qwk": 0.9165070038744838,
    "accuracy": 0.8128930817610063,
    "adjacent_accuracy": 0.9874213836477987,
    "mae": 0.20125786163522014,
    "raw_exact": 0.5660377358490566,
    "raw_within1": 0.8632075471698113,
    "raw_mae": 0.6761006289308176,
    "pct_mae": 5.756401617250674
  },
  "val": {
    "qwk": 0.8851351351351351,
    "accuracy": 0.7794117647058824,
    "adjacent_accuracy": 0.9705882352941176,
    "mae": 0.25,
    "raw_exact": 0.5735294117647058,
    "raw_within1": 0.7647058823529411,
    "raw_mae": 1.0514705882352942,
    "pct_mae": 8.462009803921568
  },
  "test": {
    "qwk": 0.7843430853106044,
    "accuracy": 0.7445255474452555,
    "adjacent_accuracy": 0.9343065693430657,
    "mae": 0.35036496350364965,
    "raw_exact": 0.4744525547445255,
    "raw_within1": 0.7153284671532847,
    "raw_mae": 1.3795620437956204,
    "pct_mae": 10.437956204379564
  },
  "best_epoch": null,
  "calibrated_cuts": [
    0.01,
    0.41000000000000003,
    0.63,
    0.9
  ]
}