{
  "train": {
    "qwk": 0.8478905439943021,
    "accuracy": 0.7539936102236422,
    "adjacent_accuracy": 0.9664536741214057,
    "mae": 0.28913738019169327,
    "raw_exact": 0.46166134185303515,
    "raw_within1": 0.7827476038338658,
    "raw_mae": 0.9920127795527156,
    "pct_mae": 8.0062376388255
  },
  "val": {
    "qwk": 0.8139922265408107,
    "accuracy": 0.746268656716418,
    "adjacent_accuracy": 0.9477611940298507,
    "mae": 0.3208955223880597,
    "raw_exact": 0.5074626865671642,
    "raw_within1": 0.753731343283582,
    "raw_mae": 1.164179104477612,
    "pct_mae": 9.029850746268659
  },
  "test": {
    "qwk": 0.7888697065095969,
    "accuracy": 0.7407407407407407,
    "adjacent_accuracy": 0.9333333333333333,
    "mae": 0.34814814814814815,
    "raw_exact": 0.4666666666666667,
    "raw_within1": 0.7703703703703704,
    "raw_mae": 1.162962962962963,
    "pct_mae": 9.123456790123456
  },
  "best_epoch": null,
  "calibrated_cuts": [
    0.125,
    0.41000000000000003,
    0.65,
    0.8300000000000001
  ]
}