{
  "train": {
    "qwk": 0.9079505982246237,
    "cohen_kappa": 0.6964902893667482,
    "accuracy": 0.7924528301886793,
    "precision_macro": 0.8075643765537805,
    "recall_macro": 0.7077855825906966,
    "f1_macro": 0.7382101333941893,
    "adjacent_accuracy": 0.9889937106918238,
    "mae": 0.21855345911949686,
    "raw_exact": 0.2389937106918239,
    "raw_within1": 0.8490566037735849,
    "raw_mae": 0.970125786163522,
    "pct_mae": 9.338873914345612
  },
  "val": {
    "qwk": 0.847,
    "cohen_kappa": 0.4917866874270145,
    "accuracy": 0.6470588235294118,
    "precision_macro": 0.6697338301188388,
    "recall_macro": 0.5492473118279569,
    "f1_macro": 0.5870597335250733,
    "adjacent_accuracy": 0.9852941176470589,
    "mae": 0.36764705882352944,
    "raw_exact": 0.23529411764705882,
    "raw_within1": 0.7279411764705882,
    "raw_mae": 1.3529411764705883,
    "pct_mae": 12.512254901960784
  },
  "test": {
    "qwk": 0.7865809509182263,
    "cohen_kappa": 0.4933353879343555,
    "accuracy": 0.6496350364963503,
    "precision_macro": 0.5287931034482758,
    "recall_macro": 0.46656891495601177,
    "f1_macro": 0.4752649504899448,
    "adjacent_accuracy": 0.9562043795620438,
    "mae": 0.40145985401459855,
    "raw_exact": 0.19708029197080293,
    "raw_within1": 0.7226277372262774,
    "raw_mae": 1.437956204379562,
    "pct_mae": 12.786757038581856
  },
  "best_epoch": null
}