{
  "train": {
    "qwk": 0.42863215211940553,
    "accuracy": 0.40942028985507245,
    "adjacent_accuracy": 0.7958937198067633,
    "mae": 0.8019323671497585,
    "raw_exact": 0.15458937198067632,
    "raw_within1": 0.43719806763285024,
    "raw_mae": 2.7089371980676327,
    "pct_mae": 24.707413158500117
  },
  "val": {
    "qwk": 0.47823769763723567,
    "accuracy": 0.4044943820224719,
    "adjacent_accuracy": 0.8370786516853933,
    "mae": 0.7640449438202247,
    "raw_exact": 0.12921348314606743,
    "raw_within1": 0.4438202247191011,
    "raw_mae": 2.646067415730337,
    "pct_mae": 23.927902621722847
  },
  "test": {
    "qwk": 0.4691424632077451,
    "accuracy": 0.4157303370786517,
    "adjacent_accuracy": 0.8595505617977528,
    "mae": 0.7471910112359551,
    "raw_exact": 0.15730337078651685,
    "raw_within1": 0.4550561797752809,
    "raw_mae": 2.601123595505618,
    "pct_mae": 22.629748528624933
  },
  "best_epoch": null,
  "calibrated_cuts": [
    0.01,
    0.03,
    0.54,
    0.79
  ]
}