{
  "train": {
    "qwk": 0.9270138745081797,
    "accuracy": 0.800314465408805,
    "adjacent_accuracy": 0.9968553459119497,
    "mae": 0.2028301886792453,
    "raw_exact": 0.6037735849056604,
    "raw_within1": 0.8883647798742138,
    "raw_mae": 0.5943396226415094,
    "pct_mae": 4.875524109014676
  },
  "val": {
    "qwk": 0.8924391015501424,
    "accuracy": 0.7720588235294118,
    "adjacent_accuracy": 0.9779411764705882,
    "mae": 0.25,
    "raw_exact": 0.6102941176470589,
    "raw_within1": 0.7867647058823529,
    "raw_mae": 1.0147058823529411,
    "pct_mae": 8.223039215686274
  },
  "test": {
    "qwk": 0.8157900018061771,
    "accuracy": 0.7372262773722628,
    "adjacent_accuracy": 0.948905109489051,
    "mae": 0.3284671532846715,
    "raw_exact": 0.5547445255474452,
    "raw_within1": 0.7518248175182481,
    "raw_mae": 1.167883211678832,
    "pct_mae": 8.534063260340632
  },
  "best_epoch": null,
  "calibrated_cuts": [
    0.125,
    0.39,
    0.625,
    0.93
  ]
}