{
  "train": {
    "qwk": 0.9032158033765936,
    "cohen_kappa": 0.6718125134379704,
    "accuracy": 0.7735849056603774,
    "precision_macro": 0.7959515790916455,
    "recall_macro": 0.6970483160000066,
    "f1_macro": 0.723789475573494,
    "adjacent_accuracy": 0.9921383647798742,
    "mae": 0.23427672955974843,
    "raw_exact": 0.22955974842767296,
    "raw_within1": 0.8411949685534591,
    "raw_mae": 0.9638364779874213,
    "pct_mae": 8.976115603474094
  },
  "val": {
    "qwk": 0.8290568654646324,
    "cohen_kappa": 0.42739033912577507,
    "accuracy": 0.5955882352941176,
    "precision_macro": 0.6445019845019845,
    "recall_macro": 0.5164323132065067,
    "f1_macro": 0.5501788375558867,
    "adjacent_accuracy": 0.9926470588235294,
    "mae": 0.4117647058823529,
    "raw_exact": 0.21323529411764705,
    "raw_within1": 0.7132352941176471,
    "raw_mae": 1.411764705882353,
    "pct_mae": 12.424719887955181
  },
  "test": {
    "qwk": 0.783348553355458,
    "cohen_kappa": 0.4812963804331365,
    "accuracy": 0.635036496350365,
    "precision_macro": 0.5319778549414996,
    "recall_macro": 0.46858911697621375,
    "f1_macro": 0.4739962651727357,
    "adjacent_accuracy": 0.948905109489051,
    "mae": 0.41605839416058393,
    "raw_exact": 0.17518248175182483,
    "raw_within1": 0.6861313868613139,
    "raw_mae": 1.5182481751824817,
    "pct_mae": 13.464546402502606
  },
  "best_epoch": null
}