{
  "train": {
    "qwk": 0.906256806795905,
    "accuracy": 0.8003194888178914,
    "adjacent_accuracy": 0.987220447284345,
    "mae": 0.21405750798722045,
    "raw_exact": 0.4728434504792332,
    "raw_within1": 0.8322683706070287,
    "raw_mae": 0.8226837060702875,
    "pct_mae": 7.134299406663623
  },
  "val": {
    "qwk": 0.7969521170664127,
    "accuracy": 0.753731343283582,
    "adjacent_accuracy": 0.9328358208955224,
    "mae": 0.3283582089552239,
    "raw_exact": 0.4253731343283582,
    "raw_within1": 0.7761194029850746,
    "raw_mae": 1.373134328358209,
    "pct_mae": 10.907960199004975
  },
  "test": {
    "qwk": 0.8092165898617512,
    "accuracy": 0.7481481481481481,
    "adjacent_accuracy": 0.9259259259259259,
    "mae": 0.3333333333333333,
    "raw_exact": 0.5259259259259259,
    "raw_within1": 0.7777777777777778,
    "raw_mae": 1.1925925925925926,
    "pct_mae": 9.530864197530864
  },
  "best_epoch": null,
  "calibrated_cuts": [
    0.01,
    0.35000000000000003,
    0.64,
    0.86
  ]
}