{
  "train": {
    "qwk": 0.8308568881714861,
    "accuracy": 0.6316425120772947,
    "adjacent_accuracy": 0.9589371980676329,
    "mae": 0.40942028985507245,
    "raw_exact": 0.21497584541062803,
    "raw_within1": 0.7451690821256038,
    "raw_mae": 1.1606280193236715,
    "pct_mae": 10.701633310328962
  },
  "val": {
    "qwk": 0.7539722602822048,
    "accuracy": 0.6235955056179775,
    "adjacent_accuracy": 0.9101123595505618,
    "mae": 0.46629213483146065,
    "raw_exact": 0.23595505617977527,
    "raw_within1": 0.6123595505617978,
    "raw_mae": 1.5674157303370786,
    "pct_mae": 13.744649545211344
  },
  "test": {
    "qwk": 0.7783005812344312,
    "accuracy": 0.6235955056179775,
    "adjacent_accuracy": 0.9325842696629213,
    "mae": 0.449438202247191,
    "raw_exact": 0.2696629213483146,
    "raw_within1": 0.6966292134831461,
    "raw_mae": 1.4325842696629214,
    "pct_mae": 12.461209202782236
  },
  "best_epoch": null,
  "calibrated_cuts": [
    0.4,
    0.43,
    0.72,
    0.81
  ]
}