{
  "train": {
    "qwk": 0.894325412284119,
    "accuracy": 0.7763578274760383,
    "adjacent_accuracy": 0.987220447284345,
    "mae": 0.2380191693290735,
    "raw_exact": 0.512779552715655,
    "raw_within1": 0.8626198083067093,
    "raw_mae": 0.7779552715654952,
    "pct_mae": 6.87072113190324
  },
  "val": {
    "qwk": 0.7966392469097787,
    "accuracy": 0.7238805970149254,
    "adjacent_accuracy": 0.9328358208955224,
    "mae": 0.35074626865671643,
    "raw_exact": 0.44776119402985076,
    "raw_within1": 0.746268656716418,
    "raw_mae": 1.373134328358209,
    "pct_mae": 10.677860696517413
  },
  "test": {
    "qwk": 0.8013036164844407,
    "accuracy": 0.7555555555555555,
    "adjacent_accuracy": 0.9333333333333333,
    "mae": 0.32592592592592595,
    "raw_exact": 0.48148148148148145,
    "raw_within1": 0.7777777777777778,
    "raw_mae": 1.2074074074074075,
    "pct_mae": 9.524691358024691
  },
  "best_epoch": null,
  "calibrated_cuts": [
    0.01,
    0.43,
    0.67,
    0.91
  ]
}