{
  "train": {
    "qwk": 0.46951305699848045,
    "cohen_kappa": 0.20354954519000001,
    "accuracy": 0.3977987421383648,
    "precision_macro": 0.3159575611590649,
    "recall_macro": 0.3037437998796757,
    "f1_macro": 0.2898857866737953,
    "adjacent_accuracy": 0.7295597484276729,
    "mae": 0.9449685534591195,
    "raw_exact": 0.32075471698113206,
    "raw_within1": 0.470125786163522,
    "raw_mae": 2.6839622641509435,
    "pct_mae": 23.036088649296193
  },
  "val": {
    "qwk": 0.5006799020940984,
    "cohen_kappa": 0.23488045007032354,
    "accuracy": 0.4411764705882353,
    "precision_macro": 0.30511525907792736,
    "recall_macro": 0.3162227736421285,
    "f1_macro": 0.2966738386175726,
    "adjacent_accuracy": 0.7794117647058824,
    "mae": 0.8529411764705882,
    "raw_exact": 0.35294117647058826,
    "raw_within1": 0.5588235294117647,
    "raw_mae": 2.301470588235294,
    "pct_mae": 19.779411764705884
  },
  "test": {
    "qwk": 0.49228488646317636,
    "cohen_kappa": 0.22737007424328948,
    "accuracy": 0.4233576642335766,
    "precision_macro": 0.32342105263157894,
    "recall_macro": 0.3119517758227436,
    "f1_macro": 0.3028864468864469,
    "adjacent_accuracy": 0.7664233576642335,
    "mae": 0.8759124087591241,
    "raw_exact": 0.32116788321167883,
    "raw_within1": 0.48905109489051096,
    "raw_mae": 2.4744525547445257,
    "pct_mae": 21.015815085158152
  },
  "best_epoch": null
}