{
  "train": {
    "qwk": 0.44872127612849133,
    "cohen_kappa": 0.15906549870208153,
    "accuracy": 0.3584905660377358,
    "precision_macro": 0.3124935765673176,
    "recall_macro": 0.2637567125898852,
    "f1_macro": 0.2653329416998015,
    "adjacent_accuracy": 0.7720125786163522,
    "mae": 0.9308176100628931,
    "raw_exact": 0.18553459119496854,
    "raw_within1": 0.5015723270440252,
    "raw_mae": 2.6462264150943398,
    "pct_mae": 23.098420185684336
  },
  "val": {
    "qwk": 0.4469443599878382,
    "cohen_kappa": 0.18971154544794,
    "accuracy": 0.39705882352941174,
    "precision_macro": 0.2951647927423635,
    "recall_macro": 0.2832202922525503,
    "f1_macro": 0.269899055378352,
    "adjacent_accuracy": 0.7867647058823529,
    "mae": 0.8823529411764706,
    "raw_exact": 0.17647058823529413,
    "raw_within1": 0.5735294117647058,
    "raw_mae": 2.375,
    "pct_mae": 21.119572829131652
  },
  "test": {
    "qwk": 0.45730748090445594,
    "cohen_kappa": 0.11490100729419939,
    "accuracy": 0.32116788321167883,
    "precision_macro": 0.2986593736593736,
    "recall_macro": 0.23810035842293903,
    "f1_macro": 0.24546003502500588,
    "adjacent_accuracy": 0.8029197080291971,
    "mae": 0.927007299270073,
    "raw_exact": 0.17518248175182483,
    "raw_within1": 0.49635036496350365,
    "raw_mae": 2.5036496350364965,
    "pct_mae": 21.84654153632256
  },
  "best_epoch": null
}