{
  "train": {
    "qwk": 0.573559813918209,
    "accuracy": 0.48083067092651754,
    "adjacent_accuracy": 0.829073482428115,
    "mae": 0.694888178913738,
    "raw_exact": 0.21725239616613418,
    "raw_within1": 0.512779552715655,
    "raw_mae": 2.329073482428115,
    "pct_mae": 20.514795375019016
  },
  "val": {
    "qwk": 0.5584589151573804,
    "accuracy": 0.5298507462686567,
    "adjacent_accuracy": 0.8134328358208955,
    "mae": 0.664179104477612,
    "raw_exact": 0.15671641791044777,
    "raw_within1": 0.5,
    "raw_mae": 2.462686567164179,
    "pct_mae": 20.995913290689412
  },
  "test": {
    "qwk": 0.5340162565415878,
    "accuracy": 0.5259259259259259,
    "adjacent_accuracy": 0.8,
    "mae": 0.6888888888888889,
    "raw_exact": 0.2074074074074074,
    "raw_within1": 0.5185185185185185,
    "raw_mae": 2.2444444444444445,
    "pct_mae": 20.221340388007054
  },
  "best_epoch": null,
  "calibrated_cuts": [
    0.01,
    0.33,
    0.68,
    0.81
  ]
}