{
  "train": {
    "qwk": 0.9044898864991859,
    "cohen_kappa": 0.6823875081406091,
    "accuracy": 0.7859424920127795,
    "precision_macro": 0.6146316294608515,
    "recall_macro": 0.5774671495591022,
    "f1_macro": 0.5828703706744844,
    "adjacent_accuracy": 0.9952076677316294,
    "mae": 0.21884984025559107,
    "raw_exact": 0.28913738019169327,
    "raw_within1": 0.84185303514377,
    "raw_mae": 0.8977635782747604,
    "pct_mae": 8.172067549064355
  },
  "val": {
    "qwk": 0.7582439611105543,
    "cohen_kappa": 0.507116584039661,
    "accuracy": 0.6567164179104478,
    "precision_macro": 0.5336313632678106,
    "recall_macro": 0.48505100634132897,
    "f1_macro": 0.46998449097152983,
    "adjacent_accuracy": 0.9477611940298507,
    "mae": 0.40298507462686567,
    "raw_exact": 0.23134328358208955,
    "raw_within1": 0.6940298507462687,
    "raw_mae": 1.462686567164179,
    "pct_mae": 12.277007818052594
  },
  "test": {
    "qwk": 0.7945508100147276,
    "cohen_kappa": 0.4655581947743468,
    "accuracy": 0.6296296296296297,
    "precision_macro": 0.4782854443769673,
    "recall_macro": 0.4208374063212773,
    "f1_macro": 0.4180637780637781,
    "adjacent_accuracy": 0.9703703703703703,
    "mae": 0.4,
    "raw_exact": 0.2,
    "raw_within1": 0.7111111111111111,
    "raw_mae": 1.4148148148148147,
    "pct_mae": 12.270723104056437
  },
  "best_epoch": null
}