{
  "train": {
    "qwk": 0.9114787105040383,
    "cohen_kappa": 0.6933770831534409,
    "accuracy": 0.789308176100629,
    "precision_macro": 0.8064022699414544,
    "recall_macro": 0.7080538026691634,
    "f1_macro": 0.7356293195915836,
    "adjacent_accuracy": 0.9937106918238994,
    "mae": 0.2169811320754717,
    "raw_exact": 0.24371069182389937,
    "raw_within1": 0.8411949685534591,
    "raw_mae": 0.949685534591195,
    "pct_mae": 8.839847259658578
  },
  "val": {
    "qwk": 0.8246503496503497,
    "cohen_kappa": 0.47563232572486114,
    "accuracy": 0.6323529411764706,
    "precision_macro": 0.6828495034377388,
    "recall_macro": 0.545315687896333,
    "f1_macro": 0.5803099344448318,
    "adjacent_accuracy": 0.9779411764705882,
    "mae": 0.3897058823529412,
    "raw_exact": 0.17647058823529413,
    "raw_within1": 0.6985294117647058,
    "raw_mae": 1.4852941176470589,
    "pct_mae": 13.294817927170868
  },
  "test": {
    "qwk": 0.8108830208843567,
    "cohen_kappa": 0.5057947655230639,
    "accuracy": 0.656934306569343,
    "precision_macro": 0.5391086587436333,
    "recall_macro": 0.47071032909742583,
    "f1_macro": 0.47671191150265757,
    "adjacent_accuracy": 0.9635036496350365,
    "mae": 0.3795620437956204,
    "raw_exact": 0.17518248175182483,
    "raw_within1": 0.6715328467153284,
    "raw_mae": 1.5255474452554745,
    "pct_mae": 13.494960027806743
  },
  "best_epoch": null
}