{
  "train": {
    "qwk": 0.4205157102285534,
    "accuracy": 0.39371980676328505,
    "adjacent_accuracy": 0.7391304347826086,
    "mae": 0.8888888888888888,
    "raw_exact": 0.19444444444444445,
    "raw_within1": 0.40217391304347827,
    "raw_mae": 2.2886473429951693,
    "pct_mae": 20.850730388773865
  },
  "val": {
    "qwk": 0.4111422907602399,
    "accuracy": 0.42696629213483145,
    "adjacent_accuracy": 0.7471910112359551,
    "mae": 0.848314606741573,
    "raw_exact": 0.14606741573033707,
    "raw_within1": 0.3595505617977528,
    "raw_mae": 2.4887640449438204,
    "pct_mae": 23.051096843231672
  },
  "test": {
    "qwk": 0.4422191901204875,
    "accuracy": 0.42134831460674155,
    "adjacent_accuracy": 0.7359550561797753,
    "mae": 0.8707865168539326,
    "raw_exact": 0.1853932584269663,
    "raw_within1": 0.38202247191011235,
    "raw_mae": 2.342696629213483,
    "pct_mae": 21.481407169609415
  },
  "best_epoch": null,
  "calibrated_cuts": [
    0.49,
    0.61,
    0.64,
    0.68
  ]
}