{
  "train": {
    "qwk": 0.9318519709085065,
    "accuracy": 0.839622641509434,
    "adjacent_accuracy": 0.9889937106918238,
    "mae": 0.17295597484276728,
    "raw_exact": 0.25157232704402516,
    "raw_within1": 0.8301886792452831,
    "raw_mae": 0.9512578616352201,
    "pct_mae": 8.746817909553759
  },
  "val": {
    "qwk": 0.8830391863595572,
    "accuracy": 0.75,
    "adjacent_accuracy": 0.9705882352941176,
    "mae": 0.27941176470588236,
    "raw_exact": 0.22794117647058823,
    "raw_within1": 0.6838235294117647,
    "raw_mae": 1.4264705882352942,
    "pct_mae": 12.418592436974789
  },
  "test": {
    "qwk": 0.8201425356339085,
    "accuracy": 0.7737226277372263,
    "adjacent_accuracy": 0.9416058394160584,
    "mae": 0.30656934306569344,
    "raw_exact": 0.22627737226277372,
    "raw_within1": 0.6642335766423357,
    "raw_mae": 1.4817518248175183,
    "pct_mae": 12.643378519290927
  },
  "best_epoch": null,
  "calibrated_cuts": [
    0.125,
    0.49,
    0.6900000000000001,
    0.72
  ]
}