{
  "train": {
    "qwk": 0.8179863081565554,
    "accuracy": 0.7075471698113207,
    "adjacent_accuracy": 0.9481132075471698,
    "mae": 0.35062893081761004,
    "raw_exact": 0.46226415094339623,
    "raw_within1": 0.7138364779874213,
    "raw_mae": 1.2641509433962264,
    "pct_mae": 10.241464510332435
  },
  "val": {
    "qwk": 0.8560729404102898,
    "accuracy": 0.75,
    "adjacent_accuracy": 0.9558823529411765,
    "mae": 0.29411764705882354,
    "raw_exact": 0.4852941176470588,
    "raw_within1": 0.7573529411764706,
    "raw_mae": 1.2279411764705883,
    "pct_mae": 9.895833333333332
  },
  "test": {
    "qwk": 0.6345296152723938,
    "accuracy": 0.635036496350365,
    "adjacent_accuracy": 0.8832116788321168,
    "mae": 0.5255474452554745,
    "raw_exact": 0.4233576642335766,
    "raw_within1": 0.6131386861313869,
    "raw_mae": 1.9124087591240877,
    "pct_mae": 14.215328467153284
  },
  "best_epoch": null,
  "calibrated_cuts": [
    0.16,
    0.39,
    0.56,
    0.9
  ]
}