{
  "train": {
    "qwk": 0.8710076241500103,
    "accuracy": 0.7332268370607029,
    "adjacent_accuracy": 0.9824281150159745,
    "mae": 0.28434504792332266,
    "raw_exact": 0.46485623003194887,
    "raw_within1": 0.7987220447284346,
    "raw_mae": 0.952076677316294,
    "pct_mae": 7.972767381713068
  },
  "val": {
    "qwk": 0.8651911468812877,
    "accuracy": 0.7611940298507462,
    "adjacent_accuracy": 0.9701492537313433,
    "mae": 0.26865671641791045,
    "raw_exact": 0.4552238805970149,
    "raw_within1": 0.7238805970149254,
    "raw_mae": 1.3208955223880596,
    "pct_mae": 10.0
  },
  "test": {
    "qwk": 0.8254741973084667,
    "accuracy": 0.7185185185185186,
    "adjacent_accuracy": 0.9555555555555556,
    "mae": 0.3333333333333333,
    "raw_exact": 0.4888888888888889,
    "raw_within1": 0.7333333333333333,
    "raw_mae": 1.2,
    "pct_mae": 9.69753086419753
  },
  "best_epoch": null,
  "calibrated_cuts": [
    0.125,
    0.36000000000000004,
    0.5800000000000001,
    0.88
  ]
}