{
  "train": {
    "qwk": 0.8237197324068178,
    "accuracy": 0.6805111821086262,
    "adjacent_accuracy": 0.9297124600638977,
    "mae": 0.3913738019169329,
    "raw_exact": 0.4776357827476038,
    "raw_within1": 0.7795527156549521,
    "raw_mae": 1.0559105431309903,
    "pct_mae": 8.45219078046554
  },
  "val": {
    "qwk": 0.715459416550903,
    "accuracy": 0.6492537313432836,
    "adjacent_accuracy": 0.8880597014925373,
    "mae": 0.48507462686567165,
    "raw_exact": 0.417910447761194,
    "raw_within1": 0.6194029850746269,
    "raw_mae": 1.7686567164179106,
    "pct_mae": 13.557213930348258
  },
  "test": {
    "qwk": 0.7364685004436557,
    "accuracy": 0.6444444444444445,
    "adjacent_accuracy": 0.8888888888888888,
    "mae": 0.4888888888888889,
    "raw_exact": 0.5333333333333333,
    "raw_within1": 0.7555555555555555,
    "raw_mae": 1.2592592592592593,
    "pct_mae": 9.660493827160495
  },
  "best_epoch": null,
  "calibrated_cuts": [
    0.35000000000000003,
    0.42000000000000004,
    0.81,
    0.875
  ]
}