{
  "train": {
    "qwk": 0.784483692707769,
    "accuracy": 0.6582125603864735,
    "adjacent_accuracy": 0.9420289855072463,
    "mae": 0.4033816425120773,
    "raw_exact": 0.41183574879227053,
    "raw_within1": 0.6847826086956522,
    "raw_mae": 1.2379227053140096,
    "pct_mae": 10.467276282493675
  },
  "val": {
    "qwk": 0.7061797173217786,
    "accuracy": 0.6292134831460674,
    "adjacent_accuracy": 0.8932584269662921,
    "mae": 0.48314606741573035,
    "raw_exact": 0.4101123595505618,
    "raw_within1": 0.651685393258427,
    "raw_mae": 1.6067415730337078,
    "pct_mae": 13.188202247191011
  },
  "test": {
    "qwk": 0.7477750708496992,
    "accuracy": 0.6573033707865169,
    "adjacent_accuracy": 0.9101123595505618,
    "mae": 0.43820224719101125,
    "raw_exact": 0.43820224719101125,
    "raw_within1": 0.7247191011235955,
    "raw_mae": 1.398876404494382,
    "pct_mae": 10.950374531835207
  },
  "best_epoch": null,
  "calibrated_cuts": [
    0.2,
    0.375,
    0.67,
    0.8300000000000001
  ]
}