{
  "train": {
    "qwk": 0.8267070759738426,
    "accuracy": 0.7547169811320755,
    "adjacent_accuracy": 0.9371069182389937,
    "mae": 0.3160377358490566,
    "raw_exact": 0.43553459119496857,
    "raw_within1": 0.75,
    "raw_mae": 1.2091194968553458,
    "pct_mae": 9.829851752021563
  },
  "val": {
    "qwk": 0.8513513513513513,
    "accuracy": 0.7941176470588235,
    "adjacent_accuracy": 0.9338235294117647,
    "mae": 0.27205882352941174,
    "raw_exact": 0.49264705882352944,
    "raw_within1": 0.7647058823529411,
    "raw_mae": 1.1838235294117647,
    "pct_mae": 9.736519607843135
  },
  "test": {
    "qwk": 0.7455043376678094,
    "accuracy": 0.7591240875912408,
    "adjacent_accuracy": 0.9051094890510949,
    "mae": 0.3722627737226277,
    "raw_exact": 0.49635036496350365,
    "raw_within1": 0.7226277372262774,
    "raw_mae": 1.4452554744525548,
    "pct_mae": 10.675182481751824
  },
  "best_epoch": null,
  "calibrated_cuts": [
    0.125,
    0.39,
    0.625,
    0.85
  ]
}