{
  "train": {
    "qwk": 0.9024360041845471,
    "cohen_kappa": 0.6822623899637884,
    "accuracy": 0.7859424920127795,
    "precision_macro": 0.6144206773618539,
    "recall_macro": 0.5767242858654187,
    "f1_macro": 0.5823333716905154,
    "adjacent_accuracy": 0.9936102236421726,
    "mae": 0.22044728434504793,
    "raw_exact": 0.26677316293929715,
    "raw_within1": 0.8610223642172524,
    "raw_mae": 0.9041533546325878,
    "pct_mae": 8.456945078350829
  },
  "val": {
    "qwk": 0.76,
    "cohen_kappa": 0.5033838221076378,
    "accuracy": 0.6567164179104478,
    "precision_macro": 0.5288050108821155,
    "recall_macro": 0.4770168183071409,
    "f1_macro": 0.4660770975056689,
    "adjacent_accuracy": 0.9477611940298507,
    "mae": 0.40298507462686567,
    "raw_exact": 0.21641791044776118,
    "raw_within1": 0.664179104477612,
    "raw_mae": 1.5298507462686568,
    "pct_mae": 13.135216773276474
  },
  "test": {
    "qwk": 0.8023995200959808,
    "cohen_kappa": 0.4751666137734052,
    "accuracy": 0.6370370370370371,
    "precision_macro": 0.48584380389258436,
    "recall_macro": 0.42630498533724337,
    "f1_macro": 0.43286944681929007,
    "adjacent_accuracy": 0.9703703703703703,
    "mae": 0.3925925925925926,
    "raw_exact": 0.17777777777777778,
    "raw_within1": 0.6888888888888889,
    "raw_mae": 1.451851851851852,
    "pct_mae": 12.78306878306878
  },
  "best_epoch": null
}