{
  "train": {
    "qwk": 0.8522095933691682,
    "accuracy": 0.6968599033816425,
    "adjacent_accuracy": 0.964975845410628,
    "mae": 0.34057971014492755,
    "raw_exact": 0.19082125603864733,
    "raw_within1": 0.7463768115942029,
    "raw_mae": 1.1968599033816425,
    "pct_mae": 11.348918794570968
  },
  "val": {
    "qwk": 0.7698332553385384,
    "accuracy": 0.6123595505617978,
    "adjacent_accuracy": 0.9325842696629213,
    "mae": 0.4550561797752809,
    "raw_exact": 0.21348314606741572,
    "raw_within1": 0.601123595505618,
    "raw_mae": 1.6067415730337078,
    "pct_mae": 14.503076511503476
  },
  "test": {
    "qwk": 0.7738565782044043,
    "accuracy": 0.6404494382022472,
    "adjacent_accuracy": 0.9269662921348315,
    "mae": 0.43820224719101125,
    "raw_exact": 0.2696629213483146,
    "raw_within1": 0.6966292134831461,
    "raw_mae": 1.4101123595505618,
    "pct_mae": 12.475254146602461
  },
  "best_epoch": null,
  "calibrated_cuts": [
    0.34,
    0.47000000000000003,
    0.625,
    0.78
  ]
}