{
  "train": {
    "qwk": 0.9345265155258633,
    "accuracy": 0.8317610062893082,
    "adjacent_accuracy": 0.9905660377358491,
    "mae": 0.17767295597484276,
    "raw_exact": 0.550314465408805,
    "raw_within1": 0.9088050314465409,
    "raw_mae": 0.6037735849056604,
    "pct_mae": 4.9921383647798745
  },
  "val": {
    "qwk": 0.8972188633615478,
    "accuracy": 0.8161764705882353,
    "adjacent_accuracy": 0.9632352941176471,
    "mae": 0.22058823529411764,
    "raw_exact": 0.5294117647058824,
    "raw_within1": 0.7867647058823529,
    "raw_mae": 0.9926470588235294,
    "pct_mae": 8.002450980392158
  },
  "test": {
    "qwk": 0.8054515611456393,
    "accuracy": 0.7737226277372263,
    "adjacent_accuracy": 0.9124087591240876,
    "mae": 0.3284671532846715,
    "raw_exact": 0.48175182481751827,
    "raw_within1": 0.7664233576642335,
    "raw_mae": 1.2335766423357664,
    "pct_mae": 9.172749391727494
  },
  "best_epoch": null,
  "calibrated_cuts": [
    0.125,
    0.39,
    0.72,
    0.8400000000000001
  ]
}