{
  "train": {
    "qwk": 0.8145022776491673,
    "accuracy": 0.6497584541062802,
    "adjacent_accuracy": 0.9565217391304348,
    "mae": 0.3961352657004831,
    "raw_exact": 0.40942028985507245,
    "raw_within1": 0.7089371980676329,
    "raw_mae": 1.1473429951690821,
    "pct_mae": 9.901656314699794
  },
  "val": {
    "qwk": 0.7547465554291493,
    "accuracy": 0.6067415730337079,
    "adjacent_accuracy": 0.9269662921348315,
    "mae": 0.46629213483146065,
    "raw_exact": 0.34269662921348315,
    "raw_within1": 0.6573033707865169,
    "raw_mae": 1.4719101123595506,
    "pct_mae": 12.640449438202248
  },
  "test": {
    "qwk": 0.7541557736891432,
    "accuracy": 0.6629213483146067,
    "adjacent_accuracy": 0.9213483146067416,
    "mae": 0.42696629213483145,
    "raw_exact": 0.4550561797752809,
    "raw_within1": 0.6910112359550562,
    "raw_mae": 1.3707865168539326,
    "pct_mae": 10.969101123595506
  },
  "best_epoch": null,
  "calibrated_cuts": [
    0.21000000000000002,
    0.39,
    0.63,
    0.9
  ]
}