{
  "train": {
    "qwk": 0.799306304707023,
    "accuracy": 0.5857487922705314,
    "adjacent_accuracy": 0.9685990338164251,
    "mae": 0.4468599033816425,
    "raw_exact": 0.42028985507246375,
    "raw_within1": 0.6908212560386473,
    "raw_mae": 1.1521739130434783,
    "pct_mae": 9.931705774097079
  },
  "val": {
    "qwk": 0.7380124072497263,
    "accuracy": 0.5617977528089888,
    "adjacent_accuracy": 0.9382022471910112,
    "mae": 0.5112359550561798,
    "raw_exact": 0.38764044943820225,
    "raw_within1": 0.6404494382022472,
    "raw_mae": 1.5168539325842696,
    "pct_mae": 12.729400749063668
  },
  "test": {
    "qwk": 0.7230058731991367,
    "accuracy": 0.6235955056179775,
    "adjacent_accuracy": 0.9213483146067416,
    "mae": 0.47191011235955055,
    "raw_exact": 0.42696629213483145,
    "raw_within1": 0.6966292134831461,
    "raw_mae": 1.3820224719101124,
    "pct_mae": 11.371722846441948
  },
  "best_epoch": null,
  "calibrated_cuts": [
    0.19,
    0.44,
    0.54,
    0.8200000000000001
  ]
}