{
  "train": {
    "qwk": 0.8098110589096736,
    "accuracy": 0.694888178913738,
    "adjacent_accuracy": 0.9408945686900958,
    "mae": 0.36900958466453676,
    "raw_exact": 0.46166134185303515,
    "raw_within1": 0.7523961661341853,
    "raw_mae": 1.1261980830670926,
    "pct_mae": 9.16837821390537
  },
  "val": {
    "qwk": 0.7715454777938795,
    "accuracy": 0.7089552238805971,
    "adjacent_accuracy": 0.9104477611940298,
    "mae": 0.3880597014925373,
    "raw_exact": 0.43283582089552236,
    "raw_within1": 0.7089552238805971,
    "raw_mae": 1.4776119402985075,
    "pct_mae": 11.585820895522387
  },
  "test": {
    "qwk": 0.8084712655495014,
    "accuracy": 0.7407407407407407,
    "adjacent_accuracy": 0.9407407407407408,
    "mae": 0.3333333333333333,
    "raw_exact": 0.4888888888888889,
    "raw_within1": 0.7481481481481481,
    "raw_mae": 1.1777777777777778,
    "pct_mae": 9.080246913580247
  },
  "best_epoch": null,
  "calibrated_cuts": [
    0.27,
    0.38,
    0.61,
    0.8200000000000001
  ]
}