{
  "train": {
    "qwk": 0.7390777590131434,
    "accuracy": 0.5229468599033816,
    "adjacent_accuracy": 0.9323671497584541,
    "mae": 0.5579710144927537,
    "raw_exact": 0.35628019323671495,
    "raw_within1": 0.6497584541062802,
    "raw_mae": 1.4045893719806763,
    "pct_mae": 11.86321025994939
  },
  "val": {
    "qwk": 0.7126216843263412,
    "accuracy": 0.5337078651685393,
    "adjacent_accuracy": 0.9213483146067416,
    "mae": 0.5561797752808989,
    "raw_exact": 0.33707865168539325,
    "raw_within1": 0.5786516853932584,
    "raw_mae": 1.6629213483146068,
    "pct_mae": 14.040262172284645
  },
  "test": {
    "qwk": 0.6837471425661454,
    "accuracy": 0.5393258426966292,
    "adjacent_accuracy": 0.8876404494382022,
    "mae": 0.5898876404494382,
    "raw_exact": 0.3707865168539326,
    "raw_within1": 0.6573033707865169,
    "raw_mae": 1.6235955056179776,
    "pct_mae": 12.76685393258427
  },
  "best_epoch": null,
  "calibrated_cuts": [
    0.32,
    0.49,
    0.625,
    0.8400000000000001
  ]
}