{
  "train": {
    "qwk": 0.7377746872984091,
    "accuracy": 0.6246006389776357,
    "adjacent_accuracy": 0.9201277955271565,
    "mae": 0.46006389776357826,
    "raw_exact": 0.41054313099041534,
    "raw_within1": 0.6773162939297125,
    "raw_mae": 1.389776357827476,
    "pct_mae": 11.158527308687054
  },
  "val": {
    "qwk": 0.6623939179632249,
    "accuracy": 0.6044776119402985,
    "adjacent_accuracy": 0.8731343283582089,
    "mae": 0.5373134328358209,
    "raw_exact": 0.40298507462686567,
    "raw_within1": 0.5895522388059702,
    "raw_mae": 1.8507462686567164,
    "pct_mae": 14.135572139303482
  },
  "test": {
    "qwk": 0.7520716685330348,
    "accuracy": 0.6370370370370371,
    "adjacent_accuracy": 0.9185185185185185,
    "mae": 0.4444444444444444,
    "raw_exact": 0.37777777777777777,
    "raw_within1": 0.6592592592592592,
    "raw_mae": 1.5777777777777777,
    "pct_mae": 12.28395061728395
  },
  "best_epoch": null,
  "calibrated_cuts": [
    0.3,
    0.43,
    0.78,
    0.87
  ]
}