{
  "train": {
    "qwk": 0.8415854586291842,
    "accuracy": 0.6884057971014492,
    "adjacent_accuracy": 0.9698067632850241,
    "mae": 0.34299516908212563,
    "raw_exact": 0.44082125603864736,
    "raw_within1": 0.7801932367149759,
    "raw_mae": 0.9480676328502415,
    "pct_mae": 8.270933977455716
  },
  "val": {
    "qwk": 0.795423675686971,
    "accuracy": 0.6573033707865169,
    "adjacent_accuracy": 0.949438202247191,
    "mae": 0.39325842696629215,
    "raw_exact": 0.38764044943820225,
    "raw_within1": 0.6853932584269663,
    "raw_mae": 1.297752808988764,
    "pct_mae": 11.292134831460674
  },
  "test": {
    "qwk": 0.7406987237334021,
    "accuracy": 0.6404494382022472,
    "adjacent_accuracy": 0.9269662921348315,
    "mae": 0.4438202247191011,
    "raw_exact": 0.4157303370786517,
    "raw_within1": 0.6966292134831461,
    "raw_mae": 1.3707865168539326,
    "pct_mae": 10.912921348314605
  },
  "best_epoch": null,
  "calibrated_cuts": [
    0.14,
    0.375,
    0.625,
    0.8200000000000001
  ]
}