{
  "train": {
    "qwk": 0.8081509241120859,
    "accuracy": 0.6713836477987422,
    "adjacent_accuracy": 0.949685534591195,
    "mae": 0.389937106918239,
    "raw_exact": 0.46226415094339623,
    "raw_within1": 0.699685534591195,
    "raw_mae": 1.2578616352201257,
    "pct_mae": 10.137765798143157
  },
  "val": {
    "qwk": 0.8431639443436176,
    "accuracy": 0.6838235294117647,
    "adjacent_accuracy": 0.9558823529411765,
    "mae": 0.3602941176470588,
    "raw_exact": 0.49264705882352944,
    "raw_within1": 0.6985294117647058,
    "raw_mae": 1.2941176470588236,
    "pct_mae": 9.938725490196079
  },
  "test": {
    "qwk": 0.685969356979129,
    "accuracy": 0.635036496350365,
    "adjacent_accuracy": 0.9051094890510949,
    "mae": 0.49635036496350365,
    "raw_exact": 0.40145985401459855,
    "raw_within1": 0.656934306569343,
    "raw_mae": 1.7080291970802919,
    "pct_mae": 12.858880778588807
  },
  "best_epoch": null,
  "calibrated_cuts": [
    0.125,
    0.44,
    0.61,
    0.875
  ]
}