{
  "train": {
    "qwk": 0.8438381348319302,
    "accuracy": 0.6618357487922706,
    "adjacent_accuracy": 0.9818840579710145,
    "mae": 0.35628019323671495,
    "raw_exact": 0.42028985507246375,
    "raw_within1": 0.711352657004831,
    "raw_mae": 1.0929951690821256,
    "pct_mae": 9.57024959742351
  },
  "val": {
    "qwk": 0.7679922306276835,
    "accuracy": 0.6460674157303371,
    "adjacent_accuracy": 0.9269662921348315,
    "mae": 0.42696629213483145,
    "raw_exact": 0.3539325842696629,
    "raw_within1": 0.6404494382022472,
    "raw_mae": 1.550561797752809,
    "pct_mae": 12.921348314606742
  },
  "test": {
    "qwk": 0.7533025346485205,
    "accuracy": 0.6797752808988764,
    "adjacent_accuracy": 0.9269662921348315,
    "mae": 0.4101123595505618,
    "raw_exact": 0.4044943820224719,
    "raw_within1": 0.702247191011236,
    "raw_mae": 1.4382022471910112,
    "pct_mae": 11.919475655430713
  },
  "best_epoch": null,
  "calibrated_cuts": [
    0.16,
    0.375,
    0.56,
    0.8400000000000001
  ]
}