{
  "train": {
    "qwk": 0.8820802727516823,
    "accuracy": 0.7619808306709265,
    "adjacent_accuracy": 0.9856230031948882,
    "mae": 0.2539936102236422,
    "raw_exact": 0.5063897763578274,
    "raw_within1": 0.829073482428115,
    "raw_mae": 0.7971246006389776,
    "pct_mae": 6.577856382169482
  },
  "val": {
    "qwk": 0.8134710372698698,
    "accuracy": 0.7388059701492538,
    "adjacent_accuracy": 0.9328358208955224,
    "mae": 0.3283582089552239,
    "raw_exact": 0.44776119402985076,
    "raw_within1": 0.7014925373134329,
    "raw_mae": 1.2985074626865671,
    "pct_mae": 10.342039800995027
  },
  "test": {
    "qwk": 0.8028297581013236,
    "accuracy": 0.674074074074074,
    "adjacent_accuracy": 0.9629629629629629,
    "mae": 0.37037037037037035,
    "raw_exact": 0.4962962962962963,
    "raw_within1": 0.7481481481481481,
    "raw_mae": 1.2,
    "pct_mae": 9.74074074074074
  },
  "best_epoch": null,
  "calibrated_cuts": [
    0.01,
    0.35000000000000003,
    0.77,
    0.91
  ]
}