{
  "train": {
    "qwk": 0.8512352276167119,
    "accuracy": 0.6992753623188406,
    "adjacent_accuracy": 0.9637681159420289,
    "mae": 0.3393719806763285,
    "raw_exact": 0.18719806763285024,
    "raw_within1": 0.7560386473429952,
    "raw_mae": 1.1920289855072463,
    "pct_mae": 11.340867264780307
  },
  "val": {
    "qwk": 0.7758953673145093,
    "accuracy": 0.6235955056179775,
    "adjacent_accuracy": 0.9325842696629213,
    "mae": 0.4438202247191011,
    "raw_exact": 0.20786516853932585,
    "raw_within1": 0.6179775280898876,
    "raw_mae": 1.595505617977528,
    "pct_mae": 14.371990369181379
  },
  "test": {
    "qwk": 0.7696687370600415,
    "accuracy": 0.6573033707865169,
    "adjacent_accuracy": 0.9269662921348315,
    "mae": 0.42696629213483145,
    "raw_exact": 0.25842696629213485,
    "raw_within1": 0.7134831460674157,
    "raw_mae": 1.3820224719101124,
    "pct_mae": 12.376939539860887
  },
  "best_epoch": null,
  "calibrated_cuts": [
    0.33,
    0.47000000000000003,
    0.625,
    0.79
  ]
}