{
  "train": {
    "qwk": 0.6846018853915901,
    "accuracy": 0.5911949685534591,
    "adjacent_accuracy": 0.8852201257861635,
    "mae": 0.539308176100629,
    "raw_exact": 0.3946540880503145,
    "raw_within1": 0.64937106918239,
    "raw_mae": 1.6776729559748427,
    "pct_mae": 13.692535190176699
  },
  "val": {
    "qwk": 0.683895367160416,
    "accuracy": 0.6470588235294118,
    "adjacent_accuracy": 0.8897058823529411,
    "mae": 0.5,
    "raw_exact": 0.4411764705882353,
    "raw_within1": 0.7058823529411765,
    "raw_mae": 1.6985294117647058,
    "pct_mae": 13.49264705882353
  },
  "test": {
    "qwk": 0.6841248016922263,
    "accuracy": 0.583941605839416,
    "adjacent_accuracy": 0.8978102189781022,
    "mae": 0.5328467153284672,
    "raw_exact": 0.29927007299270075,
    "raw_within1": 0.6204379562043796,
    "raw_mae": 1.905109489051095,
    "pct_mae": 15.389294403892942
  },
  "best_epoch": null,
  "calibrated_cuts": [
    0.125,
    0.5,
    0.625,
    0.91
  ]
}