{
  "train": {
    "qwk": 0.940698335333212,
    "accuracy": 0.8514376996805112,
    "adjacent_accuracy": 0.9952076677316294,
    "mae": 0.15335463258785942,
    "raw_exact": 0.5990415335463258,
    "raw_within1": 0.8961661341853036,
    "raw_mae": 0.5686900958466453,
    "pct_mae": 4.909478168264111
  },
  "val": {
    "qwk": 0.8197309417040359,
    "accuracy": 0.7611940298507462,
    "adjacent_accuracy": 0.9477611940298507,
    "mae": 0.30597014925373134,
    "raw_exact": 0.5373134328358209,
    "raw_within1": 0.7388059701492538,
    "raw_mae": 1.2835820895522387,
    "pct_mae": 9.91915422885572
  },
  "test": {
    "qwk": 0.8186829708329157,
    "accuracy": 0.7555555555555555,
    "adjacent_accuracy": 0.9407407407407408,
    "mae": 0.31851851851851853,
    "raw_exact": 0.6,
    "raw_within1": 0.7851851851851852,
    "raw_mae": 0.9851851851851852,
    "pct_mae": 8.055555555555555
  },
  "best_epoch": null,
  "calibrated_cuts": [
    0.125,
    0.4,
    0.64,
    0.875
  ]
}