{
  "train": {
    "qwk": 0.9087591240875912,
    "cohen_kappa": 0.6848025167532159,
    "accuracy": 0.7830188679245284,
    "precision_macro": 0.8027136683090091,
    "recall_macro": 0.7041566005463104,
    "f1_macro": 0.7308584640819664,
    "adjacent_accuracy": 0.9937106918238994,
    "mae": 0.22327044025157233,
    "raw_exact": 0.24213836477987422,
    "raw_within1": 0.8411949685534591,
    "raw_mae": 0.9449685534591195,
    "pct_mae": 8.683924827792753
  },
  "val": {
    "qwk": 0.828556263269639,
    "cohen_kappa": 0.47004889975550124,
    "accuracy": 0.625,
    "precision_macro": 0.6883639021796917,
    "recall_macro": 0.5549324510614834,
    "f1_macro": 0.583617963314358,
    "adjacent_accuracy": 0.9852941176470589,
    "mae": 0.3897058823529412,
    "raw_exact": 0.21323529411764705,
    "raw_within1": 0.6764705882352942,
    "raw_mae": 1.4705882352941178,
    "pct_mae": 12.688200280112044
  },
  "test": {
    "qwk": 0.7919699879415837,
    "cohen_kappa": 0.481806490657387,
    "accuracy": 0.635036496350365,
    "precision_macro": 0.533534961154273,
    "recall_macro": 0.46858911697621375,
    "f1_macro": 0.47474014524553043,
    "adjacent_accuracy": 0.9562043795620438,
    "mae": 0.40875912408759124,
    "raw_exact": 0.2116788321167883,
    "raw_within1": 0.6496350364963503,
    "raw_mae": 1.5182481751824817,
    "pct_mae": 12.886687521724019
  },
  "best_epoch": null
}