{
  "train": {
    "qwk": 0.5762711051879692,
    "accuracy": 0.5120772946859904,
    "adjacent_accuracy": 0.8719806763285024,
    "mae": 0.644927536231884,
    "raw_exact": 0.2041062801932367,
    "raw_within1": 0.49033816425120774,
    "raw_mae": 1.9855072463768115,
    "pct_mae": 17.380521048999313
  },
  "val": {
    "qwk": 0.5812650917328421,
    "accuracy": 0.47191011235955055,
    "adjacent_accuracy": 0.8820224719101124,
    "mae": 0.6797752808988764,
    "raw_exact": 0.20224719101123595,
    "raw_within1": 0.47752808988764045,
    "raw_mae": 2.061797752808989,
    "pct_mae": 17.58895131086142
  },
  "test": {
    "qwk": 0.5271667992711033,
    "accuracy": 0.5730337078651685,
    "adjacent_accuracy": 0.8370786516853933,
    "mae": 0.6348314606741573,
    "raw_exact": 0.2696629213483146,
    "raw_within1": 0.550561797752809,
    "raw_mae": 1.9325842696629214,
    "pct_mae": 16.01123595505618
  },
  "best_epoch": null,
  "calibrated_cuts": [
    0.41000000000000003,
    0.47000000000000003,
    0.63,
    0.77
  ]
}