{
  "train": {
    "qwk": 0.5741496598639455,
    "accuracy": 0.45686900958466453,
    "adjacent_accuracy": 0.8706070287539937,
    "mae": 0.6869009584664537,
    "raw_exact": 0.16293929712460065,
    "raw_within1": 0.549520766773163,
    "raw_mae": 2.1070287539936103,
    "pct_mae": 18.59139662254678
  },
  "val": {
    "qwk": 0.5494485788577066,
    "accuracy": 0.4552238805970149,
    "adjacent_accuracy": 0.8208955223880597,
    "mae": 0.7313432835820896,
    "raw_exact": 0.12686567164179105,
    "raw_within1": 0.5,
    "raw_mae": 2.3656716417910446,
    "pct_mae": 20.031982942430705
  },
  "test": {
    "qwk": 0.554639175257732,
    "accuracy": 0.5111111111111111,
    "adjacent_accuracy": 0.8444444444444444,
    "mae": 0.6666666666666666,
    "raw_exact": 0.11851851851851852,
    "raw_within1": 0.4740740740740741,
    "raw_mae": 2.311111111111111,
    "pct_mae": 20.307760141093475
  },
  "best_epoch": null,
  "calibrated_cuts": [
    0.3,
    0.375,
    0.6,
    0.8
  ]
}