{
  "train": {
    "qwk": 0.9024360041845471,
    "cohen_kappa": 0.6822623899637884,
    "accuracy": 0.7859424920127795,
    "precision_macro": 0.6144206773618539,
    "recall_macro": 0.5767242858654187,
    "f1_macro": 0.5823333716905154,
    "adjacent_accuracy": 0.9936102236421726,
    "mae": 0.22044728434504793,
    "raw_exact": 0.2763578274760383,
    "raw_within1": 0.8514376996805112,
    "raw_mae": 0.9041533546325878,
    "pct_mae": 8.305187889852427
  },
  "val": {
    "qwk": 0.76,
    "cohen_kappa": 0.5033838221076378,
    "accuracy": 0.6567164179104478,
    "precision_macro": 0.5288050108821155,
    "recall_macro": 0.4770168183071409,
    "f1_macro": 0.4660770975056689,
    "adjacent_accuracy": 0.9477611940298507,
    "mae": 0.40298507462686567,
    "raw_exact": 0.23134328358208955,
    "raw_within1": 0.6940298507462687,
    "raw_mae": 1.5,
    "pct_mae": 12.525764036958066
  },
  "test": {
    "qwk": 0.80622009569378,
    "cohen_kappa": 0.4853466761972838,
    "accuracy": 0.6444444444444445,
    "precision_macro": 0.4896621386276559,
    "recall_macro": 0.4327565982404692,
    "f1_macro": 0.4378906586460979,
    "adjacent_accuracy": 0.9703703703703703,
    "mae": 0.3851851851851852,
    "raw_exact": 0.1925925925925926,
    "raw_within1": 0.7037037037037037,
    "raw_mae": 1.4222222222222223,
    "pct_mae": 12.357142857142858
  },
  "best_epoch": null
}