{
  "train": {
    "qwk": 0.9412007596118614,
    "accuracy": 0.853035143769968,
    "adjacent_accuracy": 0.9952076677316294,
    "mae": 0.15175718849840256,
    "raw_exact": 0.5958466453674122,
    "raw_within1": 0.8977635782747604,
    "raw_mae": 0.5670926517571885,
    "pct_mae": 4.719306252852578
  },
  "val": {
    "qwk": 0.8321835039767984,
    "accuracy": 0.746268656716418,
    "adjacent_accuracy": 0.9552238805970149,
    "mae": 0.30597014925373134,
    "raw_exact": 0.44776119402985076,
    "raw_within1": 0.7686567164179104,
    "raw_mae": 1.2611940298507462,
    "pct_mae": 9.751243781094528
  },
  "test": {
    "qwk": 0.8228483211115399,
    "accuracy": 0.7481481481481481,
    "adjacent_accuracy": 0.9407407407407408,
    "mae": 0.32592592592592595,
    "raw_exact": 0.5703703703703704,
    "raw_within1": 0.8,
    "raw_mae": 0.9777777777777777,
    "pct_mae": 7.820987654320987
  },
  "best_epoch": null,
  "calibrated_cuts": [
    0.125,
    0.44,
    0.65,
    0.85
  ]
}