{
  "train": {
    "qwk": 0.8956924631542736,
    "cohen_kappa": 0.6550651781738034,
    "accuracy": 0.7667731629392971,
    "precision_macro": 0.6015387932893431,
    "recall_macro": 0.5614267964695687,
    "f1_macro": 0.5668001465441309,
    "adjacent_accuracy": 0.9952076677316294,
    "mae": 0.2380191693290735,
    "raw_exact": 0.18370607028753994,
    "raw_within1": 0.829073482428115,
    "raw_mae": 1.012779552715655,
    "pct_mae": 10.11828693138597
  },
  "val": {
    "qwk": 0.726027397260274,
    "cohen_kappa": 0.428074612709453,
    "accuracy": 0.5970149253731343,
    "precision_macro": 0.5048515872045284,
    "recall_macro": 0.4389026743865453,
    "f1_macro": 0.4308696013190515,
    "adjacent_accuracy": 0.9477611940298507,
    "mae": 0.4626865671641791,
    "raw_exact": 0.1865671641791045,
    "raw_within1": 0.5970149253731343,
    "raw_mae": 1.664179104477612,
    "pct_mae": 14.752132196162048
  },
  "test": {
    "qwk": 0.7732773524326995,
    "cohen_kappa": 0.406639981163174,
    "accuracy": 0.5851851851851851,
    "precision_macro": 0.4599966898378021,
    "recall_macro": 0.3844379276637341,
    "f1_macro": 0.39434092477570737,
    "adjacent_accuracy": 0.9703703703703703,
    "mae": 0.4444444444444444,
    "raw_exact": 0.1259259259259259,
    "raw_within1": 0.6296296296296297,
    "raw_mae": 1.5703703703703704,
    "pct_mae": 14.215167548500881
  },
  "best_epoch": null
}