{
  "train": {
    "qwk": 0.8715197498171932,
    "accuracy": 0.707667731629393,
    "adjacent_accuracy": 0.9856230031948882,
    "mae": 0.3083067092651757,
    "raw_exact": 0.4904153354632588,
    "raw_within1": 0.8306709265175719,
    "raw_mae": 0.8690095846645367,
    "pct_mae": 6.918454282671535
  },
  "val": {
    "qwk": 0.856430664276031,
    "accuracy": 0.746268656716418,
    "adjacent_accuracy": 0.9626865671641791,
    "mae": 0.291044776119403,
    "raw_exact": 0.44776119402985076,
    "raw_within1": 0.7761194029850746,
    "raw_mae": 1.2388059701492538,
    "pct_mae": 9.62686567164179
  },
  "test": {
    "qwk": 0.8293025589563472,
    "accuracy": 0.7037037037037037,
    "adjacent_accuracy": 0.9555555555555556,
    "mae": 0.34814814814814815,
    "raw_exact": 0.5481481481481482,
    "raw_within1": 0.762962962962963,
    "raw_mae": 1.0888888888888888,
    "pct_mae": 8.586419753086421
  },
  "best_epoch": null,
  "calibrated_cuts": [
    0.125,
    0.46,
    0.625,
    0.92
  ]
}