{
  "train": {
    "qwk": 0.7851534002494079,
    "accuracy": 0.6405750798722045,
    "adjacent_accuracy": 0.9376996805111821,
    "mae": 0.43450479233226835,
    "raw_exact": 0.3753993610223642,
    "raw_within1": 0.6869009584664537,
    "raw_mae": 1.376996805111821,
    "pct_mae": 11.363342461585274
  },
  "val": {
    "qwk": 0.7741935483870968,
    "accuracy": 0.6194029850746269,
    "adjacent_accuracy": 0.9552238805970149,
    "mae": 0.44776119402985076,
    "raw_exact": 0.34328358208955223,
    "raw_within1": 0.6194029850746269,
    "raw_mae": 1.6492537313432836,
    "pct_mae": 13.034825870646769
  },
  "test": {
    "qwk": 0.773286467486819,
    "accuracy": 0.6592592592592592,
    "adjacent_accuracy": 0.9259259259259259,
    "mae": 0.42962962962962964,
    "raw_exact": 0.37037037037037035,
    "raw_within1": 0.7037037037037037,
    "raw_mae": 1.451851851851852,
    "pct_mae": 11.58641975308642
  },
  "best_epoch": null,
  "calibrated_cuts": [
    0.14,
    0.56,
    0.61,
    0.8
  ]
}