{
  "train": {
    "qwk": 0.9325693595836162,
    "accuracy": 0.8322683706070287,
    "adjacent_accuracy": 0.9952076677316294,
    "mae": 0.17412140575079874,
    "raw_exact": 0.26038338658146964,
    "raw_within1": 0.8482428115015974,
    "raw_mae": 0.9281150159744409,
    "pct_mae": 8.661950403164461
  },
  "val": {
    "qwk": 0.8232189973614776,
    "accuracy": 0.7611940298507462,
    "adjacent_accuracy": 0.9477611940298507,
    "mae": 0.30597014925373134,
    "raw_exact": 0.20149253731343283,
    "raw_within1": 0.7313432835820896,
    "raw_mae": 1.4776119402985075,
    "pct_mae": 12.737206823027716
  },
  "test": {
    "qwk": 0.8284352660841938,
    "accuracy": 0.7111111111111111,
    "adjacent_accuracy": 0.9629629629629629,
    "mae": 0.34074074074074073,
    "raw_exact": 0.17037037037037037,
    "raw_within1": 0.7185185185185186,
    "raw_mae": 1.4296296296296296,
    "pct_mae": 12.690476190476188
  },
  "best_epoch": null,
  "calibrated_cuts": [
    0.01,
    0.5,
    0.68,
    0.78
  ]
}