{
  "train": {
    "qwk": 0.8458287655757049,
    "accuracy": 0.678743961352657,
    "adjacent_accuracy": 0.9637681159420289,
    "mae": 0.357487922705314,
    "raw_exact": 0.23792270531400966,
    "raw_within1": 0.7596618357487923,
    "raw_mae": 1.1328502415458936,
    "pct_mae": 10.356423970554406
  },
  "val": {
    "qwk": 0.7731333679807955,
    "accuracy": 0.6235955056179775,
    "adjacent_accuracy": 0.9325842696629213,
    "mae": 0.4438202247191011,
    "raw_exact": 0.23595505617977527,
    "raw_within1": 0.5955056179775281,
    "raw_mae": 1.5617977528089888,
    "pct_mae": 13.950642054574638
  },
  "test": {
    "qwk": 0.7904487835041739,
    "accuracy": 0.651685393258427,
    "adjacent_accuracy": 0.949438202247191,
    "mae": 0.4101123595505618,
    "raw_exact": 0.2640449438202247,
    "raw_within1": 0.7359550561797753,
    "raw_mae": 1.3932584269662922,
    "pct_mae": 12.081995719636168
  },
  "best_epoch": null,
  "calibrated_cuts": [
    0.39,
    0.43,
    0.6900000000000001,
    0.81
  ]
}