{
  "train": {
    "qwk": 0.8275191716967757,
    "accuracy": 0.7374213836477987,
    "adjacent_accuracy": 0.9418238993710691,
    "mae": 0.32861635220125784,
    "raw_exact": 0.4308176100628931,
    "raw_within1": 0.779874213836478,
    "raw_mae": 1.1336477987421383,
    "pct_mae": 9.291516921233901
  },
  "val": {
    "qwk": 0.8546548448385054,
    "accuracy": 0.8014705882352942,
    "adjacent_accuracy": 0.9338235294117647,
    "mae": 0.2647058823529412,
    "raw_exact": 0.47058823529411764,
    "raw_within1": 0.7867647058823529,
    "raw_mae": 1.2205882352941178,
    "pct_mae": 9.589460784313724
  },
  "test": {
    "qwk": 0.7467159676948526,
    "accuracy": 0.7518248175182481,
    "adjacent_accuracy": 0.9124087591240876,
    "mae": 0.3722627737226277,
    "raw_exact": 0.4306569343065693,
    "raw_within1": 0.7299270072992701,
    "raw_mae": 1.532846715328467,
    "pct_mae": 11.429440389294404
  },
  "best_epoch": null,
  "calibrated_cuts": [
    0.125,
    0.43,
    0.625,
    0.8400000000000001
  ]
}