{
  "train": {
    "qwk": 0.8348074397970501,
    "cohen_kappa": 0.6018844749006045,
    "accuracy": 0.7125603864734299,
    "precision_macro": 0.7866874797458152,
    "recall_macro": 0.6690992891633956,
    "f1_macro": 0.6976411907766711,
    "adjacent_accuracy": 0.9698067632850241,
    "mae": 0.3176328502415459,
    "raw_exact": 0.18719806763285024,
    "raw_within1": 0.7560386473429952,
    "raw_mae": 1.1920289855072463,
    "pct_mae": 11.340867264780307
  },
  "val": {
    "qwk": 0.6798362587607765,
    "cohen_kappa": 0.416542505640458,
    "accuracy": 0.5674157303370787,
    "precision_macro": 0.7390665719023928,
    "recall_macro": 0.5355471243969852,
    "f1_macro": 0.5572256728778467,
    "adjacent_accuracy": 0.9269662921348315,
    "mae": 0.5056179775280899,
    "raw_exact": 0.20786516853932585,
    "raw_within1": 0.6179775280898876,
    "raw_mae": 1.595505617977528,
    "pct_mae": 14.371990369181379
  },
  "test": {
    "qwk": 0.7749617781959308,
    "cohen_kappa": 0.5653235653235653,
    "accuracy": 0.6853932584269663,
    "precision_macro": 0.5849370902002481,
    "recall_macro": 0.5267895032075799,
    "f1_macro": 0.5230038415825483,
    "adjacent_accuracy": 0.9438202247191011,
    "mae": 0.3707865168539326,
    "raw_exact": 0.25842696629213485,
    "raw_within1": 0.7134831460674157,
    "raw_mae": 1.3820224719101124,
    "pct_mae": 12.376939539860887
  },
  "best_epoch": null
}