{
  "train": {
    "qwk": 0.888913220296565,
    "accuracy": 0.779874213836478,
    "adjacent_accuracy": 0.9732704402515723,
    "mae": 0.25,
    "raw_exact": 0.49528301886792453,
    "raw_within1": 0.779874213836478,
    "raw_mae": 0.9481132075471698,
    "pct_mae": 7.7480158730158735
  },
  "val": {
    "qwk": 0.8859060402684564,
    "accuracy": 0.7426470588235294,
    "adjacent_accuracy": 0.9779411764705882,
    "mae": 0.27941176470588236,
    "raw_exact": 0.4852941176470588,
    "raw_within1": 0.75,
    "raw_mae": 1.0441176470588236,
    "pct_mae": 8.743872549019608
  },
  "test": {
    "qwk": 0.7716281770335824,
    "accuracy": 0.6788321167883211,
    "adjacent_accuracy": 0.927007299270073,
    "mae": 0.41605839416058393,
    "raw_exact": 0.43795620437956206,
    "raw_within1": 0.6934306569343066,
    "raw_mae": 1.4744525547445255,
    "pct_mae": 11.125304136253042
  },
  "best_epoch": null,
  "calibrated_cuts": [
    0.05,
    0.375,
    0.64,
    0.8
  ]
}