{
  "train": {
    "qwk": 0.9160478631098914,
    "accuracy": 0.7940251572327044,
    "adjacent_accuracy": 0.9889937106918238,
    "mae": 0.21855345911949686,
    "raw_exact": 0.5330188679245284,
    "raw_within1": 0.8867924528301887,
    "raw_mae": 0.64937106918239,
    "pct_mae": 5.50314465408805
  },
  "val": {
    "qwk": 0.8855569155446756,
    "accuracy": 0.7426470588235294,
    "adjacent_accuracy": 0.9779411764705882,
    "mae": 0.27941176470588236,
    "raw_exact": 0.5073529411764706,
    "raw_within1": 0.7647058823529411,
    "raw_mae": 1.1102941176470589,
    "pct_mae": 8.645833333333334
  },
  "test": {
    "qwk": 0.8007780778455553,
    "accuracy": 0.708029197080292,
    "adjacent_accuracy": 0.9343065693430657,
    "mae": 0.3722627737226277,
    "raw_exact": 0.40875912408759124,
    "raw_within1": 0.7372262773722628,
    "raw_mae": 1.3576642335766422,
    "pct_mae": 10.316301703163017
  },
  "best_epoch": null,
  "calibrated_cuts": [
    0.08,
    0.47000000000000003,
    0.64,
    0.89
  ]
}