{
  "train": {
    "qwk": 0.511806342411907,
    "cohen_kappa": 0.24082452445982672,
    "accuracy": 0.4424920127795527,
    "precision_macro": 0.3498254388666461,
    "recall_macro": 0.30943502759722,
    "f1_macro": 0.3194446290973172,
    "adjacent_accuracy": 0.7955271565495208,
    "mae": 0.8115015974440895,
    "raw_exact": 0.36261980830670926,
    "raw_within1": 0.5271565495207667,
    "raw_mae": 2.258785942492013,
    "pct_mae": 19.37300319488818
  },
  "val": {
    "qwk": 0.5003463873833489,
    "cohen_kappa": 0.2983212690589866,
    "accuracy": 0.4925373134328358,
    "precision_macro": 0.3753623188405797,
    "recall_macro": 0.36181417149159084,
    "f1_macro": 0.35817720005091785,
    "adjacent_accuracy": 0.8134328358208955,
    "mae": 0.753731343283582,
    "raw_exact": 0.3358208955223881,
    "raw_within1": 0.5149253731343284,
    "raw_mae": 2.2686567164179103,
    "pct_mae": 18.563432835820894
  },
  "test": {
    "qwk": 0.5029691211401426,
    "cohen_kappa": 0.2541436464088398,
    "accuracy": 0.4666666666666667,
    "precision_macro": 0.33385620915032677,
    "recall_macro": 0.2944379276637341,
    "f1_macro": 0.302192924631949,
    "adjacent_accuracy": 0.7925925925925926,
    "mae": 0.7851851851851852,
    "raw_exact": 0.37037037037037035,
    "raw_within1": 0.5111111111111111,
    "raw_mae": 2.1481481481481484,
    "pct_mae": 18.59259259259259
  },
  "best_epoch": null
}