{
  "train": {
    "qwk": 0.718298319327731,
    "accuracy": 0.5110062893081762,
    "adjacent_accuracy": 0.9213836477987422,
    "mae": 0.5817610062893082,
    "raw_exact": 0.44339622641509435,
    "raw_within1": 0.6761006289308176,
    "raw_mae": 1.479559748427673,
    "pct_mae": 11.6765873015873
  },
  "val": {
    "qwk": 0.8306067816775728,
    "accuracy": 0.5735294117647058,
    "adjacent_accuracy": 0.9779411764705882,
    "mae": 0.4485294117647059,
    "raw_exact": 0.45588235294117646,
    "raw_within1": 0.6544117647058824,
    "raw_mae": 1.4926470588235294,
    "pct_mae": 11.458333333333334
  },
  "test": {
    "qwk": 0.670191971358614,
    "accuracy": 0.48905109489051096,
    "adjacent_accuracy": 0.8978102189781022,
    "mae": 0.6204379562043796,
    "raw_exact": 0.4306569343065693,
    "raw_within1": 0.656934306569343,
    "raw_mae": 1.5912408759124088,
    "pct_mae": 11.745742092457423
  },
  "best_epoch": null,
  "calibrated_cuts": [
    0.09999999999999999,
    0.6,
    0.63,
    0.9
  ]
}