{
  "train": {
    "qwk": 0.817574997800651,
    "accuracy": 0.6823899371069182,
    "adjacent_accuracy": 0.9575471698113207,
    "mae": 0.3694968553459119,
    "raw_exact": 0.39622641509433965,
    "raw_within1": 0.7374213836477987,
    "raw_mae": 1.2562893081761006,
    "pct_mae": 10.145814615154238
  },
  "val": {
    "qwk": 0.8367513020833333,
    "accuracy": 0.6985294117647058,
    "adjacent_accuracy": 0.9558823529411765,
    "mae": 0.34558823529411764,
    "raw_exact": 0.45588235294117646,
    "raw_within1": 0.6985294117647058,
    "raw_mae": 1.3014705882352942,
    "pct_mae": 10.263480392156863
  },
  "test": {
    "qwk": 0.6472579827673592,
    "accuracy": 0.6277372262773723,
    "adjacent_accuracy": 0.8759124087591241,
    "mae": 0.5328467153284672,
    "raw_exact": 0.40875912408759124,
    "raw_within1": 0.635036496350365,
    "raw_mae": 1.854014598540146,
    "pct_mae": 13.911192214111923
  },
  "best_epoch": null,
  "calibrated_cuts": [
    0.08,
    0.375,
    0.5700000000000001,
    0.85
  ]
}