{
  "train": {
    "qwk": 0.40713499115345575,
    "cohen_kappa": 0.20880875392095977,
    "accuracy": 0.427536231884058,
    "precision_macro": 0.3238588327809052,
    "recall_macro": 0.3086772314566685,
    "f1_macro": 0.312701907943687,
    "adjacent_accuracy": 0.7451690821256038,
    "mae": 0.8804347826086957,
    "raw_exact": 0.30917874396135264,
    "raw_within1": 0.4867149758454106,
    "raw_mae": 2.407004830917874,
    "pct_mae": 21.147342995169083
  },
  "val": {
    "qwk": 0.4390617662324823,
    "cohen_kappa": 0.2285939415163718,
    "accuracy": 0.4438202247191011,
    "precision_macro": 0.3317532467532468,
    "recall_macro": 0.3076240655182613,
    "f1_macro": 0.3105121605289093,
    "adjacent_accuracy": 0.7865168539325843,
    "mae": 0.8146067415730337,
    "raw_exact": 0.25280898876404495,
    "raw_within1": 0.46629213483146065,
    "raw_mae": 2.404494382022472,
    "pct_mae": 21.034644194756552
  },
  "test": {
    "qwk": 0.49562753432019147,
    "cohen_kappa": 0.19736385709330573,
    "accuracy": 0.4157303370786517,
    "precision_macro": 0.33042203458982494,
    "recall_macro": 0.29679804995461456,
    "f1_macro": 0.30985027244728736,
    "adjacent_accuracy": 0.8258426966292135,
    "mae": 0.797752808988764,
    "raw_exact": 0.29213483146067415,
    "raw_within1": 0.4943820224719101,
    "raw_mae": 2.3820224719101124,
    "pct_mae": 19.705056179775283
  },
  "best_epoch": null
}