{
  "train": {
    "qwk": 0.9403360828540435,
    "accuracy": 0.8459119496855346,
    "adjacent_accuracy": 0.9937106918238994,
    "mae": 0.16037735849056603,
    "raw_exact": 0.4937106918238994,
    "raw_within1": 0.8757861635220126,
    "raw_mae": 0.690251572327044,
    "pct_mae": 5.889862234201856
  },
  "val": {
    "qwk": 0.909711684370258,
    "accuracy": 0.7867647058823529,
    "adjacent_accuracy": 0.9852941176470589,
    "mae": 0.22794117647058823,
    "raw_exact": 0.5588235294117647,
    "raw_within1": 0.7647058823529411,
    "raw_mae": 0.9485294117647058,
    "pct_mae": 7.683823529411764
  },
  "test": {
    "qwk": 0.8254708660800032,
    "accuracy": 0.7518248175182481,
    "adjacent_accuracy": 0.948905109489051,
    "mae": 0.31386861313868614,
    "raw_exact": 0.48905109489051096,
    "raw_within1": 0.7591240875912408,
    "raw_mae": 1.2043795620437956,
    "pct_mae": 8.94160583941606
  },
  "best_epoch": null,
  "calibrated_cuts": [
    0.060000000000000005,
    0.375,
    0.67,
    0.8400000000000001
  ]
}