{
  "train": {
    "qwk": 0.7787227022177223,
    "accuracy": 0.5579710144927537,
    "adjacent_accuracy": 0.9589371980676329,
    "mae": 0.48429951690821255,
    "raw_exact": 0.3997584541062802,
    "raw_within1": 0.6835748792270532,
    "raw_mae": 1.2403381642512077,
    "pct_mae": 10.550667126754083
  },
  "val": {
    "qwk": 0.7340660482760413,
    "accuracy": 0.5561797752808989,
    "adjacent_accuracy": 0.9325842696629213,
    "mae": 0.5112359550561798,
    "raw_exact": 0.38764044943820225,
    "raw_within1": 0.6067415730337079,
    "raw_mae": 1.4831460674157304,
    "pct_mae": 12.780898876404494
  },
  "test": {
    "qwk": 0.7029572326718585,
    "accuracy": 0.5730337078651685,
    "adjacent_accuracy": 0.9101123595505618,
    "mae": 0.5224719101123596,
    "raw_exact": 0.43258426966292135,
    "raw_within1": 0.6741573033707865,
    "raw_mae": 1.5730337078651686,
    "pct_mae": 12.368913857677901
  },
  "best_epoch": null,
  "calibrated_cuts": [
    0.2,
    0.47000000000000003,
    0.625,
    0.9400000000000001
  ]
}