{
  "train": {
    "qwk": 0.8283251836174123,
    "accuracy": 0.6473429951690821,
    "adjacent_accuracy": 0.9685990338164251,
    "mae": 0.3852657004830918,
    "raw_exact": 0.46256038647342995,
    "raw_within1": 0.7306763285024155,
    "raw_mae": 1.03743961352657,
    "pct_mae": 8.838710605014953
  },
  "val": {
    "qwk": 0.7712082262210797,
    "accuracy": 0.6348314606741573,
    "adjacent_accuracy": 0.9269662921348315,
    "mae": 0.43820224719101125,
    "raw_exact": 0.39325842696629215,
    "raw_within1": 0.6910112359550562,
    "raw_mae": 1.398876404494382,
    "pct_mae": 11.966292134831463
  },
  "test": {
    "qwk": 0.7618977493066293,
    "accuracy": 0.6573033707865169,
    "adjacent_accuracy": 0.9382022471910112,
    "mae": 0.42134831460674155,
    "raw_exact": 0.42696629213483145,
    "raw_within1": 0.7471910112359551,
    "raw_mae": 1.2303370786516854,
    "pct_mae": 9.887640449438202
  },
  "best_epoch": null,
  "calibrated_cuts": [
    0.26,
    0.45,
    0.6,
    0.8400000000000001
  ]
}