{
  "train": {
    "qwk": 0.5317328152465537,
    "accuracy": 0.42452830188679247,
    "adjacent_accuracy": 0.8333333333333334,
    "mae": 0.7672955974842768,
    "raw_exact": 0.18553459119496854,
    "raw_within1": 0.5015723270440252,
    "raw_mae": 2.6462264150943398,
    "pct_mae": 23.098420185684336
  },
  "val": {
    "qwk": 0.5929577464788732,
    "accuracy": 0.4632352941176471,
    "adjacent_accuracy": 0.8455882352941176,
    "mae": 0.6911764705882353,
    "raw_exact": 0.17647058823529413,
    "raw_within1": 0.5735294117647058,
    "raw_mae": 2.375,
    "pct_mae": 21.119572829131652
  },
  "test": {
    "qwk": 0.5330208777162335,
    "accuracy": 0.43795620437956206,
    "adjacent_accuracy": 0.8467153284671532,
    "mae": 0.7445255474452555,
    "raw_exact": 0.17518248175182483,
    "raw_within1": 0.49635036496350365,
    "raw_mae": 2.5036496350364965,
    "pct_mae": 21.84654153632256
  },
  "best_epoch": null,
  "calibrated_cuts": [
    0.01,
    0.3,
    0.5,
    0.75
  ]
}