{
  "train": {
    "qwk": 0.7706314963718377,
    "accuracy": 0.6038647342995169,
    "adjacent_accuracy": 0.9541062801932367,
    "mae": 0.4444444444444444,
    "raw_exact": 0.35628019323671495,
    "raw_within1": 0.6666666666666666,
    "raw_mae": 1.2946859903381642,
    "pct_mae": 11.298596733379343
  },
  "val": {
    "qwk": 0.7053838616562061,
    "accuracy": 0.5955056179775281,
    "adjacent_accuracy": 0.9101123595505618,
    "mae": 0.5,
    "raw_exact": 0.38764044943820225,
    "raw_within1": 0.6235955056179775,
    "raw_mae": 1.601123595505618,
    "pct_mae": 13.64232209737828
  },
  "test": {
    "qwk": 0.7188470876954808,
    "accuracy": 0.6292134831460674,
    "adjacent_accuracy": 0.9157303370786517,
    "mae": 0.46629213483146065,
    "raw_exact": 0.38764044943820225,
    "raw_within1": 0.6573033707865169,
    "raw_mae": 1.5056179775280898,
    "pct_mae": 12.3876404494382
  },
  "best_epoch": null,
  "calibrated_cuts": [
    0.17,
    0.31,
    0.61,
    0.79
  ]
}