{
  "train": {
    "qwk": 0.9140273328196602,
    "accuracy": 0.8034591194968553,
    "adjacent_accuracy": 0.9842767295597484,
    "mae": 0.2138364779874214,
    "raw_exact": 0.25,
    "raw_within1": 0.8569182389937107,
    "raw_mae": 0.9386792452830188,
    "pct_mae": 8.921084156933212
  },
  "val": {
    "qwk": 0.8832773878547452,
    "accuracy": 0.7573529411764706,
    "adjacent_accuracy": 0.9705882352941176,
    "mae": 0.27205882352941174,
    "raw_exact": 0.2426470588235294,
    "raw_within1": 0.7205882352941176,
    "raw_mae": 1.375,
    "pct_mae": 12.179621848739496
  },
  "test": {
    "qwk": 0.8348627420483707,
    "accuracy": 0.7664233576642335,
    "adjacent_accuracy": 0.9635036496350365,
    "mae": 0.291970802919708,
    "raw_exact": 0.17518248175182483,
    "raw_within1": 0.708029197080292,
    "raw_mae": 1.4963503649635037,
    "pct_mae": 13.172575599582897
  },
  "best_epoch": null,
  "calibrated_cuts": [
    0.125,
    0.48000000000000004,
    0.625,
    0.7000000000000001
  ]
}