{
  "train": {
    "qwk": 0.7401748282781172,
    "accuracy": 0.6565495207667732,
    "adjacent_accuracy": 0.889776357827476,
    "mae": 0.4712460063897764,
    "raw_exact": 0.38817891373801916,
    "raw_within1": 0.6549520766773163,
    "raw_mae": 1.4488817891373802,
    "pct_mae": 11.667047010497491
  },
  "val": {
    "qwk": 0.7512048668720865,
    "accuracy": 0.7014925373134329,
    "adjacent_accuracy": 0.9029850746268657,
    "mae": 0.417910447761194,
    "raw_exact": 0.3582089552238806,
    "raw_within1": 0.5895522388059702,
    "raw_mae": 1.7164179104477613,
    "pct_mae": 13.451492537313431
  },
  "test": {
    "qwk": 0.7316000764672146,
    "accuracy": 0.6518518518518519,
    "adjacent_accuracy": 0.8962962962962963,
    "mae": 0.4740740740740741,
    "raw_exact": 0.43703703703703706,
    "raw_within1": 0.6296296296296297,
    "raw_mae": 1.5037037037037038,
    "pct_mae": 11.537037037037036
  },
  "best_epoch": null,
  "calibrated_cuts": [
    0.01,
    0.53,
    0.64,
    0.72
  ]
}