{
  "train": {
    "qwk": 0.8479302785419532,
    "accuracy": 0.7264150943396226,
    "adjacent_accuracy": 0.9591194968553459,
    "mae": 0.3191823899371069,
    "raw_exact": 0.5204402515723271,
    "raw_within1": 0.7484276729559748,
    "raw_mae": 1.0676100628930818,
    "pct_mae": 8.552148846960167
  },
  "val": {
    "qwk": 0.8482142857142857,
    "accuracy": 0.75,
    "adjacent_accuracy": 0.9411764705882353,
    "mae": 0.3088235294117647,
    "raw_exact": 0.5220588235294118,
    "raw_within1": 0.7279411764705882,
    "raw_mae": 1.1764705882352942,
    "pct_mae": 8.952205882352942
  },
  "test": {
    "qwk": 0.7156099064844312,
    "accuracy": 0.6131386861313869,
    "adjacent_accuracy": 0.9197080291970803,
    "mae": 0.48905109489051096,
    "raw_exact": 0.40875912408759124,
    "raw_within1": 0.6642335766423357,
    "raw_mae": 1.635036496350365,
    "pct_mae": 12.183698296836983
  },
  "best_epoch": null,
  "calibrated_cuts": [
    0.22,
    0.39,
    0.63,
    0.92
  ]
}