{
  "train": {
    "qwk": 0.8352135862550463,
    "cohen_kappa": 0.5883128117648011,
    "accuracy": 0.7028985507246377,
    "precision_macro": 0.7833320792202147,
    "recall_macro": 0.6574337039774638,
    "f1_macro": 0.686450402103141,
    "adjacent_accuracy": 0.9746376811594203,
    "mae": 0.322463768115942,
    "raw_exact": 0.21739130434782608,
    "raw_within1": 0.7355072463768116,
    "raw_mae": 1.1618357487922706,
    "pct_mae": 10.567776627559237
  },
  "val": {
    "qwk": 0.6672322242121469,
    "cohen_kappa": 0.37512160047371323,
    "accuracy": 0.5337078651685393,
    "precision_macro": 0.7522222222222222,
    "recall_macro": 0.5185012799722588,
    "f1_macro": 0.546809880143653,
    "adjacent_accuracy": 0.9325842696629213,
    "mae": 0.5337078651685393,
    "raw_exact": 0.24157303370786518,
    "raw_within1": 0.601123595505618,
    "raw_mae": 1.601123595505618,
    "pct_mae": 14.217495987158909
  },
  "test": {
    "qwk": 0.7654496461461017,
    "cohen_kappa": 0.5669476062212181,
    "accuracy": 0.6853932584269663,
    "precision_macro": 0.5887412587412587,
    "recall_macro": 0.5338343073361279,
    "f1_macro": 0.5254360659005551,
    "adjacent_accuracy": 0.9382022471910112,
    "mae": 0.37640449438202245,
    "raw_exact": 0.2808988764044944,
    "raw_within1": 0.6910112359550562,
    "raw_mae": 1.4550561797752808,
    "pct_mae": 12.49398073836276
  },
  "best_epoch": null
}