{
  "train": {
    "qwk": 0.8814644917839851,
    "accuracy": 0.7667731629392971,
    "adjacent_accuracy": 0.9792332268370607,
    "mae": 0.2571884984025559,
    "raw_exact": 0.5,
    "raw_within1": 0.7603833865814696,
    "raw_mae": 0.9568690095846646,
    "pct_mae": 7.738665753841473
  },
  "val": {
    "qwk": 0.7950888701741944,
    "accuracy": 0.664179104477612,
    "adjacent_accuracy": 0.9402985074626866,
    "mae": 0.39552238805970147,
    "raw_exact": 0.373134328358209,
    "raw_within1": 0.6417910447761194,
    "raw_mae": 1.5,
    "pct_mae": 11.946517412935323
  },
  "test": {
    "qwk": 0.7896399241945673,
    "accuracy": 0.7111111111111111,
    "adjacent_accuracy": 0.9259259259259259,
    "mae": 0.37037037037037035,
    "raw_exact": 0.45925925925925926,
    "raw_within1": 0.7037037037037037,
    "raw_mae": 1.3037037037037038,
    "pct_mae": 10.234567901234566
  },
  "best_epoch": null,
  "calibrated_cuts": [
    0.125,
    0.39,
    0.68,
    0.8200000000000001
  ]
}