{
  "train": {
    "qwk": 0.8314864701758351,
    "cohen_kappa": 0.5955415426972779,
    "accuracy": 0.7077294685990339,
    "precision_macro": 0.7896453694179766,
    "recall_macro": 0.6655407364445638,
    "f1_macro": 0.6947041276293991,
    "adjacent_accuracy": 0.9698067632850241,
    "mae": 0.322463768115942,
    "raw_exact": 0.2028985507246377,
    "raw_within1": 0.7524154589371981,
    "raw_mae": 1.1968599033816425,
    "pct_mae": 11.263371290545203
  },
  "val": {
    "qwk": 0.6833323109011717,
    "cohen_kappa": 0.41604533253802567,
    "accuracy": 0.5674157303370787,
    "precision_macro": 0.7170576735092864,
    "recall_macro": 0.5341321584105906,
    "f1_macro": 0.555261443751579,
    "adjacent_accuracy": 0.9269662921348315,
    "mae": 0.5056179775280899,
    "raw_exact": 0.2247191011235955,
    "raw_within1": 0.601123595505618,
    "raw_mae": 1.595505617977528,
    "pct_mae": 14.41880684858213
  },
  "test": {
    "qwk": 0.7676515960602824,
    "cohen_kappa": 0.5496815842275147,
    "accuracy": 0.6741573033707865,
    "precision_macro": 0.5780842911877395,
    "recall_macro": 0.5140122183806056,
    "f1_macro": 0.5093880405963044,
    "adjacent_accuracy": 0.9438202247191011,
    "mae": 0.38202247191011235,
    "raw_exact": 0.2640449438202247,
    "raw_within1": 0.7247191011235955,
    "raw_mae": 1.3932584269662922,
    "pct_mae": 12.24585339753879
  },
  "best_epoch": null
}