{
  "train": {
    "qwk": 0.5205592105263157,
    "accuracy": 0.4229559748427673,
    "adjacent_accuracy": 0.8286163522012578,
    "mae": 0.7861635220125787,
    "raw_exact": 0.32075471698113206,
    "raw_within1": 0.470125786163522,
    "raw_mae": 2.6839622641509435,
    "pct_mae": 23.036088649296193
  },
  "val": {
    "qwk": 0.6388424222147875,
    "accuracy": 0.45588235294117646,
    "adjacent_accuracy": 0.8823529411764706,
    "mae": 0.6691176470588235,
    "raw_exact": 0.35294117647058826,
    "raw_within1": 0.5588235294117647,
    "raw_mae": 2.301470588235294,
    "pct_mae": 19.779411764705884
  },
  "test": {
    "qwk": 0.5475001032162172,
    "accuracy": 0.44525547445255476,
    "adjacent_accuracy": 0.8686131386861314,
    "mae": 0.7299270072992701,
    "raw_exact": 0.32116788321167883,
    "raw_within1": 0.48905109489051096,
    "raw_mae": 2.4744525547445257,
    "pct_mae": 21.015815085158152
  },
  "best_epoch": null,
  "calibrated_cuts": [
    0.01,
    0.29000000000000004,
    0.43,
    0.76
  ]
}