{
  "train": {
    "qwk": 0.8379677948412106,
    "accuracy": 0.6920289855072463,
    "adjacent_accuracy": 0.967391304347826,
    "mae": 0.34057971014492755,
    "raw_exact": 0.4420289855072464,
    "raw_within1": 0.7608695652173914,
    "raw_mae": 0.998792270531401,
    "pct_mae": 8.807510927076144
  },
  "val": {
    "qwk": 0.7681856018903896,
    "accuracy": 0.6235955056179775,
    "adjacent_accuracy": 0.9438202247191011,
    "mae": 0.43258426966292135,
    "raw_exact": 0.38202247191011235,
    "raw_within1": 0.6573033707865169,
    "raw_mae": 1.4550561797752808,
    "pct_mae": 12.5
  },
  "test": {
    "qwk": 0.7696172977362704,
    "accuracy": 0.7191011235955056,
    "adjacent_accuracy": 0.9213483146067416,
    "mae": 0.3707865168539326,
    "raw_exact": 0.4157303370786517,
    "raw_within1": 0.7359550561797753,
    "raw_mae": 1.3370786516853932,
    "pct_mae": 10.964419475655431
  },
  "best_epoch": null,
  "calibrated_cuts": [
    0.17,
    0.375,
    0.6,
    0.91
  ]
}