{
  "train": {
    "qwk": 0.8607985516657811,
    "accuracy": 0.7284345047923323,
    "adjacent_accuracy": 0.9728434504792333,
    "mae": 0.3003194888178914,
    "raw_exact": 0.4520766773162939,
    "raw_within1": 0.755591054313099,
    "raw_mae": 1.036741214057508,
    "pct_mae": 8.390955423703026
  },
  "val": {
    "qwk": 0.8054724617279606,
    "accuracy": 0.664179104477612,
    "adjacent_accuracy": 0.9477611940298507,
    "mae": 0.3880597014925373,
    "raw_exact": 0.4552238805970149,
    "raw_within1": 0.6343283582089553,
    "raw_mae": 1.4402985074626866,
    "pct_mae": 11.181592039800995
  },
  "test": {
    "qwk": 0.7679245283018868,
    "accuracy": 0.6814814814814815,
    "adjacent_accuracy": 0.9037037037037037,
    "mae": 0.4148148148148148,
    "raw_exact": 0.4444444444444444,
    "raw_within1": 0.6962962962962963,
    "raw_mae": 1.3925925925925926,
    "pct_mae": 11.111111111111109
  },
  "best_epoch": null,
  "calibrated_cuts": [
    0.01,
    0.37,
    0.68,
    0.8200000000000001
  ]
}