{
  "train": {
    "qwk": 0.8259116045070891,
    "accuracy": 0.7185534591194969,
    "adjacent_accuracy": 0.9386792452830188,
    "mae": 0.3490566037735849,
    "raw_exact": 0.4261006289308176,
    "raw_within1": 0.7059748427672956,
    "raw_mae": 1.2311320754716981,
    "pct_mae": 9.788110212638514
  },
  "val": {
    "qwk": 0.863507556675063,
    "accuracy": 0.7352941176470589,
    "adjacent_accuracy": 0.9632352941176471,
    "mae": 0.3014705882352941,
    "raw_exact": 0.41911764705882354,
    "raw_within1": 0.6691176470588235,
    "raw_mae": 1.3529411764705883,
    "pct_mae": 10.73529411764706
  },
  "test": {
    "qwk": 0.7363993058175508,
    "accuracy": 0.6715328467153284,
    "adjacent_accuracy": 0.8978102189781022,
    "mae": 0.45255474452554745,
    "raw_exact": 0.40145985401459855,
    "raw_within1": 0.656934306569343,
    "raw_mae": 1.5985401459854014,
    "pct_mae": 11.964720194647201
  },
  "best_epoch": null,
  "calibrated_cuts": [
    0.125,
    0.49,
    0.67,
    0.79
  ]
}