{
  "train": {
    "qwk": 0.5265524122549595,
    "accuracy": 0.41352201257861637,
    "adjacent_accuracy": 0.8411949685534591,
    "mae": 0.7720125786163522,
    "raw_exact": 0.15880503144654087,
    "raw_within1": 0.4528301886792453,
    "raw_mae": 2.770440251572327,
    "pct_mae": 24.39690026954178
  },
  "val": {
    "qwk": 0.5802090843547225,
    "accuracy": 0.45588235294117646,
    "adjacent_accuracy": 0.8455882352941176,
    "mae": 0.6985294117647058,
    "raw_exact": 0.16911764705882354,
    "raw_within1": 0.5294117647058824,
    "raw_mae": 2.448529411764706,
    "pct_mae": 21.818102240896362
  },
  "test": {
    "qwk": 0.5300941603128482,
    "accuracy": 0.4233576642335766,
    "adjacent_accuracy": 0.8467153284671532,
    "mae": 0.7518248175182481,
    "raw_exact": 0.15328467153284672,
    "raw_within1": 0.4744525547445255,
    "raw_mae": 2.591240875912409,
    "pct_mae": 22.758950295446645
  },
  "best_epoch": null,
  "calibrated_cuts": [
    0.01,
    0.28,
    0.48000000000000004,
    0.76
  ]
}