{
  "train": {
    "qwk": 0.9446157437212227,
    "accuracy": 0.8722044728434505,
    "adjacent_accuracy": 0.9952076677316294,
    "mae": 0.134185303514377,
    "raw_exact": 0.28913738019169327,
    "raw_within1": 0.84185303514377,
    "raw_mae": 0.8977635782747604,
    "pct_mae": 8.172067549064355
  },
  "val": {
    "qwk": 0.8287632661901667,
    "accuracy": 0.7910447761194029,
    "adjacent_accuracy": 0.9477611940298507,
    "mae": 0.27611940298507465,
    "raw_exact": 0.23134328358208955,
    "raw_within1": 0.6940298507462687,
    "raw_mae": 1.462686567164179,
    "pct_mae": 12.277007818052594
  },
  "test": {
    "qwk": 0.847000962258099,
    "accuracy": 0.7481481481481481,
    "adjacent_accuracy": 0.9777777777777777,
    "mae": 0.28888888888888886,
    "raw_exact": 0.2,
    "raw_within1": 0.7111111111111111,
    "raw_mae": 1.4148148148148147,
    "pct_mae": 12.270723104056437
  },
  "best_epoch": null,
  "calibrated_cuts": [
    0.01,
    0.49,
    0.67,
    0.79
  ]
}