{
  "train": {
    "qwk": 0.8232086340763679,
    "accuracy": 0.6808176100628931,
    "adjacent_accuracy": 0.960691823899371,
    "mae": 0.3632075471698113,
    "raw_exact": 0.4371069182389937,
    "raw_within1": 0.7028301886792453,
    "raw_mae": 1.221698113207547,
    "pct_mae": 9.737009583707698
  },
  "val": {
    "qwk": 0.8338303512259775,
    "accuracy": 0.6764705882352942,
    "adjacent_accuracy": 0.9632352941176471,
    "mae": 0.3602941176470588,
    "raw_exact": 0.4632352941176471,
    "raw_within1": 0.6617647058823529,
    "raw_mae": 1.2941176470588236,
    "pct_mae": 10.447303921568627
  },
  "test": {
    "qwk": 0.669650155304888,
    "accuracy": 0.6131386861313869,
    "adjacent_accuracy": 0.8905109489051095,
    "mae": 0.5255474452554745,
    "raw_exact": 0.39416058394160586,
    "raw_within1": 0.6131386861313869,
    "raw_mae": 1.802919708029197,
    "pct_mae": 13.351581508515814
  },
  "best_epoch": null,
  "calibrated_cuts": [
    0.25,
    0.375,
    0.64,
    0.875
  ]
}