{
  "train": {
    "qwk": 0.688949170723657,
    "accuracy": 0.539308176100629,
    "adjacent_accuracy": 0.8867924528301887,
    "mae": 0.5927672955974843,
    "raw_exact": 0.3663522012578616,
    "raw_within1": 0.6336477987421384,
    "raw_mae": 1.8128930817610063,
    "pct_mae": 14.79877957472297
  },
  "val": {
    "qwk": 0.7512953367875648,
    "accuracy": 0.5955882352941176,
    "adjacent_accuracy": 0.9117647058823529,
    "mae": 0.5,
    "raw_exact": 0.3382352941176471,
    "raw_within1": 0.6176470588235294,
    "raw_mae": 1.9044117647058822,
    "pct_mae": 15.188200280112044
  },
  "test": {
    "qwk": 0.6467884766281806,
    "accuracy": 0.48175182481751827,
    "adjacent_accuracy": 0.8613138686131386,
    "mae": 0.6715328467153284,
    "raw_exact": 0.31386861313868614,
    "raw_within1": 0.6058394160583942,
    "raw_mae": 2.065693430656934,
    "pct_mae": 16.067083767813696
  },
  "best_epoch": null,
  "calibrated_cuts": [
    0.125,
    0.5800000000000001,
    0.625,
    0.78
  ]
}