{
  "train": {
    "qwk": 0.7713589095156553,
    "accuracy": 0.5821256038647343,
    "adjacent_accuracy": 0.9492753623188406,
    "mae": 0.4722222222222222,
    "raw_exact": 0.4214975845410628,
    "raw_within1": 0.6751207729468599,
    "raw_mae": 1.2826086956521738,
    "pct_mae": 10.828588681849551
  },
  "val": {
    "qwk": 0.6465768573439228,
    "accuracy": 0.5224719101123596,
    "adjacent_accuracy": 0.8820224719101124,
    "mae": 0.6067415730337079,
    "raw_exact": 0.3595505617977528,
    "raw_within1": 0.5786516853932584,
    "raw_mae": 1.8202247191011236,
    "pct_mae": 15.23876404494382
  },
  "test": {
    "qwk": 0.6579650372592212,
    "accuracy": 0.5842696629213483,
    "adjacent_accuracy": 0.8820224719101124,
    "mae": 0.5617977528089888,
    "raw_exact": 0.398876404494382,
    "raw_within1": 0.6573033707865169,
    "raw_mae": 1.6067415730337078,
    "pct_mae": 12.907303370786519
  },
  "best_epoch": null,
  "calibrated_cuts": [
    0.33,
    0.37,
    0.625,
    0.93
  ]
}