{
  "train": {
    "qwk": 0.6713286713286714,
    "accuracy": 0.550314465408805,
    "adjacent_accuracy": 0.8852201257861635,
    "mae": 0.5817610062893082,
    "raw_exact": 0.22012578616352202,
    "raw_within1": 0.6147798742138365,
    "raw_mae": 1.8883647798742138,
    "pct_mae": 16.276954177897572
  },
  "val": {
    "qwk": 0.7192568563845474,
    "accuracy": 0.6176470588235294,
    "adjacent_accuracy": 0.8897058823529411,
    "mae": 0.5147058823529411,
    "raw_exact": 0.21323529411764705,
    "raw_within1": 0.6617647058823529,
    "raw_mae": 1.8676470588235294,
    "pct_mae": 16.36467086834734
  },
  "test": {
    "qwk": 0.6039731840826619,
    "accuracy": 0.5401459854014599,
    "adjacent_accuracy": 0.8467153284671532,
    "mae": 0.635036496350365,
    "raw_exact": 0.145985401459854,
    "raw_within1": 0.6058394160583942,
    "raw_mae": 2.1094890510948905,
    "pct_mae": 18.026590198123042
  },
  "best_epoch": null,
  "calibrated_cuts": [
    0.3,
    0.35000000000000003,
    0.72,
    0.89
  ]
}