{
  "train": {
    "qwk": 0.927805021166017,
    "accuracy": 0.8317610062893082,
    "adjacent_accuracy": 0.9905660377358491,
    "mae": 0.1792452830188679,
    "raw_exact": 0.5518867924528302,
    "raw_within1": 0.8459119496855346,
    "raw_mae": 0.7311320754716981,
    "pct_mae": 5.957996406109614
  },
  "val": {
    "qwk": 0.9021772939346812,
    "accuracy": 0.7941176470588235,
    "adjacent_accuracy": 0.9779411764705882,
    "mae": 0.22794117647058823,
    "raw_exact": 0.5514705882352942,
    "raw_within1": 0.7573529411764706,
    "raw_mae": 1.0514705882352942,
    "pct_mae": 8.24142156862745
  },
  "test": {
    "qwk": 0.798160388627857,
    "accuracy": 0.7299270072992701,
    "adjacent_accuracy": 0.9343065693430657,
    "mae": 0.35036496350364965,
    "raw_exact": 0.4233576642335766,
    "raw_within1": 0.6934306569343066,
    "raw_mae": 1.510948905109489,
    "pct_mae": 11.14963503649635
  },
  "best_epoch": null,
  "calibrated_cuts": [
    0.08,
    0.31,
    0.72,
    0.91
  ]
}