{
  "train": {
    "qwk": 0.8516261558966185,
    "accuracy": 0.6996805111821086,
    "adjacent_accuracy": 0.9664536741214057,
    "mae": 0.34185303514376997,
    "raw_exact": 0.48881789137380194,
    "raw_within1": 0.8226837060702875,
    "raw_mae": 0.8961661341853036,
    "pct_mae": 7.527955271565495
  },
  "val": {
    "qwk": 0.7935027072053311,
    "accuracy": 0.6417910447761194,
    "adjacent_accuracy": 0.9477611940298507,
    "mae": 0.417910447761194,
    "raw_exact": 0.3880597014925373,
    "raw_within1": 0.7388059701492538,
    "raw_mae": 1.4701492537313432,
    "pct_mae": 11.455223880597016
  },
  "test": {
    "qwk": 0.7813380281690141,
    "accuracy": 0.6518518518518519,
    "adjacent_accuracy": 0.9259259259259259,
    "mae": 0.4444444444444444,
    "raw_exact": 0.4666666666666667,
    "raw_within1": 0.7481481481481481,
    "raw_mae": 1.2666666666666666,
    "pct_mae": 9.808641975308642
  },
  "best_epoch": null,
  "calibrated_cuts": [
    0.28,
    0.42000000000000004,
    0.53,
    0.89
  ]
}