{
  "train": {
    "qwk": 0.8781367491898446,
    "accuracy": 0.8146964856230032,
    "adjacent_accuracy": 0.9680511182108626,
    "mae": 0.22523961661341854,
    "raw_exact": 0.5079872204472844,
    "raw_within1": 0.8514376996805112,
    "raw_mae": 0.8578274760383386,
    "pct_mae": 7.187547542978853
  },
  "val": {
    "qwk": 0.8453599268388277,
    "accuracy": 0.7910447761194029,
    "adjacent_accuracy": 0.9626865671641791,
    "mae": 0.26119402985074625,
    "raw_exact": 0.43283582089552236,
    "raw_within1": 0.7686567164179104,
    "raw_mae": 1.3208955223880596,
    "pct_mae": 10.460199004975127
  },
  "test": {
    "qwk": 0.8204970849953973,
    "accuracy": 0.7481481481481481,
    "adjacent_accuracy": 0.9481481481481482,
    "mae": 0.31851851851851853,
    "raw_exact": 0.4888888888888889,
    "raw_within1": 0.7851851851851852,
    "raw_mae": 1.0666666666666667,
    "pct_mae": 8.703703703703704
  },
  "best_epoch": null,
  "calibrated_cuts": [
    0.125,
    0.4,
    0.59,
    0.89
  ]
}