{
  "train": {
    "qwk": 0.3559373160837952,
    "cohen_kappa": 0.144783619532462,
    "accuracy": 0.35507246376811596,
    "precision_macro": 0.2973279611428432,
    "recall_macro": 0.2835603274669686,
    "f1_macro": 0.27469169243446045,
    "adjacent_accuracy": 0.7367149758454107,
    "mae": 0.9770531400966184,
    "raw_exact": 0.15458937198067632,
    "raw_within1": 0.43719806763285024,
    "raw_mae": 2.7089371980676327,
    "pct_mae": 24.707413158500117
  },
  "val": {
    "qwk": 0.38787760954626105,
    "cohen_kappa": 0.14864979260137146,
    "accuracy": 0.3651685393258427,
    "precision_macro": 0.28529079616036135,
    "recall_macro": 0.2674758131138512,
    "f1_macro": 0.25870923957880476,
    "adjacent_accuracy": 0.7696629213483146,
    "mae": 0.9157303370786517,
    "raw_exact": 0.12921348314606743,
    "raw_within1": 0.4438202247191011,
    "raw_mae": 2.646067415730337,
    "pct_mae": 23.927902621722847
  },
  "test": {
    "qwk": 0.4171109974922699,
    "cohen_kappa": 0.11512490161150002,
    "accuracy": 0.3258426966292135,
    "precision_macro": 0.296135834919484,
    "recall_macro": 0.26299030076798335,
    "f1_macro": 0.25973095737246676,
    "adjacent_accuracy": 0.7865168539325843,
    "mae": 0.9269662921348315,
    "raw_exact": 0.15730337078651685,
    "raw_within1": 0.4550561797752809,
    "raw_mae": 2.601123595505618,
    "pct_mae": 22.629748528624933
  },
  "best_epoch": null
}