{
  "train": {
    "qwk": 0.8197334394270936,
    "accuracy": 0.6231884057971014,
    "adjacent_accuracy": 0.9710144927536232,
    "mae": 0.4082125603864734,
    "raw_exact": 0.35144927536231885,
    "raw_within1": 0.678743961352657,
    "raw_mae": 1.2306763285024154,
    "pct_mae": 10.782148608235563
  },
  "val": {
    "qwk": 0.7455137053835535,
    "accuracy": 0.5786516853932584,
    "adjacent_accuracy": 0.9325842696629213,
    "mae": 0.4943820224719101,
    "raw_exact": 0.3146067415730337,
    "raw_within1": 0.6292134831460674,
    "raw_mae": 1.5842696629213484,
    "pct_mae": 14.09176029962547
  },
  "test": {
    "qwk": 0.7840895443518363,
    "accuracy": 0.6629213483146067,
    "adjacent_accuracy": 0.9325842696629213,
    "mae": 0.4101123595505618,
    "raw_exact": 0.38202247191011235,
    "raw_within1": 0.6741573033707865,
    "raw_mae": 1.3595505617977528,
    "pct_mae": 11.577715355805244
  },
  "best_epoch": null,
  "calibrated_cuts": [
    0.15000000000000002,
    0.34,
    0.53,
    0.86
  ]
}