{
  "train": {
    "qwk": 0.4221156440484778,
    "accuracy": 0.4166666666666667,
    "adjacent_accuracy": 0.7983091787439613,
    "mae": 0.7922705314009661,
    "raw_exact": 0.27294685990338163,
    "raw_within1": 0.428743961352657,
    "raw_mae": 2.725845410628019,
    "pct_mae": 24.4987922705314
  },
  "val": {
    "qwk": 0.48832195472511675,
    "accuracy": 0.43820224719101125,
    "adjacent_accuracy": 0.8370786516853933,
    "mae": 0.7303370786516854,
    "raw_exact": 0.2303370786516854,
    "raw_within1": 0.449438202247191,
    "raw_mae": 2.640449438202247,
    "pct_mae": 23.427635098983412
  },
  "test": {
    "qwk": 0.4626152783201658,
    "accuracy": 0.43820224719101125,
    "adjacent_accuracy": 0.848314606741573,
    "mae": 0.7359550561797753,
    "raw_exact": 0.25280898876404495,
    "raw_within1": 0.47752808988764045,
    "raw_mae": 2.5842696629213484,
    "pct_mae": 21.769662921348313
  },
  "best_epoch": null,
  "calibrated_cuts": [
    0.01,
    0.02,
    0.52,
    0.79
  ]
}