{
  "train": {
    "qwk": 0.5632324098387009,
    "accuracy": 0.46006389776357826,
    "adjacent_accuracy": 0.8386581469648562,
    "mae": 0.7044728434504792,
    "raw_exact": 0.365814696485623,
    "raw_within1": 0.5654952076677316,
    "raw_mae": 1.9664536741214058,
    "pct_mae": 16.370188650540086
  },
  "val": {
    "qwk": 0.5704525246852918,
    "accuracy": 0.48507462686567165,
    "adjacent_accuracy": 0.8432835820895522,
    "mae": 0.6791044776119403,
    "raw_exact": 0.3283582089552239,
    "raw_within1": 0.5298507462686567,
    "raw_mae": 2.1641791044776117,
    "pct_mae": 16.95273631840796
  },
  "test": {
    "qwk": 0.5415212840195395,
    "accuracy": 0.4740740740740741,
    "adjacent_accuracy": 0.8148148148148148,
    "mae": 0.7111111111111111,
    "raw_exact": 0.3925925925925926,
    "raw_within1": 0.5333333333333333,
    "raw_mae": 2.0444444444444443,
    "pct_mae": 16.259259259259263
  },
  "best_epoch": null,
  "calibrated_cuts": [
    0.26,
    0.61,
    0.65,
    0.9
  ]
}