{
  "train": {
    "qwk": 0.8386581469648562,
    "accuracy": 0.7279874213836478,
    "adjacent_accuracy": 0.9528301886792453,
    "mae": 0.33176100628930816,
    "raw_exact": 0.45754716981132076,
    "raw_within1": 0.7877358490566038,
    "raw_mae": 1.0676100628930818,
    "pct_mae": 8.718740640910452
  },
  "val": {
    "qwk": 0.8958014097456328,
    "accuracy": 0.7720588235294118,
    "adjacent_accuracy": 0.9779411764705882,
    "mae": 0.25,
    "raw_exact": 0.47794117647058826,
    "raw_within1": 0.7647058823529411,
    "raw_mae": 1.1029411764705883,
    "pct_mae": 9.068627450980392
  },
  "test": {
    "qwk": 0.7623809875267548,
    "accuracy": 0.6788321167883211,
    "adjacent_accuracy": 0.927007299270073,
    "mae": 0.4233576642335766,
    "raw_exact": 0.46715328467153283,
    "raw_within1": 0.7153284671532847,
    "raw_mae": 1.437956204379562,
    "pct_mae": 10.918491484184914
  },
  "best_epoch": null,
  "calibrated_cuts": [
    0.21000000000000002,
    0.41000000000000003,
    0.6,
    0.875
  ]
}