{
  "train": {
    "qwk": 0.9249580290863488,
    "accuracy": 0.8254716981132075,
    "adjacent_accuracy": 0.9874213836477987,
    "mae": 0.18867924528301888,
    "raw_exact": 0.2389937106918239,
    "raw_within1": 0.8490566037735849,
    "raw_mae": 0.970125786163522,
    "pct_mae": 9.338873914345612
  },
  "val": {
    "qwk": 0.8785714285714286,
    "accuracy": 0.7352941176470589,
    "adjacent_accuracy": 0.9705882352941176,
    "mae": 0.29411764705882354,
    "raw_exact": 0.23529411764705882,
    "raw_within1": 0.7279411764705882,
    "raw_mae": 1.3529411764705883,
    "pct_mae": 12.512254901960784
  },
  "test": {
    "qwk": 0.8237608777903898,
    "accuracy": 0.7883211678832117,
    "adjacent_accuracy": 0.9416058394160584,
    "mae": 0.291970802919708,
    "raw_exact": 0.19708029197080293,
    "raw_within1": 0.7226277372262774,
    "raw_mae": 1.437956204379562,
    "pct_mae": 12.786757038581856
  },
  "best_epoch": null,
  "calibrated_cuts": [
    0.125,
    0.46,
    0.68,
    0.7100000000000001
  ]
}