{
  "train": {
    "qwk": 0.8699351351351351,
    "accuracy": 0.7468553459119497,
    "adjacent_accuracy": 0.9732704402515723,
    "mae": 0.28459119496855345,
    "raw_exact": 0.4889937106918239,
    "raw_within1": 0.8066037735849056,
    "raw_mae": 1.0141509433962264,
    "pct_mae": 8.104222821203953
  },
  "val": {
    "qwk": 0.8832951945080092,
    "accuracy": 0.7573529411764706,
    "adjacent_accuracy": 0.9779411764705882,
    "mae": 0.2647058823529412,
    "raw_exact": 0.5073529411764706,
    "raw_within1": 0.7720588235294118,
    "raw_mae": 1.1470588235294117,
    "pct_mae": 9.221813725490193
  },
  "test": {
    "qwk": 0.76937875751503,
    "accuracy": 0.7153284671532847,
    "adjacent_accuracy": 0.927007299270073,
    "mae": 0.3795620437956204,
    "raw_exact": 0.48905109489051096,
    "raw_within1": 0.7518248175182481,
    "raw_mae": 1.3722627737226278,
    "pct_mae": 10.19464720194647
  },
  "best_epoch": null,
  "calibrated_cuts": [
    0.125,
    0.41000000000000003,
    0.6900000000000001,
    0.92
  ]
}