{
  "train": {
    "qwk": 0.8257476773070707,
    "cohen_kappa": 0.5767569721436248,
    "accuracy": 0.6932367149758454,
    "precision_macro": 0.7853343683251227,
    "recall_macro": 0.6566567766183475,
    "f1_macro": 0.6864522607124686,
    "adjacent_accuracy": 0.9710144927536232,
    "mae": 0.3357487922705314,
    "raw_exact": 0.18840579710144928,
    "raw_within1": 0.7524154589371981,
    "raw_mae": 1.2016908212560387,
    "pct_mae": 11.378105590062113
  },
  "val": {
    "qwk": 0.6732623981083941,
    "cohen_kappa": 0.38296343267808064,
    "accuracy": 0.5393258426966292,
    "precision_macro": 0.7325115207373272,
    "recall_macro": 0.5211829595406379,
    "f1_macro": 0.5478817632043438,
    "adjacent_accuracy": 0.9325842696629213,
    "mae": 0.5280898876404494,
    "raw_exact": 0.21348314606741572,
    "raw_within1": 0.5898876404494382,
    "raw_mae": 1.601123595505618,
    "pct_mae": 14.830791867308719
  },
  "test": {
    "qwk": 0.7558007754249925,
    "cohen_kappa": 0.5432324286708421,
    "accuracy": 0.6685393258426966,
    "precision_macro": 0.5774213836477987,
    "recall_macro": 0.5141604707850156,
    "f1_macro": 0.5071826609169636,
    "adjacent_accuracy": 0.9382022471910112,
    "mae": 0.39325842696629215,
    "raw_exact": 0.23595505617977527,
    "raw_within1": 0.6966292134831461,
    "raw_mae": 1.4662921348314606,
    "pct_mae": 13.051096843231674
  },
  "best_epoch": null
}