{
  "train": {
    "qwk": 0.6206843486761227,
    "accuracy": 0.4249201277955272,
    "adjacent_accuracy": 0.8610223642172524,
    "mae": 0.7364217252396166,
    "raw_exact": 0.23003194888178913,
    "raw_within1": 0.5942492012779552,
    "raw_mae": 1.8642172523961662,
    "pct_mae": 16.377605355241137
  },
  "val": {
    "qwk": 0.5959429824561404,
    "accuracy": 0.47761194029850745,
    "adjacent_accuracy": 0.8283582089552238,
    "mae": 0.7164179104477612,
    "raw_exact": 0.1865671641791045,
    "raw_within1": 0.5447761194029851,
    "raw_mae": 2.156716417910448,
    "pct_mae": 18.402629708599857
  },
  "test": {
    "qwk": 0.6383815678561393,
    "accuracy": 0.45185185185185184,
    "adjacent_accuracy": 0.8666666666666667,
    "mae": 0.7037037037037037,
    "raw_exact": 0.21481481481481482,
    "raw_within1": 0.6074074074074074,
    "raw_mae": 1.9185185185185185,
    "pct_mae": 16.678130511463845
  },
  "best_epoch": null,
  "calibrated_cuts": [
    0.37,
    0.6,
    0.73,
    0.875
  ]
}