{
  "train": {
    "qwk": 0.4450481132621441,
    "cohen_kappa": 0.1497596234661288,
    "accuracy": 0.3546325878594249,
    "precision_macro": 0.306768284145792,
    "recall_macro": 0.25440169187828376,
    "f1_macro": 0.26010098135768417,
    "adjacent_accuracy": 0.7827476038338658,
    "mae": 0.9249201277955271,
    "raw_exact": 0.1757188498402556,
    "raw_within1": 0.5175718849840255,
    "raw_mae": 2.547923322683706,
    "pct_mae": 22.55724174653887
  },
  "val": {
    "qwk": 0.4254525870997141,
    "cohen_kappa": 0.1948071216617211,
    "accuracy": 0.39552238805970147,
    "precision_macro": 0.32616277719725995,
    "recall_macro": 0.30202371105596915,
    "f1_macro": 0.28867337401726323,
    "adjacent_accuracy": 0.7985074626865671,
    "mae": 0.8731343283582089,
    "raw_exact": 0.14925373134328357,
    "raw_within1": 0.5373134328358209,
    "raw_mae": 2.6343283582089554,
    "pct_mae": 22.18994314143568
  },
  "test": {
    "qwk": 0.4202783300198808,
    "cohen_kappa": 0.18044177881802215,
    "accuracy": 0.3851851851851852,
    "precision_macro": 0.3125583282613106,
    "recall_macro": 0.26439882697947215,
    "f1_macro": 0.2649742913985996,
    "adjacent_accuracy": 0.7703703703703704,
    "mae": 0.9037037037037037,
    "raw_exact": 0.1925925925925926,
    "raw_within1": 0.5111111111111111,
    "raw_mae": 2.414814814814815,
    "pct_mae": 21.980599647266317
  },
  "best_epoch": null
}