{
  "train": {
    "qwk": 0.8958114598458617,
    "accuracy": 0.7783018867924528,
    "adjacent_accuracy": 0.9842767295597484,
    "mae": 0.2389937106918239,
    "raw_exact": 0.550314465408805,
    "raw_within1": 0.8176100628930818,
    "raw_mae": 0.8223270440251572,
    "pct_mae": 6.77541928721174
  },
  "val": {
    "qwk": 0.8976236979166666,
    "accuracy": 0.7941176470588235,
    "adjacent_accuracy": 0.9779411764705882,
    "mae": 0.22794117647058823,
    "raw_exact": 0.5514705882352942,
    "raw_within1": 0.7941176470588235,
    "raw_mae": 0.9632352941176471,
    "pct_mae": 8.419117647058824
  },
  "test": {
    "qwk": 0.7862263832658569,
    "accuracy": 0.7153284671532847,
    "adjacent_accuracy": 0.927007299270073,
    "mae": 0.36496350364963503,
    "raw_exact": 0.48175182481751827,
    "raw_within1": 0.7445255474452555,
    "raw_mae": 1.2992700729927007,
    "pct_mae": 10.328467153284672
  },
  "best_epoch": null,
  "calibrated_cuts": [
    0.125,
    0.38,
    0.625,
    0.93
  ]
}