{
  "train": {
    "qwk": 0.8328093609581793,
    "cohen_kappa": 0.5970208933281096,
    "accuracy": 0.7089371980676329,
    "precision_macro": 0.7848272760521213,
    "recall_macro": 0.6657837019368973,
    "f1_macro": 0.6943113361342838,
    "adjacent_accuracy": 0.9698067632850241,
    "mae": 0.321256038647343,
    "raw_exact": 0.19082125603864733,
    "raw_within1": 0.7463768115942029,
    "raw_mae": 1.1968599033816425,
    "pct_mae": 11.348918794570968
  },
  "val": {
    "qwk": 0.6793191277877866,
    "cohen_kappa": 0.3973507131067755,
    "accuracy": 0.550561797752809,
    "precision_macro": 0.7153395784543325,
    "recall_macro": 0.5261321584105907,
    "f1_macro": 0.5460740433164071,
    "adjacent_accuracy": 0.9325842696629213,
    "mae": 0.5168539325842697,
    "raw_exact": 0.21348314606741572,
    "raw_within1": 0.601123595505618,
    "raw_mae": 1.6067415730337078,
    "pct_mae": 14.503076511503476
  },
  "test": {
    "qwk": 0.7685168765147485,
    "cohen_kappa": 0.5510913992521088,
    "accuracy": 0.6741573033707865,
    "precision_macro": 0.580922754891415,
    "recall_macro": 0.520041203887852,
    "f1_macro": 0.516289592760181,
    "adjacent_accuracy": 0.9438202247191011,
    "mae": 0.38202247191011235,
    "raw_exact": 0.2696629213483146,
    "raw_within1": 0.6966292134831461,
    "raw_mae": 1.4101123595505618,
    "pct_mae": 12.475254146602461
  },
  "best_epoch": null
}