{
  "train": {
    "qwk": 0.8242016083434246,
    "accuracy": 0.6690821256038647,
    "adjacent_accuracy": 0.964975845410628,
    "mae": 0.36835748792270534,
    "raw_exact": 0.4975845410628019,
    "raw_within1": 0.751207729468599,
    "raw_mae": 0.9698067632850241,
    "pct_mae": 8.429089026915113
  },
  "val": {
    "qwk": 0.7602738033459362,
    "accuracy": 0.6404494382022472,
    "adjacent_accuracy": 0.9157303370786517,
    "mae": 0.4438202247191011,
    "raw_exact": 0.43820224719101125,
    "raw_within1": 0.6460674157303371,
    "raw_mae": 1.4382022471910112,
    "pct_mae": 12.195692883895132
  },
  "test": {
    "qwk": 0.7557265614980121,
    "accuracy": 0.7078651685393258,
    "adjacent_accuracy": 0.9157303370786517,
    "mae": 0.38764044943820225,
    "raw_exact": 0.5561797752808989,
    "raw_within1": 0.7415730337078652,
    "raw_mae": 1.151685393258427,
    "pct_mae": 9.31179775280899
  },
  "best_epoch": null,
  "calibrated_cuts": [
    0.24000000000000002,
    0.3,
    0.64,
    0.9
  ]
}