{
  "train": {
    "qwk": 0.8643653195467111,
    "accuracy": 0.7108626198083067,
    "adjacent_accuracy": 0.9712460063897763,
    "mae": 0.3210862619808307,
    "raw_exact": 0.45527156549520764,
    "raw_within1": 0.768370607028754,
    "raw_mae": 0.9968051118210862,
    "pct_mae": 8.086109843298342
  },
  "val": {
    "qwk": 0.7441382991828522,
    "accuracy": 0.6417910447761194,
    "adjacent_accuracy": 0.9253731343283582,
    "mae": 0.4552238805970149,
    "raw_exact": 0.3582089552238806,
    "raw_within1": 0.6268656716417911,
    "raw_mae": 1.6119402985074627,
    "pct_mae": 12.450248756218905
  },
  "test": {
    "qwk": 0.8178069353327085,
    "accuracy": 0.6888888888888889,
    "adjacent_accuracy": 0.9259259259259259,
    "mae": 0.3851851851851852,
    "raw_exact": 0.3925925925925926,
    "raw_within1": 0.7037037037037037,
    "raw_mae": 1.325925925925926,
    "pct_mae": 10.234567901234566
  },
  "best_epoch": null,
  "calibrated_cuts": [
    0.25,
    0.48000000000000004,
    0.66,
    0.8400000000000001
  ]
}