{
  "train": {
    "qwk": 0.6697374958595561,
    "accuracy": 0.5015723270440252,
    "adjacent_accuracy": 0.8977987421383647,
    "mae": 0.6289308176100629,
    "raw_exact": 0.39622641509433965,
    "raw_within1": 0.6540880503144654,
    "raw_mae": 1.5723270440251573,
    "pct_mae": 12.667902066486974
  },
  "val": {
    "qwk": 0.7882302405498282,
    "accuracy": 0.5882352941176471,
    "adjacent_accuracy": 0.9485294117647058,
    "mae": 0.47794117647058826,
    "raw_exact": 0.4264705882352941,
    "raw_within1": 0.6470588235294118,
    "raw_mae": 1.5441176470588236,
    "pct_mae": 12.573529411764707
  },
  "test": {
    "qwk": 0.6391276826006167,
    "accuracy": 0.46715328467153283,
    "adjacent_accuracy": 0.9124087591240876,
    "mae": 0.6496350364963503,
    "raw_exact": 0.35036496350364965,
    "raw_within1": 0.6131386861313869,
    "raw_mae": 1.7153284671532847,
    "pct_mae": 13.394160583941606
  },
  "best_epoch": null,
  "calibrated_cuts": [
    0.16,
    0.61,
    0.64,
    0.93
  ]
}