{
  "train": {
    "qwk": 0.8499136951121964,
    "accuracy": 0.7342995169082126,
    "adjacent_accuracy": 0.9637681159420289,
    "mae": 0.30193236714975846,
    "raw_exact": 0.47101449275362317,
    "raw_within1": 0.7584541062801933,
    "raw_mae": 0.9625603864734299,
    "pct_mae": 8.300120772946858
  },
  "val": {
    "qwk": 0.7532820754223547,
    "accuracy": 0.6741573033707865,
    "adjacent_accuracy": 0.9101123595505618,
    "mae": 0.4157303370786517,
    "raw_exact": 0.4157303370786517,
    "raw_within1": 0.6573033707865169,
    "raw_mae": 1.4606741573033708,
    "pct_mae": 12.181647940074907
  },
  "test": {
    "qwk": 0.7377591022060519,
    "accuracy": 0.7078651685393258,
    "adjacent_accuracy": 0.9101123595505618,
    "mae": 0.398876404494382,
    "raw_exact": 0.47191011235955055,
    "raw_within1": 0.7078651685393258,
    "raw_mae": 1.3595505617977528,
    "pct_mae": 11.086142322097379
  },
  "best_epoch": null,
  "calibrated_cuts": [
    0.15000000000000002,
    0.375,
    0.68,
    0.8400000000000001
  ]
}