{
  "train": {
    "qwk": 0.9039009330172105,
    "cohen_kappa": 0.6866748064278835,
    "accuracy": 0.7891373801916933,
    "precision_macro": 0.617020063317413,
    "recall_macro": 0.5795214886626215,
    "f1_macro": 0.5852786339254715,
    "adjacent_accuracy": 0.9936102236421726,
    "mae": 0.21725239616613418,
    "raw_exact": 0.26038338658146964,
    "raw_within1": 0.8482428115015974,
    "raw_mae": 0.9281150159744409,
    "pct_mae": 8.661950403164461
  },
  "val": {
    "qwk": 0.7501511791977424,
    "cohen_kappa": 0.4853576572251561,
    "accuracy": 0.6417910447761194,
    "precision_macro": 0.5241492620439989,
    "recall_macro": 0.46877309070857465,
    "f1_macro": 0.45742718197478605,
    "adjacent_accuracy": 0.9477611940298507,
    "mae": 0.417910447761194,
    "raw_exact": 0.20149253731343283,
    "raw_within1": 0.7313432835820896,
    "raw_mae": 1.4776119402985075,
    "pct_mae": 12.737206823027716
  },
  "test": {
    "qwk": 0.8025834755057275,
    "cohen_kappa": 0.48648862825897465,
    "accuracy": 0.6444444444444445,
    "precision_macro": 0.4927272727272728,
    "recall_macro": 0.4385272075594656,
    "f1_macro": 0.4375969536225618,
    "adjacent_accuracy": 0.9703703703703703,
    "mae": 0.3851851851851852,
    "raw_exact": 0.17037037037037037,
    "raw_within1": 0.7185185185185186,
    "raw_mae": 1.4296296296296296,
    "pct_mae": 12.690476190476188
  },
  "best_epoch": null
}