{
  "train": {
    "qwk": 0.8938394178589048,
    "accuracy": 0.7667731629392971,
    "adjacent_accuracy": 0.9840255591054313,
    "mae": 0.24920127795527156,
    "raw_exact": 0.4520766773162939,
    "raw_within1": 0.8178913738019169,
    "raw_mae": 0.889776357827476,
    "pct_mae": 7.421458998935037
  },
  "val": {
    "qwk": 0.8395753331827422,
    "accuracy": 0.746268656716418,
    "adjacent_accuracy": 0.9776119402985075,
    "mae": 0.291044776119403,
    "raw_exact": 0.3656716417910448,
    "raw_within1": 0.746268656716418,
    "raw_mae": 1.291044776119403,
    "pct_mae": 10.242537313432836
  },
  "test": {
    "qwk": 0.8253703317337784,
    "accuracy": 0.7481481481481481,
    "adjacent_accuracy": 0.9555555555555556,
    "mae": 0.3111111111111111,
    "raw_exact": 0.48148148148148145,
    "raw_within1": 0.7703703703703704,
    "raw_mae": 1.1407407407407408,
    "pct_mae": 9.24074074074074
  },
  "best_epoch": null,
  "calibrated_cuts": [
    0.125,
    0.42000000000000004,
    0.65,
    0.875
  ]
}