{
  "train": {
    "qwk": 0.9312204899692169,
    "accuracy": 0.8258785942492013,
    "adjacent_accuracy": 0.9968051118210862,
    "mae": 0.17731629392971246,
    "raw_exact": 0.6006389776357828,
    "raw_within1": 0.8977635782747604,
    "raw_mae": 0.5878594249201278,
    "pct_mae": 4.743267914194432
  },
  "val": {
    "qwk": 0.839440547252843,
    "accuracy": 0.7761194029850746,
    "adjacent_accuracy": 0.9626865671641791,
    "mae": 0.27611940298507465,
    "raw_exact": 0.4925373134328358,
    "raw_within1": 0.7686567164179104,
    "raw_mae": 1.1567164179104477,
    "pct_mae": 8.905472636815919
  },
  "test": {
    "qwk": 0.8431535269709544,
    "accuracy": 0.7111111111111111,
    "adjacent_accuracy": 0.9703703703703703,
    "mae": 0.32592592592592595,
    "raw_exact": 0.562962962962963,
    "raw_within1": 0.7777777777777778,
    "raw_mae": 1.0074074074074073,
    "pct_mae": 8.086419753086421
  },
  "best_epoch": null,
  "calibrated_cuts": [
    0.01,
    0.375,
    0.6900000000000001,
    0.85
  ]
}