{
  "train": {
    "qwk": 0.5872551538750419,
    "accuracy": 0.5613207547169812,
    "adjacent_accuracy": 0.8207547169811321,
    "mae": 0.6666666666666666,
    "raw_exact": 0.3333333333333333,
    "raw_within1": 0.4638364779874214,
    "raw_mae": 1.9827044025157232,
    "pct_mae": 16.77616801437556
  },
  "val": {
    "qwk": 0.744207041829672,
    "accuracy": 0.6691176470588235,
    "adjacent_accuracy": 0.8897058823529411,
    "mae": 0.45588235294117646,
    "raw_exact": 0.375,
    "raw_within1": 0.5661764705882353,
    "raw_mae": 1.7205882352941178,
    "pct_mae": 14.840686274509801
  },
  "test": {
    "qwk": 0.5856019358741682,
    "accuracy": 0.5474452554744526,
    "adjacent_accuracy": 0.8029197080291971,
    "mae": 0.6861313868613139,
    "raw_exact": 0.291970802919708,
    "raw_within1": 0.44525547445255476,
    "raw_mae": 2.1386861313868613,
    "pct_mae": 17.604275286757037
  },
  "best_epoch": null,
  "calibrated_cuts": [
    0.47000000000000003,
    0.49,
    0.59,
    0.77
  ]
}