{
  "train": {
    "qwk": 0.7606438121904323,
    "accuracy": 0.6086956521739131,
    "adjacent_accuracy": 0.9311594202898551,
    "mae": 0.46618357487922707,
    "raw_exact": 0.3321256038647343,
    "raw_within1": 0.6268115942028986,
    "raw_mae": 1.5338164251207729,
    "pct_mae": 12.733781918564526
  },
  "val": {
    "qwk": 0.7115670459806526,
    "accuracy": 0.5786516853932584,
    "adjacent_accuracy": 0.9101123595505618,
    "mae": 0.5224719101123596,
    "raw_exact": 0.29775280898876405,
    "raw_within1": 0.5786516853932584,
    "raw_mae": 1.8651685393258426,
    "pct_mae": 15.463483146067416
  },
  "test": {
    "qwk": 0.6867022677746115,
    "accuracy": 0.6235955056179775,
    "adjacent_accuracy": 0.8876404494382022,
    "mae": 0.5112359550561798,
    "raw_exact": 0.42134831460674155,
    "raw_within1": 0.6573033707865169,
    "raw_mae": 1.6179775280898876,
    "pct_mae": 12.70131086142322
  },
  "best_epoch": null,
  "calibrated_cuts": [
    0.17,
    0.21000000000000002,
    0.5700000000000001,
    0.76
  ]
}