{
  "train": {
    "qwk": 0.9084664195758058,
    "accuracy": 0.7845911949685535,
    "adjacent_accuracy": 0.9811320754716981,
    "mae": 0.2358490566037736,
    "raw_exact": 0.5235849056603774,
    "raw_within1": 0.7971698113207547,
    "raw_mae": 0.85062893081761,
    "pct_mae": 7.036350703803533
  },
  "val": {
    "qwk": 0.8887758069206164,
    "accuracy": 0.7720588235294118,
    "adjacent_accuracy": 0.9779411764705882,
    "mae": 0.25735294117647056,
    "raw_exact": 0.5441176470588235,
    "raw_within1": 0.75,
    "raw_mae": 1.0441176470588236,
    "pct_mae": 8.443627450980392
  },
  "test": {
    "qwk": 0.7520682523267839,
    "accuracy": 0.7591240875912408,
    "adjacent_accuracy": 0.8905109489051095,
    "mae": 0.3795620437956204,
    "raw_exact": 0.5036496350364964,
    "raw_within1": 0.7226277372262774,
    "raw_mae": 1.6131386861313868,
    "pct_mae": 11.581508515815084
  },
  "best_epoch": null,
  "calibrated_cuts": [
    0.15000000000000002,
    0.36000000000000004,
    0.62,
    0.85
  ]
}