{
  "train": {
    "qwk": 0.9037724972779094,
    "cohen_kappa": 0.6803585612163849,
    "accuracy": 0.7843450479233227,
    "precision_macro": 0.6139083717864205,
    "recall_macro": 0.5777748241741771,
    "f1_macro": 0.582777039143215,
    "adjacent_accuracy": 0.9952076677316294,
    "mae": 0.22044728434504793,
    "raw_exact": 0.28594249201277955,
    "raw_within1": 0.8562300319488818,
    "raw_mae": 0.8849840255591054,
    "pct_mae": 8.140118667275216
  },
  "val": {
    "qwk": 0.7624706646027862,
    "cohen_kappa": 0.5160125210691067,
    "accuracy": 0.664179104477612,
    "precision_macro": 0.5362038650148406,
    "recall_macro": 0.488127929418252,
    "f1_macro": 0.47376097105508863,
    "adjacent_accuracy": 0.9477611940298507,
    "mae": 0.39552238805970147,
    "raw_exact": 0.2537313432835821,
    "raw_within1": 0.6567164179104478,
    "raw_mae": 1.507462686567164,
    "pct_mae": 12.575515280739161
  },
  "test": {
    "qwk": 0.799805518414975,
    "cohen_kappa": 0.47670279250059333,
    "accuracy": 0.6370370370370371,
    "precision_macro": 0.48775388291517324,
    "recall_macro": 0.43083740632127726,
    "f1_macro": 0.4312589693411611,
    "adjacent_accuracy": 0.9703703703703703,
    "mae": 0.3925925925925926,
    "raw_exact": 0.1925925925925926,
    "raw_within1": 0.6814814814814815,
    "raw_mae": 1.4444444444444444,
    "pct_mae": 12.42504409171076
  },
  "best_epoch": null
}