{
  "train": {
    "qwk": 0.8152130195509079,
    "accuracy": 0.6594202898550725,
    "adjacent_accuracy": 0.9710144927536232,
    "mae": 0.3719806763285024,
    "raw_exact": 0.3997584541062802,
    "raw_within1": 0.7222222222222222,
    "raw_mae": 1.1243961352657006,
    "pct_mae": 9.634949390384174
  },
  "val": {
    "qwk": 0.7322016577722266,
    "accuracy": 0.6235955056179775,
    "adjacent_accuracy": 0.9269662921348315,
    "mae": 0.449438202247191,
    "raw_exact": 0.3707865168539326,
    "raw_within1": 0.651685393258427,
    "raw_mae": 1.5112359550561798,
    "pct_mae": 12.584269662921347
  },
  "test": {
    "qwk": 0.7637644214343907,
    "accuracy": 0.6797752808988764,
    "adjacent_accuracy": 0.9269662921348315,
    "mae": 0.398876404494382,
    "raw_exact": 0.42696629213483145,
    "raw_within1": 0.7640449438202247,
    "raw_mae": 1.2752808988764044,
    "pct_mae": 10.168539325842698
  },
  "best_epoch": null,
  "calibrated_cuts": [
    0.13,
    0.34,
    0.5700000000000001,
    0.91
  ]
}