{
  "train": {
    "qwk": 0.8222102728002545,
    "accuracy": 0.7348242811501597,
    "adjacent_accuracy": 0.939297124600639,
    "mae": 0.33226837060702874,
    "raw_exact": 0.46166134185303515,
    "raw_within1": 0.7220447284345048,
    "raw_mae": 1.231629392971246,
    "pct_mae": 10.128175870987373
  },
  "val": {
    "qwk": 0.7850932725584536,
    "accuracy": 0.6791044776119403,
    "adjacent_accuracy": 0.917910447761194,
    "mae": 0.40298507462686567,
    "raw_exact": 0.39552238805970147,
    "raw_within1": 0.6343283582089553,
    "raw_mae": 1.6417910447761195,
    "pct_mae": 12.91044776119403
  },
  "test": {
    "qwk": 0.7618283881315157,
    "accuracy": 0.7185185185185186,
    "adjacent_accuracy": 0.9259259259259259,
    "mae": 0.3851851851851852,
    "raw_exact": 0.4444444444444444,
    "raw_within1": 0.6962962962962963,
    "raw_mae": 1.5185185185185186,
    "pct_mae": 11.777777777777777
  },
  "best_epoch": null,
  "calibrated_cuts": [
    0.125,
    0.375,
    0.61,
    0.8
  ]
}