{
  "train": {
    "qwk": 0.9009823419514253,
    "accuracy": 0.7940251572327044,
    "adjacent_accuracy": 0.9764150943396226,
    "mae": 0.23270440251572327,
    "raw_exact": 0.589622641509434,
    "raw_within1": 0.8113207547169812,
    "raw_mae": 0.8034591194968553,
    "pct_mae": 6.381214435459719
  },
  "val": {
    "qwk": 0.8771824202287779,
    "accuracy": 0.7794117647058824,
    "adjacent_accuracy": 0.9558823529411765,
    "mae": 0.2647058823529412,
    "raw_exact": 0.5441176470588235,
    "raw_within1": 0.7794117647058824,
    "raw_mae": 1.088235294117647,
    "pct_mae": 8.621323529411766
  },
  "test": {
    "qwk": 0.7849293563579278,
    "accuracy": 0.7153284671532847,
    "adjacent_accuracy": 0.9197080291970803,
    "mae": 0.3795620437956204,
    "raw_exact": 0.5036496350364964,
    "raw_within1": 0.7007299270072993,
    "raw_mae": 1.3576642335766422,
    "pct_mae": 10.139902676399027
  },
  "best_epoch": null,
  "calibrated_cuts": [
    0.19,
    0.39,
    0.66,
    0.89
  ]
}