{
  "train": {
    "qwk": 0.5380692411392949,
    "accuracy": 0.4492753623188406,
    "adjacent_accuracy": 0.7910628019323671,
    "mae": 0.8031400966183575,
    "raw_exact": 0.1751207729468599,
    "raw_within1": 0.5120772946859904,
    "raw_mae": 2.0591787439613527,
    "pct_mae": 18.426213480561305
  },
  "val": {
    "qwk": 0.5550386922876271,
    "accuracy": 0.48314606741573035,
    "adjacent_accuracy": 0.8258426966292135,
    "mae": 0.7415730337078652,
    "raw_exact": 0.16853932584269662,
    "raw_within1": 0.5224719101123596,
    "raw_mae": 2.191011235955056,
    "pct_mae": 19.49371321562333
  },
  "test": {
    "qwk": 0.5376441418395057,
    "accuracy": 0.48314606741573035,
    "adjacent_accuracy": 0.7752808988764045,
    "mae": 0.797752808988764,
    "raw_exact": 0.1853932584269663,
    "raw_within1": 0.5617977528089888,
    "raw_mae": 2.0224719101123596,
    "pct_mae": 17.685928303905833
  },
  "best_epoch": null,
  "calibrated_cuts": [
    0.51,
    0.5700000000000001,
    0.63,
    0.67
  ]
}