{
  "train": {
    "qwk": 0.8080917724508527,
    "accuracy": 0.6437699680511182,
    "adjacent_accuracy": 0.950479233226837,
    "mae": 0.41054313099041534,
    "raw_exact": 0.4009584664536741,
    "raw_within1": 0.7236421725239617,
    "raw_mae": 1.2428115015974441,
    "pct_mae": 10.326335006846188
  },
  "val": {
    "qwk": 0.8065228469509087,
    "accuracy": 0.6492537313432836,
    "adjacent_accuracy": 0.9477611940298507,
    "mae": 0.40298507462686567,
    "raw_exact": 0.3880597014925373,
    "raw_within1": 0.7089552238805971,
    "raw_mae": 1.4253731343283582,
    "pct_mae": 11.554726368159203
  },
  "test": {
    "qwk": 0.7576993677340403,
    "accuracy": 0.6370370370370371,
    "adjacent_accuracy": 0.9407407407407408,
    "mae": 0.4444444444444444,
    "raw_exact": 0.4222222222222222,
    "raw_within1": 0.6666666666666666,
    "raw_mae": 1.4,
    "pct_mae": 11.104938271604938
  },
  "best_epoch": null,
  "calibrated_cuts": [
    0.01,
    0.46,
    0.61,
    0.88
  ]
}