{
  "train": {
    "qwk": 0.9350304417112736,
    "accuracy": 0.839622641509434,
    "adjacent_accuracy": 0.9905660377358491,
    "mae": 0.16981132075471697,
    "raw_exact": 0.5581761006289309,
    "raw_within1": 0.8852201257861635,
    "raw_mae": 0.6179245283018868,
    "pct_mae": 5.150868523510033
  },
  "val": {
    "qwk": 0.9013439218081857,
    "accuracy": 0.7867647058823529,
    "adjacent_accuracy": 0.9779411764705882,
    "mae": 0.23529411764705882,
    "raw_exact": 0.5294117647058824,
    "raw_within1": 0.7794117647058824,
    "raw_mae": 0.9779411764705882,
    "pct_mae": 8.10049019607843
  },
  "test": {
    "qwk": 0.8131244239631337,
    "accuracy": 0.7445255474452555,
    "adjacent_accuracy": 0.9416058394160584,
    "mae": 0.3357664233576642,
    "raw_exact": 0.4744525547445255,
    "raw_within1": 0.7591240875912408,
    "raw_mae": 1.2335766423357664,
    "pct_mae": 9.29440389294404
  },
  "best_epoch": null,
  "calibrated_cuts": [
    0.05,
    0.42000000000000004,
    0.67,
    0.88
  ]
}