{
  "train": {
    "qwk": 0.6494369548288896,
    "accuracy": 0.4952076677316294,
    "adjacent_accuracy": 0.8801916932907349,
    "mae": 0.634185303514377,
    "raw_exact": 0.2731629392971246,
    "raw_within1": 0.5750798722044729,
    "raw_mae": 1.8130990415335464,
    "pct_mae": 15.931462041685682
  },
  "val": {
    "qwk": 0.6209255193379497,
    "accuracy": 0.5223880597014925,
    "adjacent_accuracy": 0.8507462686567164,
    "mae": 0.6417910447761194,
    "raw_exact": 0.2462686567164179,
    "raw_within1": 0.5522388059701493,
    "raw_mae": 2.0597014925373136,
    "pct_mae": 17.08422174840085
  },
  "test": {
    "qwk": 0.6620775969962454,
    "accuracy": 0.5185185185185185,
    "adjacent_accuracy": 0.8888888888888888,
    "mae": 0.6074074074074074,
    "raw_exact": 0.23703703703703705,
    "raw_within1": 0.5703703703703704,
    "raw_mae": 1.8296296296296297,
    "pct_mae": 16.17813051146384
  },
  "best_epoch": null,
  "calibrated_cuts": [
    0.33,
    0.43,
    0.66,
    0.8300000000000001
  ]
}