{
  "train": {
    "qwk": 0.8377653723462766,
    "accuracy": 0.6823671497584541,
    "adjacent_accuracy": 0.9722222222222222,
    "mae": 0.34782608695652173,
    "raw_exact": 0.43478260869565216,
    "raw_within1": 0.714975845410628,
    "raw_mae": 1.106280193236715,
    "pct_mae": 9.353145847711064
  },
  "val": {
    "qwk": 0.772862611654615,
    "accuracy": 0.6460674157303371,
    "adjacent_accuracy": 0.9382022471910112,
    "mae": 0.4157303370786517,
    "raw_exact": 0.449438202247191,
    "raw_within1": 0.6573033707865169,
    "raw_mae": 1.4775280898876404,
    "pct_mae": 12.275280898876405
  },
  "test": {
    "qwk": 0.76738584533388,
    "accuracy": 0.7191011235955056,
    "adjacent_accuracy": 0.9213483146067416,
    "mae": 0.3707865168539326,
    "raw_exact": 0.5112359550561798,
    "raw_within1": 0.7191011235955056,
    "raw_mae": 1.2303370786516854,
    "pct_mae": 9.920411985018726
  },
  "best_epoch": null,
  "calibrated_cuts": [
    0.14,
    0.32,
    0.59,
    0.875
  ]
}