{
  "train": {
    "qwk": 0.7598168572524077,
    "accuracy": 0.5905797101449275,
    "adjacent_accuracy": 0.9601449275362319,
    "mae": 0.4553140096618358,
    "raw_exact": 0.41183574879227053,
    "raw_within1": 0.6763285024154589,
    "raw_mae": 1.2222222222222223,
    "pct_mae": 10.586036346905912
  },
  "val": {
    "qwk": 0.7309404716099599,
    "accuracy": 0.5786516853932584,
    "adjacent_accuracy": 0.9438202247191011,
    "mae": 0.48314606741573035,
    "raw_exact": 0.3595505617977528,
    "raw_within1": 0.6179775280898876,
    "raw_mae": 1.550561797752809,
    "pct_mae": 13.361423220973782
  },
  "test": {
    "qwk": 0.6523080086357561,
    "accuracy": 0.601123595505618,
    "adjacent_accuracy": 0.9044943820224719,
    "mae": 0.5280898876404494,
    "raw_exact": 0.3707865168539326,
    "raw_within1": 0.702247191011236,
    "raw_mae": 1.5842696629213484,
    "pct_mae": 12.935393258426966
  },
  "best_epoch": null,
  "calibrated_cuts": [
    0.125,
    0.44,
    0.56,
    0.875
  ]
}