{
  "train": {
    "qwk": 0.8981731925124506,
    "accuracy": 0.7877358490566038,
    "adjacent_accuracy": 0.9795597484276729,
    "mae": 0.23427672955974843,
    "raw_exact": 0.5566037735849056,
    "raw_within1": 0.8459119496855346,
    "raw_mae": 0.7468553459119497,
    "pct_mae": 6.207135369871219
  },
  "val": {
    "qwk": 0.8881937760667308,
    "accuracy": 0.7647058823529411,
    "adjacent_accuracy": 0.9779411764705882,
    "mae": 0.25735294117647056,
    "raw_exact": 0.5808823529411765,
    "raw_within1": 0.7426470588235294,
    "raw_mae": 1.0294117647058822,
    "pct_mae": 8.517156862745098
  },
  "test": {
    "qwk": 0.7925451368666279,
    "accuracy": 0.6496350364963503,
    "adjacent_accuracy": 0.9635036496350365,
    "mae": 0.40875912408759124,
    "raw_exact": 0.5474452554744526,
    "raw_within1": 0.708029197080292,
    "raw_mae": 1.2262773722627738,
    "pct_mae": 9.257907542579076
  },
  "best_epoch": null,
  "calibrated_cuts": [
    0.125,
    0.42000000000000004,
    0.61,
    0.9400000000000001
  ]
}