{
  "train": {
    "qwk": 0.9110213712055901,
    "cohen_kappa": 0.6943743902879648,
    "accuracy": 0.7908805031446541,
    "precision_macro": 0.8062182448737071,
    "recall_macro": 0.7071389174279024,
    "f1_macro": 0.7374750725285931,
    "adjacent_accuracy": 0.9921383647798742,
    "mae": 0.2169811320754717,
    "raw_exact": 0.2468553459119497,
    "raw_within1": 0.8443396226415094,
    "raw_mae": 0.9465408805031447,
    "pct_mae": 8.758610362383946
  },
  "val": {
    "qwk": 0.8373347251217815,
    "cohen_kappa": 0.48840779978504534,
    "accuracy": 0.6397058823529411,
    "precision_macro": 0.6971861471861471,
    "recall_macro": 0.5667245657568238,
    "f1_macro": 0.59875786163522,
    "adjacent_accuracy": 0.9852941176470589,
    "mae": 0.375,
    "raw_exact": 0.27205882352941174,
    "raw_within1": 0.6911764705882353,
    "raw_mae": 1.3676470588235294,
    "pct_mae": 11.713935574229692
  },
  "test": {
    "qwk": 0.811397854161659,
    "cohen_kappa": 0.5002279981760146,
    "accuracy": 0.6496350364963503,
    "precision_macro": 0.5352334152334153,
    "recall_macro": 0.48050830889540563,
    "f1_macro": 0.4910306271268839,
    "adjacent_accuracy": 0.9635036496350365,
    "mae": 0.38686131386861317,
    "raw_exact": 0.20437956204379562,
    "raw_within1": 0.6861313868613139,
    "raw_mae": 1.489051094890511,
    "pct_mae": 12.83194299617657
  },
  "best_epoch": null
}