{
  "train": {
    "qwk": 0.5506511135652494,
    "accuracy": 0.4386792452830189,
    "adjacent_accuracy": 0.8333333333333334,
    "mae": 0.7468553459119497,
    "raw_exact": 0.3742138364779874,
    "raw_within1": 0.550314465408805,
    "raw_mae": 2.050314465408805,
    "pct_mae": 16.622491764001197
  },
  "val": {
    "qwk": 0.5831373866308365,
    "accuracy": 0.5220588235294118,
    "adjacent_accuracy": 0.8014705882352942,
    "mae": 0.6764705882352942,
    "raw_exact": 0.40441176470588236,
    "raw_within1": 0.5661764705882353,
    "raw_mae": 2.088235294117647,
    "pct_mae": 16.47058823529412
  },
  "test": {
    "qwk": 0.4988555415320769,
    "accuracy": 0.44525547445255476,
    "adjacent_accuracy": 0.8175182481751825,
    "mae": 0.7664233576642335,
    "raw_exact": 0.34306569343065696,
    "raw_within1": 0.5182481751824818,
    "raw_mae": 2.2554744525547443,
    "pct_mae": 17.54257907542579
  },
  "best_epoch": null,
  "calibrated_cuts": [
    0.35000000000000003,
    0.62,
    0.6900000000000001,
    0.93
  ]
}