{
  "train": {
    "qwk": 0.687991303221654,
    "accuracy": 0.5910543130990416,
    "adjacent_accuracy": 0.889776357827476,
    "mae": 0.5335463258785943,
    "raw_exact": 0.41533546325878595,
    "raw_within1": 0.6613418530351438,
    "raw_mae": 1.6054313099041533,
    "pct_mae": 12.578921344895786
  },
  "val": {
    "qwk": 0.6892443022790884,
    "accuracy": 0.5671641791044776,
    "adjacent_accuracy": 0.8805970149253731,
    "mae": 0.5671641791044776,
    "raw_exact": 0.3805970149253731,
    "raw_within1": 0.582089552238806,
    "raw_mae": 1.8134328358208955,
    "pct_mae": 14.365671641791044
  },
  "test": {
    "qwk": 0.7094918504314477,
    "accuracy": 0.5777777777777777,
    "adjacent_accuracy": 0.9037037037037037,
    "mae": 0.5259259259259259,
    "raw_exact": 0.42962962962962964,
    "raw_within1": 0.6518518518518519,
    "raw_mae": 1.637037037037037,
    "pct_mae": 12.419753086419751
  },
  "best_epoch": null,
  "calibrated_cuts": [
    0.32,
    0.33,
    0.74,
    0.8300000000000001
  ]
}