{
  "train": {
    "qwk": 0.7418051694131259,
    "accuracy": 0.605072463768116,
    "adjacent_accuracy": 0.9420289855072463,
    "mae": 0.46256038647342995,
    "raw_exact": 0.3719806763285024,
    "raw_within1": 0.644927536231884,
    "raw_mae": 1.3731884057971016,
    "pct_mae": 11.521020243846332
  },
  "val": {
    "qwk": 0.6772919147093841,
    "accuracy": 0.5955056179775281,
    "adjacent_accuracy": 0.8932584269662921,
    "mae": 0.5168539325842697,
    "raw_exact": 0.38202247191011235,
    "raw_within1": 0.6067415730337079,
    "raw_mae": 1.6910112359550562,
    "pct_mae": 14.129213483146067
  },
  "test": {
    "qwk": 0.6577990231736465,
    "accuracy": 0.6235955056179775,
    "adjacent_accuracy": 0.9044943820224719,
    "mae": 0.5056179775280899,
    "raw_exact": 0.43258426966292135,
    "raw_within1": 0.6685393258426966,
    "raw_mae": 1.5280898876404494,
    "pct_mae": 12.031835205992508
  },
  "best_epoch": null,
  "calibrated_cuts": [
    0.2,
    0.48000000000000004,
    0.61,
    0.85
  ]
}