{
  "train": {
    "qwk": 0.8644723148563138,
    "accuracy": 0.7763578274760383,
    "adjacent_accuracy": 0.9584664536741214,
    "mae": 0.268370607028754,
    "raw_exact": 0.46485623003194887,
    "raw_within1": 0.7891373801916933,
    "raw_mae": 0.9456869009584664,
    "pct_mae": 7.758633804959684
  },
  "val": {
    "qwk": 0.7727101394647569,
    "accuracy": 0.7014925373134329,
    "adjacent_accuracy": 0.9104477611940298,
    "mae": 0.39552238805970147,
    "raw_exact": 0.3880597014925373,
    "raw_within1": 0.6417910447761194,
    "raw_mae": 1.6417910447761195,
    "pct_mae": 12.699004975124378
  },
  "test": {
    "qwk": 0.7475079642380023,
    "accuracy": 0.6888888888888889,
    "adjacent_accuracy": 0.9037037037037037,
    "mae": 0.4222222222222222,
    "raw_exact": 0.4074074074074074,
    "raw_within1": 0.7407407407407407,
    "raw_mae": 1.2814814814814814,
    "pct_mae": 10.055555555555555
  },
  "best_epoch": null,
  "calibrated_cuts": [
    0.13,
    0.36000000000000004,
    0.75,
    0.76
  ]
}