{
  "train": {
    "qwk": 0.8135630134282544,
    "accuracy": 0.6678743961352657,
    "adjacent_accuracy": 0.9528985507246377,
    "mae": 0.3804347826086957,
    "raw_exact": 0.3756038647342995,
    "raw_within1": 0.6896135265700483,
    "raw_mae": 1.208937198067633,
    "pct_mae": 10.264981596503336
  },
  "val": {
    "qwk": 0.692573402417962,
    "accuracy": 0.6123595505617978,
    "adjacent_accuracy": 0.8764044943820225,
    "mae": 0.5168539325842697,
    "raw_exact": 0.34831460674157305,
    "raw_within1": 0.5786516853932584,
    "raw_mae": 1.752808988764045,
    "pct_mae": 14.522471910112362
  },
  "test": {
    "qwk": 0.7329396960604008,
    "accuracy": 0.6235955056179775,
    "adjacent_accuracy": 0.9213483146067416,
    "mae": 0.47191011235955055,
    "raw_exact": 0.42696629213483145,
    "raw_within1": 0.6629213483146067,
    "raw_mae": 1.5561797752808988,
    "pct_mae": 11.96629213483146
  },
  "best_epoch": null,
  "calibrated_cuts": [
    0.16,
    0.375,
    0.63,
    0.79
  ]
}