{
  "train": {
    "qwk": 0.8841090633227721,
    "accuracy": 0.7908805031446541,
    "adjacent_accuracy": 0.9748427672955975,
    "mae": 0.2389937106918239,
    "raw_exact": 0.5566037735849056,
    "raw_within1": 0.8364779874213837,
    "raw_mae": 0.8443396226415094,
    "pct_mae": 6.816412099430967
  },
  "val": {
    "qwk": 0.9026717557251909,
    "accuracy": 0.8014705882352942,
    "adjacent_accuracy": 0.9779411764705882,
    "mae": 0.22058823529411764,
    "raw_exact": 0.5808823529411765,
    "raw_within1": 0.7941176470588235,
    "raw_mae": 0.9264705882352942,
    "pct_mae": 7.6348039215686265
  },
  "test": {
    "qwk": 0.7359022747103346,
    "accuracy": 0.6934306569343066,
    "adjacent_accuracy": 0.9197080291970803,
    "mae": 0.41605839416058393,
    "raw_exact": 0.5328467153284672,
    "raw_within1": 0.7372262773722628,
    "raw_mae": 1.3503649635036497,
    "pct_mae": 10.145985401459855
  },
  "best_epoch": null,
  "calibrated_cuts": [
    0.125,
    0.36000000000000004,
    0.56,
    0.9500000000000001
  ]
}