{
  "train": {
    "qwk": 0.9036536044393901,
    "cohen_kappa": 0.6800318037255793,
    "accuracy": 0.7843450479233227,
    "precision_macro": 0.6137708646556763,
    "recall_macro": 0.5762800242446866,
    "f1_macro": 0.5815010666649064,
    "adjacent_accuracy": 0.9952076677316294,
    "mae": 0.22044728434504793,
    "raw_exact": 0.24281150159744408,
    "raw_within1": 0.8338658146964856,
    "raw_mae": 0.9456869009584664,
    "pct_mae": 9.141183630001521
  },
  "val": {
    "qwk": 0.7666666666666666,
    "cohen_kappa": 0.5249758298420883,
    "accuracy": 0.6716417910447762,
    "precision_macro": 0.5388929874217049,
    "recall_macro": 0.4912048524951751,
    "f1_macro": 0.4775736961451248,
    "adjacent_accuracy": 0.9477611940298507,
    "mae": 0.3880597014925373,
    "raw_exact": 0.208955223880597,
    "raw_within1": 0.6567164179104478,
    "raw_mae": 1.537313432835821,
    "pct_mae": 13.396410803127218
  },
  "test": {
    "qwk": 0.7839468176781977,
    "cohen_kappa": 0.46610772759629837,
    "accuracy": 0.6296296296296297,
    "precision_macro": 0.47919973544973543,
    "recall_macro": 0.4208374063212773,
    "f1_macro": 0.41847590055809236,
    "adjacent_accuracy": 0.9629629629629629,
    "mae": 0.4074074074074074,
    "raw_exact": 0.15555555555555556,
    "raw_within1": 0.6814814814814815,
    "raw_mae": 1.488888888888889,
    "pct_mae": 13.270723104056437
  },
  "best_epoch": null
}