{
  "train": {
    "qwk": 0.9194216562589282,
    "accuracy": 0.8081761006289309,
    "adjacent_accuracy": 0.9858490566037735,
    "mae": 0.2059748427672956,
    "raw_exact": 0.47327044025157233,
    "raw_within1": 0.8191823899371069,
    "raw_mae": 0.8694968553459119,
    "pct_mae": 7.086328241988619
  },
  "val": {
    "qwk": 0.8867369073442826,
    "accuracy": 0.7720588235294118,
    "adjacent_accuracy": 0.9705882352941176,
    "mae": 0.25735294117647056,
    "raw_exact": 0.4852941176470588,
    "raw_within1": 0.7352941176470589,
    "raw_mae": 1.1323529411764706,
    "pct_mae": 9.17279411764706
  },
  "test": {
    "qwk": 0.8131478450627387,
    "accuracy": 0.7372262773722628,
    "adjacent_accuracy": 0.9416058394160584,
    "mae": 0.3357664233576642,
    "raw_exact": 0.41605839416058393,
    "raw_within1": 0.708029197080292,
    "raw_mae": 1.3065693430656935,
    "pct_mae": 9.951338199513382
  },
  "best_epoch": null,
  "calibrated_cuts": [
    0.06999999999999999,
    0.375,
    0.66,
    0.86
  ]
}