{
  "train": {
    "qwk": 0.8299973346681662,
    "accuracy": 0.6292270531400966,
    "adjacent_accuracy": 0.9710144927536232,
    "mae": 0.3997584541062802,
    "raw_exact": 0.4577294685990338,
    "raw_within1": 0.7077294685990339,
    "raw_mae": 1.067632850241546,
    "pct_mae": 9.128421900161033
  },
  "val": {
    "qwk": 0.7756904928937044,
    "accuracy": 0.6235955056179775,
    "adjacent_accuracy": 0.9438202247191011,
    "mae": 0.43258426966292135,
    "raw_exact": 0.4044943820224719,
    "raw_within1": 0.6235955056179775,
    "raw_mae": 1.4269662921348314,
    "pct_mae": 12.19569288389513
  },
  "test": {
    "qwk": 0.7603948549207299,
    "accuracy": 0.6797752808988764,
    "adjacent_accuracy": 0.9325842696629213,
    "mae": 0.4044943820224719,
    "raw_exact": 0.4943820224719101,
    "raw_within1": 0.6910112359550562,
    "raw_mae": 1.2752808988764044,
    "pct_mae": 10.159176029962548
  },
  "best_epoch": null,
  "calibrated_cuts": [
    0.18000000000000002,
    0.38,
    0.61,
    0.88
  ]
}