{
  "train": {
    "qwk": 0.8772488847492524,
    "accuracy": 0.7939297124600639,
    "adjacent_accuracy": 0.963258785942492,
    "mae": 0.24600638977635783,
    "raw_exact": 0.6182108626198083,
    "raw_within1": 0.8610223642172524,
    "raw_mae": 0.65814696485623,
    "pct_mae": 5.429978700745474
  },
  "val": {
    "qwk": 0.8259448587949384,
    "accuracy": 0.753731343283582,
    "adjacent_accuracy": 0.9402985074626866,
    "mae": 0.31343283582089554,
    "raw_exact": 0.5,
    "raw_within1": 0.7164179104477612,
    "raw_mae": 1.3208955223880596,
    "pct_mae": 10.11194029850746
  },
  "test": {
    "qwk": 0.7783071464774455,
    "accuracy": 0.7333333333333333,
    "adjacent_accuracy": 0.9259259259259259,
    "mae": 0.362962962962963,
    "raw_exact": 0.6148148148148148,
    "raw_within1": 0.7925925925925926,
    "raw_mae": 1.0148148148148148,
    "pct_mae": 7.753086419753085
  },
  "best_epoch": null,
  "calibrated_cuts": [
    0.01,
    0.4,
    0.87,
    0.89
  ]
}