{
  "train": {
    "qwk": 0.9281499202551834,
    "accuracy": 0.8270440251572327,
    "adjacent_accuracy": 0.9889937106918238,
    "mae": 0.18553459119496854,
    "raw_exact": 0.21226415094339623,
    "raw_within1": 0.8474842767295597,
    "raw_mae": 0.9889937106918238,
    "pct_mae": 9.63125187181791
  },
  "val": {
    "qwk": 0.8755854800936769,
    "accuracy": 0.7426470588235294,
    "adjacent_accuracy": 0.9632352941176471,
    "mae": 0.29411764705882354,
    "raw_exact": 0.16911764705882354,
    "raw_within1": 0.7058823529411765,
    "raw_mae": 1.4485294117647058,
    "pct_mae": 13.656337535014003
  },
  "test": {
    "qwk": 0.8412514484356894,
    "accuracy": 0.7883211678832117,
    "adjacent_accuracy": 0.9562043795620438,
    "mae": 0.2773722627737226,
    "raw_exact": 0.1678832116788321,
    "raw_within1": 0.708029197080292,
    "raw_mae": 1.489051094890511,
    "pct_mae": 13.385470976711852
  },
  "best_epoch": null,
  "calibrated_cuts": [
    0.125,
    0.48000000000000004,
    0.72,
    0.73
  ]
}