{
  "train": {
    "qwk": 0.6987298378886655,
    "accuracy": 0.5223642172523961,
    "adjacent_accuracy": 0.9009584664536742,
    "mae": 0.5878594249201278,
    "raw_exact": 0.21725239616613418,
    "raw_within1": 0.6549520766773163,
    "raw_mae": 1.7156549520766773,
    "pct_mae": 15.238095238095239
  },
  "val": {
    "qwk": 0.631954798713019,
    "accuracy": 0.5223880597014925,
    "adjacent_accuracy": 0.8731343283582089,
    "mae": 0.6417910447761194,
    "raw_exact": 0.1791044776119403,
    "raw_within1": 0.5970149253731343,
    "raw_mae": 2.037313432835821,
    "pct_mae": 17.86780383795309
  },
  "test": {
    "qwk": 0.6712954156362945,
    "accuracy": 0.5111111111111111,
    "adjacent_accuracy": 0.8962962962962963,
    "mae": 0.6222222222222222,
    "raw_exact": 0.2,
    "raw_within1": 0.6296296296296297,
    "raw_mae": 1.7851851851851852,
    "pct_mae": 16.04232804232804
  },
  "best_epoch": null,
  "calibrated_cuts": [
    0.3,
    0.48000000000000004,
    0.63,
    0.89
  ]
}