{
  "train": {
    "qwk": 0.6893709680701683,
    "accuracy": 0.5377358490566038,
    "adjacent_accuracy": 0.8915094339622641,
    "mae": 0.5943396226415094,
    "raw_exact": 0.38836477987421386,
    "raw_within1": 0.6619496855345912,
    "raw_mae": 1.5974842767295598,
    "pct_mae": 12.825321952680444
  },
  "val": {
    "qwk": 0.7957579353307623,
    "accuracy": 0.6176470588235294,
    "adjacent_accuracy": 0.9411764705882353,
    "mae": 0.4485294117647059,
    "raw_exact": 0.41911764705882354,
    "raw_within1": 0.6323529411764706,
    "raw_mae": 1.5808823529411764,
    "pct_mae": 12.738970588235293
  },
  "test": {
    "qwk": 0.6486223914817549,
    "accuracy": 0.48905109489051096,
    "adjacent_accuracy": 0.8978102189781022,
    "mae": 0.6423357664233577,
    "raw_exact": 0.35766423357664234,
    "raw_within1": 0.6131386861313869,
    "raw_mae": 1.7518248175182483,
    "pct_mae": 13.42457420924574
  },
  "best_epoch": null,
  "calibrated_cuts": [
    0.12,
    0.63,
    0.65,
    0.875
  ]
}