{
  "train": {
    "qwk": 0.514665637499123,
    "accuracy": 0.42924528301886794,
    "adjacent_accuracy": 0.8270440251572327,
    "mae": 0.7720125786163522,
    "raw_exact": 0.2059748427672956,
    "raw_within1": 0.4921383647798742,
    "raw_mae": 2.438679245283019,
    "pct_mae": 21.124775381850853
  },
  "val": {
    "qwk": 0.5666315049226442,
    "accuracy": 0.4852941176470588,
    "adjacent_accuracy": 0.8161764705882353,
    "mae": 0.6985294117647058,
    "raw_exact": 0.22058823529411764,
    "raw_within1": 0.5514705882352942,
    "raw_mae": 2.3088235294117645,
    "pct_mae": 20.463935574229694
  },
  "test": {
    "qwk": 0.4901280514729074,
    "accuracy": 0.4306569343065693,
    "adjacent_accuracy": 0.8321167883211679,
    "mae": 0.781021897810219,
    "raw_exact": 0.16058394160583941,
    "raw_within1": 0.5109489051094891,
    "raw_mae": 2.372262773722628,
    "pct_mae": 20.636079249217936
  },
  "best_epoch": null,
  "calibrated_cuts": [
    0.01,
    0.38,
    0.6,
    0.8400000000000001
  ]
}