{
  "train": {
    "qwk": 0.3878176774226795,
    "accuracy": 0.2777777777777778,
    "adjacent_accuracy": 0.8369565217391305,
    "mae": 0.892512077294686,
    "raw_exact": 0.13043478260869565,
    "raw_within1": 0.3852657004830918,
    "raw_mae": 2.3393719806763285,
    "pct_mae": 21.35797676558546
  },
  "val": {
    "qwk": 0.32625291468361706,
    "accuracy": 0.3202247191011236,
    "adjacent_accuracy": 0.7921348314606742,
    "mae": 0.8932584269662921,
    "raw_exact": 0.11235955056179775,
    "raw_within1": 0.38202247191011235,
    "raw_mae": 2.4775280898876404,
    "pct_mae": 22.77956126270733
  },
  "test": {
    "qwk": 0.3397088746282674,
    "accuracy": 0.2696629213483146,
    "adjacent_accuracy": 0.8089887640449438,
    "mae": 0.9269662921348315,
    "raw_exact": 0.12921348314606743,
    "raw_within1": 0.38202247191011235,
    "raw_mae": 2.4269662921348316,
    "pct_mae": 22.384965222043878
  },
  "best_epoch": null,
  "calibrated_cuts": [
    0.36000000000000004,
    0.52,
    0.6900000000000001,
    0.78
  ]
}