{
  "train": {
    "qwk": 0.8376695060802914,
    "accuracy": 0.6594202898550725,
    "adjacent_accuracy": 0.967391304347826,
    "mae": 0.37318840579710144,
    "raw_exact": 0.40217391304347827,
    "raw_within1": 0.7282608695652174,
    "raw_mae": 1.0591787439613527,
    "pct_mae": 9.041005291005291
  },
  "val": {
    "qwk": 0.7885675099801621,
    "accuracy": 0.6235955056179775,
    "adjacent_accuracy": 0.9438202247191011,
    "mae": 0.43258426966292135,
    "raw_exact": 0.3595505617977528,
    "raw_within1": 0.6573033707865169,
    "raw_mae": 1.4438202247191012,
    "pct_mae": 12.237827715355804
  },
  "test": {
    "qwk": 0.7767206286092966,
    "accuracy": 0.6797752808988764,
    "adjacent_accuracy": 0.9269662921348315,
    "mae": 0.4044943820224719,
    "raw_exact": 0.4157303370786517,
    "raw_within1": 0.6910112359550562,
    "raw_mae": 1.2865168539325842,
    "pct_mae": 10.440074906367043
  },
  "best_epoch": null,
  "calibrated_cuts": [
    0.18000000000000002,
    0.375,
    0.65,
    0.78
  ]
}