{
  "train": {
    "qwk": 0.7777311548219255,
    "accuracy": 0.6256038647342995,
    "adjacent_accuracy": 0.9299516908212561,
    "mae": 0.44806763285024154,
    "raw_exact": 0.4033816425120773,
    "raw_within1": 0.6896135265700483,
    "raw_mae": 1.2234299516908214,
    "pct_mae": 10.376696572348749
  },
  "val": {
    "qwk": 0.7283513021217939,
    "accuracy": 0.6460674157303371,
    "adjacent_accuracy": 0.9044943820224719,
    "mae": 0.4606741573033708,
    "raw_exact": 0.3651685393258427,
    "raw_within1": 0.6741573033707865,
    "raw_mae": 1.5337078651685394,
    "pct_mae": 12.804307116104868
  },
  "test": {
    "qwk": 0.752270134610997,
    "accuracy": 0.6123595505617978,
    "adjacent_accuracy": 0.9101123595505618,
    "mae": 0.48314606741573035,
    "raw_exact": 0.42134831460674155,
    "raw_within1": 0.6910112359550562,
    "raw_mae": 1.5,
    "pct_mae": 11.694756554307117
  },
  "best_epoch": null,
  "calibrated_cuts": [
    0.27,
    0.375,
    0.7000000000000001,
    0.8400000000000001
  ]
}