{
  "train": {
    "qwk": 0.8502933061902338,
    "accuracy": 0.6485507246376812,
    "adjacent_accuracy": 0.9758454106280193,
    "mae": 0.3756038647342995,
    "raw_exact": 0.42995169082125606,
    "raw_within1": 0.7367149758454107,
    "raw_mae": 1.0422705314009661,
    "pct_mae": 8.971417069243156
  },
  "val": {
    "qwk": 0.7779608360007532,
    "accuracy": 0.6067415730337079,
    "adjacent_accuracy": 0.9325842696629213,
    "mae": 0.4606741573033708,
    "raw_exact": 0.38764044943820225,
    "raw_within1": 0.6235955056179775,
    "raw_mae": 1.4269662921348314,
    "pct_mae": 12.402354200107009
  },
  "test": {
    "qwk": 0.7696917419530576,
    "accuracy": 0.7134831460674157,
    "adjacent_accuracy": 0.9101123595505618,
    "mae": 0.39325842696629215,
    "raw_exact": 0.4606741573033708,
    "raw_within1": 0.7134831460674157,
    "raw_mae": 1.2584269662921348,
    "pct_mae": 10.313670411985019
  },
  "best_epoch": null,
  "calibrated_cuts": [
    0.22,
    0.375,
    0.625,
    0.8400000000000001
  ]
}