{
  "train": {
    "qwk": 0.6935818616125622,
    "accuracy": 0.5223642172523961,
    "adjacent_accuracy": 0.9329073482428115,
    "mae": 0.560702875399361,
    "raw_exact": 0.31629392971246006,
    "raw_within1": 0.5591054313099042,
    "raw_mae": 1.645367412140575,
    "pct_mae": 13.811425528677923
  },
  "val": {
    "qwk": 0.6739049045301384,
    "accuracy": 0.48507462686567165,
    "adjacent_accuracy": 0.9253731343283582,
    "mae": 0.5970149253731343,
    "raw_exact": 0.26119402985074625,
    "raw_within1": 0.5074626865671642,
    "raw_mae": 1.9850746268656716,
    "pct_mae": 16.16293532338308
  },
  "test": {
    "qwk": 0.7157244220645458,
    "accuracy": 0.5555555555555556,
    "adjacent_accuracy": 0.9333333333333333,
    "mae": 0.5185185185185185,
    "raw_exact": 0.32592592592592595,
    "raw_within1": 0.562962962962963,
    "raw_mae": 1.7555555555555555,
    "pct_mae": 14.320987654320987
  },
  "best_epoch": null,
  "calibrated_cuts": [
    0.43,
    0.45,
    0.625,
    0.875
  ]
}