{
  "train": {
    "qwk": 0.8638175610788607,
    "accuracy": 0.7843450479233227,
    "adjacent_accuracy": 0.9616613418530351,
    "mae": 0.25878594249201275,
    "raw_exact": 0.5015974440894568,
    "raw_within1": 0.7731629392971247,
    "raw_mae": 1.0782747603833867,
    "pct_mae": 8.760839799178457
  },
  "val": {
    "qwk": 0.8201575894016798,
    "accuracy": 0.7686567164179104,
    "adjacent_accuracy": 0.9477611940298507,
    "mae": 0.29850746268656714,
    "raw_exact": 0.4552238805970149,
    "raw_within1": 0.7014925373134329,
    "raw_mae": 1.4701492537313432,
    "pct_mae": 11.156716417910447
  },
  "test": {
    "qwk": 0.7804878048780488,
    "accuracy": 0.7333333333333333,
    "adjacent_accuracy": 0.9333333333333333,
    "mae": 0.35555555555555557,
    "raw_exact": 0.5259259259259259,
    "raw_within1": 0.7111111111111111,
    "raw_mae": 1.325925925925926,
    "pct_mae": 10.30246913580247
  },
  "best_epoch": null,
  "calibrated_cuts": [
    0.01,
    0.28,
    0.63,
    0.8
  ]
}