{
  "train": {
    "qwk": 0.46326701626030153,
    "cohen_kappa": 0.2023038890871094,
    "accuracy": 0.4009584664536741,
    "precision_macro": 0.3164957194564072,
    "recall_macro": 0.29869986091717515,
    "f1_macro": 0.29006331928929363,
    "adjacent_accuracy": 0.7396166134185304,
    "mae": 0.9345047923322684,
    "raw_exact": 0.3210862619808307,
    "raw_within1": 0.48722044728434505,
    "raw_mae": 2.5926517571884986,
    "pct_mae": 22.528145443480906
  },
  "val": {
    "qwk": 0.4848997608975538,
    "cohen_kappa": 0.2487666317835252,
    "accuracy": 0.44029850746268656,
    "precision_macro": 0.33742147026034497,
    "recall_macro": 0.3486986490212297,
    "f1_macro": 0.32262330623306235,
    "adjacent_accuracy": 0.7910447761194029,
    "mae": 0.8432835820895522,
    "raw_exact": 0.30597014925373134,
    "raw_within1": 0.5223880597014925,
    "raw_mae": 2.6492537313432836,
    "pct_mae": 21.461442786069657
  },
  "test": {
    "qwk": 0.45249805850375346,
    "cohen_kappa": 0.23359321777306796,
    "accuracy": 0.4444444444444444,
    "precision_macro": 0.2963870431893688,
    "recall_macro": 0.29257086999022486,
    "f1_macro": 0.28212604286501486,
    "adjacent_accuracy": 0.7037037037037037,
    "mae": 0.9111111111111111,
    "raw_exact": 0.34814814814814815,
    "raw_within1": 0.5111111111111111,
    "raw_mae": 2.3777777777777778,
    "pct_mae": 21.22222222222222
  },
  "best_epoch": null
}