{
  "train": {
    "qwk": 0.9428914475709624,
    "accuracy": 0.8616352201257862,
    "adjacent_accuracy": 0.9937106918238994,
    "mae": 0.14622641509433962,
    "raw_exact": 0.24371069182389937,
    "raw_within1": 0.8411949685534591,
    "raw_mae": 0.949685534591195,
    "pct_mae": 8.839847259658578
  },
  "val": {
    "qwk": 0.8797293140572132,
    "accuracy": 0.7058823529411765,
    "adjacent_accuracy": 0.9852941176470589,
    "mae": 0.3088235294117647,
    "raw_exact": 0.17647058823529413,
    "raw_within1": 0.6985294117647058,
    "raw_mae": 1.4852941176470589,
    "pct_mae": 13.294817927170868
  },
  "test": {
    "qwk": 0.8074415335962206,
    "accuracy": 0.7445255474452555,
    "adjacent_accuracy": 0.9343065693430657,
    "mae": 0.3357664233576642,
    "raw_exact": 0.17518248175182483,
    "raw_within1": 0.6715328467153284,
    "raw_mae": 1.5255474452554745,
    "pct_mae": 13.494960027806743
  },
  "best_epoch": null,
  "calibrated_cuts": [
    0.125,
    0.48000000000000004,
    0.7000000000000001,
    0.81
  ]
}