{
  "train": {
    "qwk": 0.47437837007385086,
    "accuracy": 0.46006389776357826,
    "adjacent_accuracy": 0.7715654952076677,
    "mae": 0.7747603833865815,
    "raw_exact": 0.2715654952076677,
    "raw_within1": 0.549520766773163,
    "raw_mae": 2.036741214057508,
    "pct_mae": 17.678191084740607
  },
  "val": {
    "qwk": 0.5400186030030563,
    "accuracy": 0.4253731343283582,
    "adjacent_accuracy": 0.8059701492537313,
    "mae": 0.7686567164179104,
    "raw_exact": 0.19402985074626866,
    "raw_within1": 0.5,
    "raw_mae": 2.291044776119403,
    "pct_mae": 19.155117270788914
  },
  "test": {
    "qwk": 0.5148583275742917,
    "accuracy": 0.4962962962962963,
    "adjacent_accuracy": 0.8074074074074075,
    "mae": 0.7111111111111111,
    "raw_exact": 0.21481481481481482,
    "raw_within1": 0.5111111111111111,
    "raw_mae": 2.2666666666666666,
    "pct_mae": 19.560846560846564
  },
  "best_epoch": null,
  "calibrated_cuts": [
    0.34,
    0.35000000000000003,
    0.78,
    0.8
  ]
}