{
  "train": {
    "qwk": 0.9111085780965942,
    "accuracy": 0.8450479233226837,
    "adjacent_accuracy": 0.9760383386581469,
    "mae": 0.1805111821086262,
    "raw_exact": 0.5255591054313099,
    "raw_within1": 0.8514376996805112,
    "raw_mae": 0.768370607028754,
    "pct_mae": 6.404419595314165
  },
  "val": {
    "qwk": 0.8270521424883841,
    "accuracy": 0.7686567164179104,
    "adjacent_accuracy": 0.9402985074626866,
    "mae": 0.29850746268656714,
    "raw_exact": 0.4626865671641791,
    "raw_within1": 0.7611940298507462,
    "raw_mae": 1.328358208955224,
    "pct_mae": 10.360696517412935
  },
  "test": {
    "qwk": 0.8056021303876122,
    "accuracy": 0.7555555555555555,
    "adjacent_accuracy": 0.9259259259259259,
    "mae": 0.3333333333333333,
    "raw_exact": 0.5037037037037037,
    "raw_within1": 0.7555555555555555,
    "raw_mae": 1.2518518518518518,
    "pct_mae": 9.419753086419751
  },
  "best_epoch": null,
  "calibrated_cuts": [
    0.01,
    0.375,
    0.74,
    0.9400000000000001
  ]
}