{
  "train": {
    "qwk": 0.7951398963730569,
    "accuracy": 0.6477987421383647,
    "adjacent_accuracy": 0.9323899371069182,
    "mae": 0.4261006289308176,
    "raw_exact": 0.39308176100628933,
    "raw_within1": 0.690251572327044,
    "raw_mae": 1.3977987421383649,
    "pct_mae": 11.57906558849955
  },
  "val": {
    "qwk": 0.8473828362751066,
    "accuracy": 0.7426470588235294,
    "adjacent_accuracy": 0.9411764705882353,
    "mae": 0.3161764705882353,
    "raw_exact": 0.47794117647058826,
    "raw_within1": 0.7205882352941176,
    "raw_mae": 1.25,
    "pct_mae": 10.122549019607844
  },
  "test": {
    "qwk": 0.6772446287980991,
    "accuracy": 0.5912408759124088,
    "adjacent_accuracy": 0.8759124087591241,
    "mae": 0.5474452554744526,
    "raw_exact": 0.36496350364963503,
    "raw_within1": 0.6204379562043796,
    "raw_mae": 1.7445255474452555,
    "pct_mae": 13.24817518248175
  },
  "best_epoch": null,
  "calibrated_cuts": [
    0.25,
    0.4,
    0.65,
    0.8300000000000001
  ]
}