{
  "train": {
    "qwk": 0.7985319967345017,
    "accuracy": 0.6533816425120773,
    "adjacent_accuracy": 0.9637681159420289,
    "mae": 0.38768115942028986,
    "raw_exact": 0.4359903381642512,
    "raw_within1": 0.6992753623188406,
    "raw_mae": 1.1606280193236715,
    "pct_mae": 9.982171612606395
  },
  "val": {
    "qwk": 0.718903628024498,
    "accuracy": 0.6348314606741573,
    "adjacent_accuracy": 0.9157303370786517,
    "mae": 0.4550561797752809,
    "raw_exact": 0.398876404494382,
    "raw_within1": 0.6179775280898876,
    "raw_mae": 1.5617977528089888,
    "pct_mae": 13.291198501872662
  },
  "test": {
    "qwk": 0.7209582763887772,
    "accuracy": 0.6685393258426966,
    "adjacent_accuracy": 0.9101123595505618,
    "mae": 0.43258426966292135,
    "raw_exact": 0.4606741573033708,
    "raw_within1": 0.7134831460674157,
    "raw_mae": 1.4382022471910112,
    "pct_mae": 11.507490636704121
  },
  "best_epoch": null,
  "calibrated_cuts": [
    0.14,
    0.45,
    0.625,
    0.93
  ]
}