{
  "train": {
    "qwk": 0.9108960378044347,
    "cohen_kappa": 0.69443400861197,
    "accuracy": 0.7908805031446541,
    "precision_macro": 0.806713665351773,
    "recall_macro": 0.7071298448857786,
    "f1_macro": 0.7373042982230971,
    "adjacent_accuracy": 0.9921383647798742,
    "mae": 0.2169811320754717,
    "raw_exact": 0.2908805031446541,
    "raw_within1": 0.8349056603773585,
    "raw_mae": 0.9182389937106918,
    "pct_mae": 8.597259658580414
  },
  "val": {
    "qwk": 0.8551959114139693,
    "cohen_kappa": 0.5038422727625553,
    "accuracy": 0.6544117647058824,
    "precision_macro": 0.6871486318649834,
    "recall_macro": 0.5648442238764819,
    "f1_macro": 0.5985840234098073,
    "adjacent_accuracy": 0.9926470588235294,
    "mae": 0.35294117647058826,
    "raw_exact": 0.3235294117647059,
    "raw_within1": 0.7132352941176471,
    "raw_mae": 1.2941176470588236,
    "pct_mae": 11.10906862745098
  },
  "test": {
    "qwk": 0.8032893878083801,
    "cohen_kappa": 0.5148575827559662,
    "accuracy": 0.6642335766423357,
    "precision_macro": 0.536870026525199,
    "recall_macro": 0.48302052785923755,
    "f1_macro": 0.491432493381704,
    "adjacent_accuracy": 0.9635036496350365,
    "mae": 0.3795620437956204,
    "raw_exact": 0.2773722627737226,
    "raw_within1": 0.6861313868613139,
    "raw_mae": 1.416058394160584,
    "pct_mae": 11.819603753910323
  },
  "best_epoch": null
}