{
  "train": {
    "qwk": 0.7050134814526434,
    "accuracy": 0.6357827476038339,
    "adjacent_accuracy": 0.8849840255591054,
    "mae": 0.4936102236421725,
    "raw_exact": 0.36421725239616615,
    "raw_within1": 0.6246006389776357,
    "raw_mae": 1.6373801916932906,
    "pct_mae": 13.530731781530505
  },
  "val": {
    "qwk": 0.7222343443159502,
    "accuracy": 0.6940298507462687,
    "adjacent_accuracy": 0.9029850746268657,
    "mae": 0.4253731343283582,
    "raw_exact": 0.3656716417910448,
    "raw_within1": 0.6716417910447762,
    "raw_mae": 1.7238805970149254,
    "pct_mae": 13.718905472636816
  },
  "test": {
    "qwk": 0.7363010177855454,
    "accuracy": 0.6444444444444445,
    "adjacent_accuracy": 0.8962962962962963,
    "mae": 0.4666666666666667,
    "raw_exact": 0.3851851851851852,
    "raw_within1": 0.6518518518518519,
    "raw_mae": 1.5703703703703704,
    "pct_mae": 12.388888888888888
  },
  "best_epoch": null,
  "calibrated_cuts": [
    0.01,
    0.38,
    0.62,
    0.81
  ]
}