{
  "train": {
    "qwk": 0.5608166509140626,
    "accuracy": 0.46006389776357826,
    "adjacent_accuracy": 0.8578274760383386,
    "mae": 0.6884984025559105,
    "raw_exact": 0.21565495207667731,
    "raw_within1": 0.549520766773163,
    "raw_mae": 2.1565495207667733,
    "pct_mae": 18.741822607637303
  },
  "val": {
    "qwk": 0.5573185435254401,
    "accuracy": 0.48507462686567165,
    "adjacent_accuracy": 0.8432835820895522,
    "mae": 0.6791044776119403,
    "raw_exact": 0.13432835820895522,
    "raw_within1": 0.5522388059701493,
    "raw_mae": 2.343283582089552,
    "pct_mae": 19.733475479744136
  },
  "test": {
    "qwk": 0.5256270447110141,
    "accuracy": 0.4962962962962963,
    "adjacent_accuracy": 0.8222222222222222,
    "mae": 0.6888888888888889,
    "raw_exact": 0.15555555555555556,
    "raw_within1": 0.5185185185185185,
    "raw_mae": 2.3925925925925924,
    "pct_mae": 20.69047619047619
  },
  "best_epoch": null,
  "calibrated_cuts": [
    0.36000000000000004,
    0.6,
    0.67,
    0.89
  ]
}