{
  "train": {
    "qwk": 0.7567124575673575,
    "accuracy": 0.538647342995169,
    "adjacent_accuracy": 0.9444444444444444,
    "mae": 0.5253623188405797,
    "raw_exact": 0.30917874396135264,
    "raw_within1": 0.6304347826086957,
    "raw_mae": 1.4528985507246377,
    "pct_mae": 12.626092707614447
  },
  "val": {
    "qwk": 0.7338580416736442,
    "accuracy": 0.5449438202247191,
    "adjacent_accuracy": 0.9269662921348315,
    "mae": 0.5337078651685393,
    "raw_exact": 0.2808988764044944,
    "raw_within1": 0.5449438202247191,
    "raw_mae": 1.696629213483146,
    "pct_mae": 14.662921348314608
  },
  "test": {
    "qwk": 0.7216413033330221,
    "accuracy": 0.5674157303370787,
    "adjacent_accuracy": 0.9213483146067416,
    "mae": 0.5280898876404494,
    "raw_exact": 0.34269662921348315,
    "raw_within1": 0.6179775280898876,
    "raw_mae": 1.6292134831460674,
    "pct_mae": 13.094569288389515
  },
  "best_epoch": null,
  "calibrated_cuts": [
    0.21000000000000002,
    0.49,
    0.62,
    0.875
  ]
}