{
  "train": {
    "qwk": 0.9102307604865295,
    "cohen_kappa": 0.6923809936327803,
    "accuracy": 0.789308176100629,
    "precision_macro": 0.8058763181200101,
    "recall_macro": 0.7064741071808605,
    "f1_macro": 0.7364026139552919,
    "adjacent_accuracy": 0.9921383647798742,
    "mae": 0.21855345911949686,
    "raw_exact": 0.25,
    "raw_within1": 0.8569182389937107,
    "raw_mae": 0.9386792452830188,
    "pct_mae": 8.921084156933212
  },
  "val": {
    "qwk": 0.8452421848162144,
    "cohen_kappa": 0.5034182722187694,
    "accuracy": 0.6544117647058824,
    "precision_macro": 0.6951220310148531,
    "recall_macro": 0.5648442238764819,
    "f1_macro": 0.6000700373958213,
    "adjacent_accuracy": 0.9852941176470589,
    "mae": 0.3602941176470588,
    "raw_exact": 0.2426470588235294,
    "raw_within1": 0.7205882352941176,
    "raw_mae": 1.375,
    "pct_mae": 12.179621848739496
  },
  "test": {
    "qwk": 0.7815384615384615,
    "cohen_kappa": 0.463281610078353,
    "accuracy": 0.6277372262773723,
    "precision_macro": 0.5228346239319779,
    "recall_macro": 0.4435386119257087,
    "f1_macro": 0.45039267739616173,
    "adjacent_accuracy": 0.9635036496350365,
    "mae": 0.41605839416058393,
    "raw_exact": 0.17518248175182483,
    "raw_within1": 0.708029197080292,
    "raw_mae": 1.4963503649635037,
    "pct_mae": 13.172575599582897
  },
  "best_epoch": null
}