{
  "train": {
    "qwk": 0.910791412601626,
    "accuracy": 0.8632075471698113,
    "adjacent_accuracy": 0.970125786163522,
    "mae": 0.17138364779874213,
    "raw_exact": 0.800314465408805,
    "raw_within1": 0.8836477987421384,
    "raw_mae": 0.5864779874213837,
    "pct_mae": 4.255765199161425
  },
  "val": {
    "qwk": 0.8568022886204705,
    "accuracy": 0.8014705882352942,
    "adjacent_accuracy": 0.9485294117647058,
    "mae": 0.25735294117647056,
    "raw_exact": 0.7132352941176471,
    "raw_within1": 0.8014705882352942,
    "raw_mae": 0.8235294117647058,
    "pct_mae": 6.458333333333332
  },
  "test": {
    "qwk": 0.8424069848573422,
    "accuracy": 0.8394160583941606,
    "adjacent_accuracy": 0.9416058394160584,
    "mae": 0.24087591240875914,
    "raw_exact": 0.6715328467153284,
    "raw_within1": 0.7883211678832117,
    "raw_mae": 0.9781021897810219,
    "pct_mae": 7.049878345498785
  },
  "best_epoch": 7,
  "train_seconds": 12457.717082500458
}