{
  "train": {
    "qwk": 0.9159002590673575,
    "accuracy": 0.8113207547169812,
    "adjacent_accuracy": 0.9858490566037735,
    "mae": 0.2028301886792453,
    "raw_exact": 0.5455974842767296,
    "raw_within1": 0.839622641509434,
    "raw_mae": 0.7657232704402516,
    "pct_mae": 6.184673554956574
  },
  "val": {
    "qwk": 0.8693982074263764,
    "accuracy": 0.7573529411764706,
    "adjacent_accuracy": 0.9632352941176471,
    "mae": 0.27941176470588236,
    "raw_exact": 0.5588235294117647,
    "raw_within1": 0.7573529411764706,
    "raw_mae": 1.1102941176470589,
    "pct_mae": 8.958333333333334
  },
  "test": {
    "qwk": 0.7601970202719206,
    "accuracy": 0.7007299270072993,
    "adjacent_accuracy": 0.927007299270073,
    "mae": 0.39416058394160586,
    "raw_exact": 0.43795620437956206,
    "raw_within1": 0.6715328467153284,
    "raw_mae": 1.4306569343065694,
    "pct_mae": 10.924574209245742
  },
  "best_epoch": null,
  "calibrated_cuts": [
    0.06999999999999999,
    0.39,
    0.7100000000000001,
    0.875
  ]
}