{
  "train": {
    "qwk": 0.7990866634415019,
    "accuracy": 0.6437699680511182,
    "adjacent_accuracy": 0.950479233226837,
    "mae": 0.41373801916932906,
    "raw_exact": 0.4680511182108626,
    "raw_within1": 0.7268370607028753,
    "raw_mae": 1.2172523961661341,
    "pct_mae": 9.731477255438916
  },
  "val": {
    "qwk": 0.73485373913753,
    "accuracy": 0.582089552238806,
    "adjacent_accuracy": 0.9477611940298507,
    "mae": 0.5,
    "raw_exact": 0.3880597014925373,
    "raw_within1": 0.6343283582089553,
    "raw_mae": 1.6567164179104477,
    "pct_mae": 13.252487562189055
  },
  "test": {
    "qwk": 0.7722829212190915,
    "accuracy": 0.6814814814814815,
    "adjacent_accuracy": 0.9259259259259259,
    "mae": 0.4148148148148148,
    "raw_exact": 0.48148148148148145,
    "raw_within1": 0.7111111111111111,
    "raw_mae": 1.2518518518518518,
    "pct_mae": 9.950617283950617
  },
  "best_epoch": null,
  "calibrated_cuts": [
    0.18000000000000002,
    0.56,
    0.59,
    0.92
  ]
}