{
  "train": {
    "qwk": 0.8774573188104057,
    "accuracy": 0.7625786163522013,
    "adjacent_accuracy": 0.9685534591194969,
    "mae": 0.2688679245283019,
    "raw_exact": 0.5,
    "raw_within1": 0.8018867924528302,
    "raw_mae": 0.960691823899371,
    "pct_mae": 7.673330338424679
  },
  "val": {
    "qwk": 0.8865559895833334,
    "accuracy": 0.7647058823529411,
    "adjacent_accuracy": 0.9779411764705882,
    "mae": 0.25735294117647056,
    "raw_exact": 0.45588235294117646,
    "raw_within1": 0.75,
    "raw_mae": 1.1323529411764706,
    "pct_mae": 9.056372549019608
  },
  "test": {
    "qwk": 0.7901047943946234,
    "accuracy": 0.7299270072992701,
    "adjacent_accuracy": 0.9197080291970803,
    "mae": 0.35766423357664234,
    "raw_exact": 0.5036496350364964,
    "raw_within1": 0.7445255474452555,
    "raw_mae": 1.3357664233576643,
    "pct_mae": 9.64720194647202
  },
  "best_epoch": null,
  "calibrated_cuts": [
    0.125,
    0.38,
    0.6,
    0.79
  ]
}