{
  "train": {
    "qwk": 0.7133396848204663,
    "accuracy": 0.5736714975845411,
    "adjacent_accuracy": 0.9420289855072463,
    "mae": 0.4927536231884058,
    "raw_exact": 0.3804347826086957,
    "raw_within1": 0.6268115942028986,
    "raw_mae": 1.4371980676328502,
    "pct_mae": 12.121721877156661
  },
  "val": {
    "qwk": 0.6793875942812113,
    "accuracy": 0.550561797752809,
    "adjacent_accuracy": 0.9382022471910112,
    "mae": 0.5280898876404494,
    "raw_exact": 0.34269662921348315,
    "raw_within1": 0.5955056179775281,
    "raw_mae": 1.7415730337078652,
    "pct_mae": 14.62546816479401
  },
  "test": {
    "qwk": 0.6788464270492969,
    "accuracy": 0.5955056179775281,
    "adjacent_accuracy": 0.9157303370786517,
    "mae": 0.5,
    "raw_exact": 0.39325842696629215,
    "raw_within1": 0.6067415730337079,
    "raw_mae": 1.5842696629213484,
    "pct_mae": 12.794943820224718
  },
  "best_epoch": null,
  "calibrated_cuts": [
    0.125,
    0.42000000000000004,
    0.59,
    0.875
  ]
}