{
  "train": {
    "qwk": 0.9023280511421611,
    "accuracy": 0.7908805031446541,
    "adjacent_accuracy": 0.9795597484276729,
    "mae": 0.23113207547169812,
    "raw_exact": 0.5408805031446541,
    "raw_within1": 0.8113207547169812,
    "raw_mae": 0.7783018867924528,
    "pct_mae": 6.36698861934711
  },
  "val": {
    "qwk": 0.8901082381238725,
    "accuracy": 0.7720588235294118,
    "adjacent_accuracy": 0.9705882352941176,
    "mae": 0.25735294117647056,
    "raw_exact": 0.5294117647058824,
    "raw_within1": 0.7867647058823529,
    "raw_mae": 1.0294117647058822,
    "pct_mae": 8.045343137254902
  },
  "test": {
    "qwk": 0.749990495380755,
    "accuracy": 0.7299270072992701,
    "adjacent_accuracy": 0.9051094890510949,
    "mae": 0.39416058394160586,
    "raw_exact": 0.45255474452554745,
    "raw_within1": 0.7153284671532847,
    "raw_mae": 1.416058394160584,
    "pct_mae": 10.614355231143552
  },
  "best_epoch": null,
  "calibrated_cuts": [
    0.125,
    0.45,
    0.72,
    0.89
  ]
}