{
  "train": {
    "qwk": 0.9382951398259425,
    "accuracy": 0.8578274760383386,
    "adjacent_accuracy": 0.9952076677316294,
    "mae": 0.1485623003194888,
    "raw_exact": 0.21405750798722045,
    "raw_within1": 0.8498402555910544,
    "raw_mae": 0.9680511182108626,
    "pct_mae": 9.540544652365739
  },
  "val": {
    "qwk": 0.8245995474109242,
    "accuracy": 0.753731343283582,
    "adjacent_accuracy": 0.9477611940298507,
    "mae": 0.30597014925373134,
    "raw_exact": 0.1865671641791045,
    "raw_within1": 0.6567164179104478,
    "raw_mae": 1.5671641791044777,
    "pct_mae": 13.906361051883437
  },
  "test": {
    "qwk": 0.8427184466019417,
    "accuracy": 0.725925925925926,
    "adjacent_accuracy": 0.9703703703703703,
    "mae": 0.3111111111111111,
    "raw_exact": 0.16296296296296298,
    "raw_within1": 0.674074074074074,
    "raw_mae": 1.474074074074074,
    "pct_mae": 13.178130511463843
  },
  "best_epoch": null,
  "calibrated_cuts": [
    0.01,
    0.46,
    0.67,
    0.8200000000000001
  ]
}