{
  "train": {
    "qwk": 0.7752380288075891,
    "accuracy": 0.6147342995169082,
    "adjacent_accuracy": 0.9504830917874396,
    "mae": 0.44082125603864736,
    "raw_exact": 0.428743961352657,
    "raw_within1": 0.6654589371980676,
    "raw_mae": 1.2318840579710144,
    "pct_mae": 10.520617667356799
  },
  "val": {
    "qwk": 0.699159914500174,
    "accuracy": 0.5617977528089888,
    "adjacent_accuracy": 0.9101123595505618,
    "mae": 0.5393258426966292,
    "raw_exact": 0.3539325842696629,
    "raw_within1": 0.6348314606741573,
    "raw_mae": 1.5617977528089888,
    "pct_mae": 13.127340823970037
  },
  "test": {
    "qwk": 0.646404449741756,
    "accuracy": 0.6292134831460674,
    "adjacent_accuracy": 0.8707865168539326,
    "mae": 0.5280898876404494,
    "raw_exact": 0.42134831460674155,
    "raw_within1": 0.6685393258426966,
    "raw_mae": 1.601123595505618,
    "pct_mae": 12.874531835205993
  },
  "best_epoch": null,
  "calibrated_cuts": [
    0.11,
    0.52,
    0.65,
    0.875
  ]
}