{
  "train": {
    "qwk": 0.8507447119195628,
    "accuracy": 0.6855345911949685,
    "adjacent_accuracy": 0.9685534591194969,
    "mae": 0.3490566037735849,
    "raw_exact": 0.4591194968553459,
    "raw_within1": 0.7389937106918238,
    "raw_mae": 1.1226415094339623,
    "pct_mae": 8.956087151841869
  },
  "val": {
    "qwk": 0.836381135707411,
    "accuracy": 0.6470588235294118,
    "adjacent_accuracy": 0.9705882352941176,
    "mae": 0.38235294117647056,
    "raw_exact": 0.41911764705882354,
    "raw_within1": 0.6617647058823529,
    "raw_mae": 1.3970588235294117,
    "pct_mae": 10.986519607843137
  },
  "test": {
    "qwk": 0.7551738052689225,
    "accuracy": 0.6131386861313869,
    "adjacent_accuracy": 0.927007299270073,
    "mae": 0.4744525547445255,
    "raw_exact": 0.45985401459854014,
    "raw_within1": 0.7153284671532847,
    "raw_mae": 1.4525547445255473,
    "pct_mae": 10.869829683698297
  },
  "best_epoch": null,
  "calibrated_cuts": [
    0.17,
    0.48000000000000004,
    0.73,
    0.89
  ]
}