{
  "train": {
    "qwk": 0.5260134092011821,
    "accuracy": 0.4229559748427673,
    "adjacent_accuracy": 0.8380503144654088,
    "mae": 0.7814465408805031,
    "raw_exact": 0.330188679245283,
    "raw_within1": 0.5031446540880503,
    "raw_mae": 2.610062893081761,
    "pct_mae": 22.172619047619047
  },
  "val": {
    "qwk": 0.6252900232018562,
    "accuracy": 0.45588235294117646,
    "adjacent_accuracy": 0.8676470588235294,
    "mae": 0.6838235294117647,
    "raw_exact": 0.34558823529411764,
    "raw_within1": 0.5808823529411765,
    "raw_mae": 2.264705882352941,
    "pct_mae": 19.368872549019606
  },
  "test": {
    "qwk": 0.5327498356344511,
    "accuracy": 0.44525547445255476,
    "adjacent_accuracy": 0.8540145985401459,
    "mae": 0.7445255474452555,
    "raw_exact": 0.31386861313868614,
    "raw_within1": 0.5182481751824818,
    "raw_mae": 2.437956204379562,
    "pct_mae": 20.456204379562045
  },
  "best_epoch": null,
  "calibrated_cuts": [
    0.01,
    0.3,
    0.44,
    0.76
  ]
}