{
  "train": {
    "qwk": 0.870526511090954,
    "accuracy": 0.7625786163522013,
    "adjacent_accuracy": 0.9654088050314465,
    "mae": 0.2783018867924528,
    "raw_exact": 0.5062893081761006,
    "raw_within1": 0.7610062893081762,
    "raw_mae": 1.0188679245283019,
    "pct_mae": 7.922094938604374
  },
  "val": {
    "qwk": 0.8875864141869552,
    "accuracy": 0.7647058823529411,
    "adjacent_accuracy": 0.9705882352941176,
    "mae": 0.2647058823529412,
    "raw_exact": 0.4852941176470588,
    "raw_within1": 0.7426470588235294,
    "raw_mae": 1.1397058823529411,
    "pct_mae": 8.982843137254902
  },
  "test": {
    "qwk": 0.7950538733927929,
    "accuracy": 0.7299270072992701,
    "adjacent_accuracy": 0.9343065693430657,
    "mae": 0.35766423357664234,
    "raw_exact": 0.48175182481751827,
    "raw_within1": 0.7153284671532847,
    "raw_mae": 1.3795620437956204,
    "pct_mae": 9.987834549878345
  },
  "best_epoch": null,
  "calibrated_cuts": [
    0.23,
    0.44,
    0.56,
    0.875
  ]
}