{
  "train": {
    "qwk": 0.6223132404229821,
    "accuracy": 0.5024154589371981,
    "adjacent_accuracy": 0.8599033816425121,
    "mae": 0.6751207729468599,
    "raw_exact": 0.2995169082125604,
    "raw_within1": 0.5929951690821256,
    "raw_mae": 1.8128019323671498,
    "pct_mae": 15.315159880377271
  },
  "val": {
    "qwk": 0.6042053451923493,
    "accuracy": 0.4943820224719101,
    "adjacent_accuracy": 0.848314606741573,
    "mae": 0.6966292134831461,
    "raw_exact": 0.28651685393258425,
    "raw_within1": 0.5730337078651685,
    "raw_mae": 1.9606741573033708,
    "pct_mae": 16.540262172284645
  },
  "test": {
    "qwk": 0.5868493263735584,
    "accuracy": 0.48314606741573035,
    "adjacent_accuracy": 0.8539325842696629,
    "mae": 0.7247191011235955,
    "raw_exact": 0.33707865168539325,
    "raw_within1": 0.6179775280898876,
    "raw_mae": 1.8595505617977528,
    "pct_mae": 15.000000000000002
  },
  "best_epoch": null,
  "calibrated_cuts": [
    0.43,
    0.62,
    0.7000000000000001,
    0.875
  ]
}