{
  "train": {
    "qwk": 0.9289650557188164,
    "accuracy": 0.8354632587859425,
    "adjacent_accuracy": 0.9952076677316294,
    "mae": 0.17092651757188498,
    "raw_exact": 0.24281150159744408,
    "raw_within1": 0.8338658146964856,
    "raw_mae": 0.9456869009584664,
    "pct_mae": 9.141183630001521
  },
  "val": {
    "qwk": 0.8230741212893826,
    "accuracy": 0.7611940298507462,
    "adjacent_accuracy": 0.9477611940298507,
    "mae": 0.29850746268656714,
    "raw_exact": 0.208955223880597,
    "raw_within1": 0.6567164179104478,
    "raw_mae": 1.537313432835821,
    "pct_mae": 13.396410803127218
  },
  "test": {
    "qwk": 0.8376161837069437,
    "accuracy": 0.7407407407407407,
    "adjacent_accuracy": 0.9629629629629629,
    "mae": 0.3037037037037037,
    "raw_exact": 0.15555555555555556,
    "raw_within1": 0.6814814814814815,
    "raw_mae": 1.488888888888889,
    "pct_mae": 13.270723104056437
  },
  "best_epoch": null,
  "calibrated_cuts": [
    0.01,
    0.47000000000000003,
    0.63,
    0.81
  ]
}