{
  "train": {
    "qwk": 0.7955285626265294,
    "accuracy": 0.6376811594202898,
    "adjacent_accuracy": 0.964975845410628,
    "mae": 0.40096618357487923,
    "raw_exact": 0.4214975845410628,
    "raw_within1": 0.6968599033816425,
    "raw_mae": 1.1968599033816425,
    "pct_mae": 10.24657809983897
  },
  "val": {
    "qwk": 0.715235047994093,
    "accuracy": 0.6179775280898876,
    "adjacent_accuracy": 0.9269662921348315,
    "mae": 0.46629213483146065,
    "raw_exact": 0.3651685393258427,
    "raw_within1": 0.651685393258427,
    "raw_mae": 1.5337078651685394,
    "pct_mae": 13.08052434456929
  },
  "test": {
    "qwk": 0.6952210580117557,
    "accuracy": 0.6348314606741573,
    "adjacent_accuracy": 0.898876404494382,
    "mae": 0.48314606741573035,
    "raw_exact": 0.4438202247191011,
    "raw_within1": 0.6797752808988764,
    "raw_mae": 1.5393258426966292,
    "pct_mae": 12.354868913857677
  },
  "best_epoch": null,
  "calibrated_cuts": [
    0.16,
    0.41000000000000003,
    0.6,
    0.86
  ]
}