{
  "train": {
    "qwk": 0.8180319472190701,
    "accuracy": 0.6086261980830671,
    "adjacent_accuracy": 0.950479233226837,
    "mae": 0.44568690095846647,
    "raw_exact": 0.4744408945686901,
    "raw_within1": 0.7891373801916933,
    "raw_mae": 0.9840255591054313,
    "pct_mae": 8.052449414270502
  },
  "val": {
    "qwk": 0.7456543456543456,
    "accuracy": 0.5970149253731343,
    "adjacent_accuracy": 0.9104477611940298,
    "mae": 0.5,
    "raw_exact": 0.40298507462686567,
    "raw_within1": 0.6268656716417911,
    "raw_mae": 1.671641791044776,
    "pct_mae": 12.88557213930348
  },
  "test": {
    "qwk": 0.7561959654178674,
    "accuracy": 0.6074074074074074,
    "adjacent_accuracy": 0.9111111111111111,
    "mae": 0.4888888888888889,
    "raw_exact": 0.4740740740740741,
    "raw_within1": 0.7555555555555555,
    "raw_mae": 1.288888888888889,
    "pct_mae": 9.981481481481481
  },
  "best_epoch": null,
  "calibrated_cuts": [
    0.3,
    0.43,
    0.75,
    0.9500000000000001
  ]
}