{
  "train": {
    "qwk": 0.800781562494697,
    "accuracy": 0.6763285024154589,
    "adjacent_accuracy": 0.9480676328502415,
    "mae": 0.3756038647342995,
    "raw_exact": 0.38405797101449274,
    "raw_within1": 0.6920289855072463,
    "raw_mae": 1.2210144927536233,
    "pct_mae": 10.283097538532322
  },
  "val": {
    "qwk": 0.6971058291813008,
    "accuracy": 0.6123595505617978,
    "adjacent_accuracy": 0.9044943820224719,
    "mae": 0.4887640449438202,
    "raw_exact": 0.37640449438202245,
    "raw_within1": 0.601123595505618,
    "raw_mae": 1.6179775280898876,
    "pct_mae": 13.28183520599251
  },
  "test": {
    "qwk": 0.746708513977179,
    "accuracy": 0.651685393258427,
    "adjacent_accuracy": 0.9157303370786517,
    "mae": 0.43258426966292135,
    "raw_exact": 0.4606741573033708,
    "raw_within1": 0.6741573033707865,
    "raw_mae": 1.4550561797752808,
    "pct_mae": 11.352996254681647
  },
  "best_epoch": null,
  "calibrated_cuts": [
    0.17,
    0.38,
    0.7100000000000001,
    0.85
  ]
}