{
  "train": {
    "qwk": 0.9023154600566039,
    "cohen_kappa": 0.6819371032934699,
    "accuracy": 0.7859424920127795,
    "precision_macro": 0.6143246804518026,
    "recall_macro": 0.5752294859359282,
    "f1_macro": 0.581039871382277,
    "adjacent_accuracy": 0.9936102236421726,
    "mae": 0.22044728434504793,
    "raw_exact": 0.28115015974440893,
    "raw_within1": 0.8626198083067093,
    "raw_mae": 0.889776357827476,
    "pct_mae": 8.142781074090978
  },
  "val": {
    "qwk": 0.772209903917221,
    "cohen_kappa": 0.5361828865813412,
    "accuracy": 0.6791044776119403,
    "precision_macro": 0.5455131964809384,
    "recall_macro": 0.5012048524951751,
    "f1_macro": 0.4906409887898821,
    "adjacent_accuracy": 0.9477611940298507,
    "mae": 0.3805970149253731,
    "raw_exact": 0.2537313432835821,
    "raw_within1": 0.664179104477612,
    "raw_mae": 1.5,
    "pct_mae": 12.513326226012792
  },
  "test": {
    "qwk": 0.8011109769351528,
    "cohen_kappa": 0.47416534181240066,
    "accuracy": 0.6370370370370371,
    "precision_macro": 0.48178100167675153,
    "recall_macro": 0.42275659824046913,
    "f1_macro": 0.4254982405852812,
    "adjacent_accuracy": 0.9703703703703703,
    "mae": 0.3925925925925926,
    "raw_exact": 0.1925925925925926,
    "raw_within1": 0.6888888888888889,
    "raw_mae": 1.4370370370370371,
    "pct_mae": 12.41269841269841
  },
  "best_epoch": null
}