{
  "train": {
    "qwk": 0.8299000046222824,
    "cohen_kappa": 0.563846770991191,
    "accuracy": 0.6859903381642513,
    "precision_macro": 0.7697426560786458,
    "recall_macro": 0.6408236549374954,
    "f1_macro": 0.6728485751854935,
    "adjacent_accuracy": 0.9758454106280193,
    "mae": 0.33816425120772947,
    "raw_exact": 0.21859903381642512,
    "raw_within1": 0.7415458937198067,
    "raw_mae": 1.1509661835748792,
    "pct_mae": 10.525506096158269
  },
  "val": {
    "qwk": 0.6638828333691547,
    "cohen_kappa": 0.3365322822501179,
    "accuracy": 0.5112359550561798,
    "precision_macro": 0.7181475774696113,
    "recall_macro": 0.4852702220318412,
    "f1_macro": 0.5268615984405458,
    "adjacent_accuracy": 0.9325842696629213,
    "mae": 0.5561797752808989,
    "raw_exact": 0.24157303370786518,
    "raw_within1": 0.5898876404494382,
    "raw_mae": 1.6123595505617978,
    "pct_mae": 14.320492241840558
  },
  "test": {
    "qwk": 0.7455418987826805,
    "cohen_kappa": 0.5034001743679164,
    "accuracy": 0.6404494382022472,
    "precision_macro": 0.5571407246284094,
    "recall_macro": 0.4913365358137257,
    "f1_macro": 0.4923896939023983,
    "adjacent_accuracy": 0.9382022471910112,
    "mae": 0.42134831460674155,
    "raw_exact": 0.2808988764044944,
    "raw_within1": 0.6853932584269663,
    "raw_mae": 1.4775280898876404,
    "pct_mae": 12.62506688068486
  },
  "best_epoch": null
}