{
  "train": {
    "qwk": 0.5718427540419636,
    "accuracy": 0.46645367412140576,
    "adjacent_accuracy": 0.8035143769968051,
    "mae": 0.7300319488817891,
    "raw_exact": 0.36421725239616615,
    "raw_within1": 0.5559105431309904,
    "raw_mae": 1.878594249201278,
    "pct_mae": 15.945534763426137
  },
  "val": {
    "qwk": 0.606419206538396,
    "accuracy": 0.5074626865671642,
    "adjacent_accuracy": 0.8208955223880597,
    "mae": 0.6716417910447762,
    "raw_exact": 0.3358208955223881,
    "raw_within1": 0.5373134328358209,
    "raw_mae": 2.1044776119402986,
    "pct_mae": 16.679104477611943
  },
  "test": {
    "qwk": 0.6109510086455332,
    "accuracy": 0.5111111111111111,
    "adjacent_accuracy": 0.8296296296296296,
    "mae": 0.6592592592592592,
    "raw_exact": 0.3925925925925926,
    "raw_within1": 0.5185185185185185,
    "raw_mae": 2.0296296296296297,
    "pct_mae": 16.37037037037037
  },
  "best_epoch": null,
  "calibrated_cuts": [
    0.23,
    0.56,
    0.8300000000000001,
    0.875
  ]
}