{
  "train": {
    "qwk": 0.8162671112259035,
    "accuracy": 0.6421725239616614,
    "adjacent_accuracy": 0.9488817891373802,
    "mae": 0.4185303514376997,
    "raw_exact": 0.5,
    "raw_within1": 0.755591054313099,
    "raw_mae": 1.1309904153354633,
    "pct_mae": 9.037920279933061
  },
  "val": {
    "qwk": 0.728374744109501,
    "accuracy": 0.5970149253731343,
    "adjacent_accuracy": 0.8955223880597015,
    "mae": 0.5149253731343284,
    "raw_exact": 0.4253731343283582,
    "raw_within1": 0.6343283582089553,
    "raw_mae": 1.664179104477612,
    "pct_mae": 13.022388059701493
  },
  "test": {
    "qwk": 0.712502294841197,
    "accuracy": 0.6518518518518519,
    "adjacent_accuracy": 0.8666666666666667,
    "mae": 0.5037037037037037,
    "raw_exact": 0.5185185185185185,
    "raw_within1": 0.7037037037037037,
    "raw_mae": 1.4222222222222223,
    "pct_mae": 10.82716049382716
  },
  "best_epoch": null,
  "calibrated_cuts": [
    0.48000000000000004,
    0.53,
    0.65,
    0.875
  ]
}