{
  "train": {
    "qwk": 0.9031739157334653,
    "cohen_kappa": 0.6843705455979134,
    "accuracy": 0.7875399361022364,
    "precision_macro": 0.6158604828956191,
    "recall_macro": 0.5781228872640202,
    "f1_macro": 0.5838970951199975,
    "adjacent_accuracy": 0.9936102236421726,
    "mae": 0.21884984025559107,
    "raw_exact": 0.22044728434504793,
    "raw_within1": 0.8594249201277955,
    "raw_mae": 0.9600638977635783,
    "pct_mae": 9.423398752472234
  },
  "val": {
    "qwk": 0.7559259444084037,
    "cohen_kappa": 0.4965225037972659,
    "accuracy": 0.6492537313432836,
    "precision_macro": 0.5308501358501359,
    "recall_macro": 0.4787730907085746,
    "f1_macro": 0.4704138259077215,
    "adjacent_accuracy": 0.9477611940298507,
    "mae": 0.41044776119402987,
    "raw_exact": 0.17164179104477612,
    "raw_within1": 0.7238805970149254,
    "raw_mae": 1.5223880597014925,
    "pct_mae": 13.5456645344705
  },
  "test": {
    "qwk": 0.8025834755057275,
    "cohen_kappa": 0.48648862825897465,
    "accuracy": 0.6444444444444445,
    "precision_macro": 0.4927272727272728,
    "recall_macro": 0.4385272075594656,
    "f1_macro": 0.4375969536225618,
    "adjacent_accuracy": 0.9703703703703703,
    "mae": 0.3851851851851852,
    "raw_exact": 0.14074074074074075,
    "raw_within1": 0.7185185185185186,
    "raw_mae": 1.451851851851852,
    "pct_mae": 13.14726631393298
  },
  "best_epoch": null
}