{
  "train": {
    "qwk": 0.7336710876573953,
    "accuracy": 0.6357827476038339,
    "adjacent_accuracy": 0.9105431309904153,
    "mae": 0.46645367412140576,
    "raw_exact": 0.3722044728434505,
    "raw_within1": 0.6357827476038339,
    "raw_mae": 1.6086261980830672,
    "pct_mae": 13.268294538262593
  },
  "val": {
    "qwk": 0.6921898928024501,
    "accuracy": 0.6044776119402985,
    "adjacent_accuracy": 0.8731343283582089,
    "mae": 0.5373134328358209,
    "raw_exact": 0.3582089552238806,
    "raw_within1": 0.5522388059701493,
    "raw_mae": 1.9029850746268657,
    "pct_mae": 15.068407960199004
  },
  "test": {
    "qwk": 0.7506104682025693,
    "accuracy": 0.6370370370370371,
    "adjacent_accuracy": 0.9185185185185185,
    "mae": 0.45185185185185184,
    "raw_exact": 0.4222222222222222,
    "raw_within1": 0.6074074074074074,
    "raw_mae": 1.5851851851851853,
    "pct_mae": 12.672839506172837
  },
  "best_epoch": null,
  "calibrated_cuts": [
    0.21000000000000002,
    0.23,
    0.67,
    0.68
  ]
}