{
  "train": {
    "qwk": 0.9072837150127226,
    "cohen_kappa": 0.69443400861197,
    "accuracy": 0.7908805031446541,
    "precision_macro": 0.806713665351773,
    "recall_macro": 0.7071298448857786,
    "f1_macro": 0.7373042982230971,
    "adjacent_accuracy": 0.9889937106918238,
    "mae": 0.22012578616352202,
    "raw_exact": 0.2940251572327044,
    "raw_within1": 0.8411949685534591,
    "raw_mae": 0.9339622641509434,
    "pct_mae": 8.492437855645402
  },
  "val": {
    "qwk": 0.8510251322751323,
    "cohen_kappa": 0.5028002489110144,
    "accuracy": 0.6544117647058824,
    "precision_macro": 0.6777311419467958,
    "recall_macro": 0.5592473118279571,
    "f1_macro": 0.5969419659879509,
    "adjacent_accuracy": 0.9852941176470589,
    "mae": 0.3602941176470588,
    "raw_exact": 0.2867647058823529,
    "raw_within1": 0.7132352941176471,
    "raw_mae": 1.3161764705882353,
    "pct_mae": 11.636029411764705
  },
  "test": {
    "qwk": 0.7876525421878753,
    "cohen_kappa": 0.49231838184204435,
    "accuracy": 0.6496350364963503,
    "precision_macro": 0.5237365444261995,
    "recall_macro": 0.46190941674812647,
    "f1_macro": 0.47057494967349134,
    "adjacent_accuracy": 0.9562043795620438,
    "mae": 0.40145985401459855,
    "raw_exact": 0.23357664233576642,
    "raw_within1": 0.7226277372262774,
    "raw_mae": 1.4233576642335766,
    "pct_mae": 12.28797358359402
  },
  "best_epoch": null
}