{
  "train": {
    "qwk": 0.8031848537478441,
    "accuracy": 0.707667731629393,
    "adjacent_accuracy": 0.9424920127795527,
    "mae": 0.3562300319488818,
    "raw_exact": 0.4968051118210863,
    "raw_within1": 0.7539936102236422,
    "raw_mae": 1.1932907348242812,
    "pct_mae": 9.470561387494296
  },
  "val": {
    "qwk": 0.6907333217209546,
    "accuracy": 0.6343283582089553,
    "adjacent_accuracy": 0.8955223880597015,
    "mae": 0.4925373134328358,
    "raw_exact": 0.43283582089552236,
    "raw_within1": 0.6567164179104478,
    "raw_mae": 1.7985074626865671,
    "pct_mae": 13.868159203980099
  },
  "test": {
    "qwk": 0.7221124857053748,
    "accuracy": 0.6962962962962963,
    "adjacent_accuracy": 0.8814814814814815,
    "mae": 0.43703703703703706,
    "raw_exact": 0.5037037037037037,
    "raw_within1": 0.674074074074074,
    "raw_mae": 1.548148148148148,
    "pct_mae": 11.703703703703704
  },
  "best_epoch": null,
  "calibrated_cuts": [
    0.2,
    0.35000000000000003,
    0.74,
    0.91
  ]
}