{
  "train": {
    "qwk": 0.850581674685709,
    "accuracy": 0.7077294685990339,
    "adjacent_accuracy": 0.9698067632850241,
    "mae": 0.322463768115942,
    "raw_exact": 0.4227053140096618,
    "raw_within1": 0.7584541062801933,
    "raw_mae": 1.0096618357487923,
    "pct_mae": 8.771279043018174
  },
  "val": {
    "qwk": 0.7914171136919952,
    "accuracy": 0.6797752808988764,
    "adjacent_accuracy": 0.9382022471910112,
    "mae": 0.38202247191011235,
    "raw_exact": 0.3539325842696629,
    "raw_within1": 0.6460674157303371,
    "raw_mae": 1.3707865168539326,
    "pct_mae": 11.853932584269662
  },
  "test": {
    "qwk": 0.7612129189025008,
    "accuracy": 0.7191011235955056,
    "adjacent_accuracy": 0.9325842696629213,
    "mae": 0.3707865168539326,
    "raw_exact": 0.4606741573033708,
    "raw_within1": 0.7415730337078652,
    "raw_mae": 1.2134831460674158,
    "pct_mae": 9.822097378277155
  },
  "best_epoch": null,
  "calibrated_cuts": [
    0.17,
    0.375,
    0.64,
    0.8200000000000001
  ]
}