{
  "train": {
    "qwk": 0.5959081343294951,
    "accuracy": 0.4746376811594203,
    "adjacent_accuracy": 0.8635265700483091,
    "mae": 0.6896135265700483,
    "raw_exact": 0.20169082125603865,
    "raw_within1": 0.5434782608695652,
    "raw_mae": 1.9432367149758454,
    "pct_mae": 17.28188980906372
  },
  "val": {
    "qwk": 0.5828059813434585,
    "accuracy": 0.5,
    "adjacent_accuracy": 0.848314606741573,
    "mae": 0.6853932584269663,
    "raw_exact": 0.1797752808988764,
    "raw_within1": 0.4887640449438202,
    "raw_mae": 2.140449438202247,
    "pct_mae": 19.00214018191547
  },
  "test": {
    "qwk": 0.6179385303922913,
    "accuracy": 0.5280898876404494,
    "adjacent_accuracy": 0.8651685393258427,
    "mae": 0.6404494382022472,
    "raw_exact": 0.1797752808988764,
    "raw_within1": 0.5674157303370787,
    "raw_mae": 1.9719101123595506,
    "pct_mae": 17.227126805778493
  },
  "best_epoch": null,
  "calibrated_cuts": [
    0.42000000000000004,
    0.54,
    0.7000000000000001,
    0.77
  ]
}