{
  "train": {
    "qwk": 0.5561358358205206,
    "accuracy": 0.42995169082125606,
    "adjacent_accuracy": 0.8611111111111112,
    "mae": 0.7379227053140096,
    "raw_exact": 0.28140096618357485,
    "raw_within1": 0.5471014492753623,
    "raw_mae": 1.8973429951690821,
    "pct_mae": 16.389032666206578
  },
  "val": {
    "qwk": 0.5977121789853792,
    "accuracy": 0.47752808988764045,
    "adjacent_accuracy": 0.8764044943820225,
    "mae": 0.6685393258426966,
    "raw_exact": 0.2696629213483146,
    "raw_within1": 0.5561797752808989,
    "raw_mae": 2.0,
    "pct_mae": 17.485955056179776
  },
  "test": {
    "qwk": 0.5363073917290786,
    "accuracy": 0.449438202247191,
    "adjacent_accuracy": 0.8202247191011236,
    "mae": 0.7640449438202247,
    "raw_exact": 0.25842696629213485,
    "raw_within1": 0.5617977528089888,
    "raw_mae": 1.9662921348314606,
    "pct_mae": 16.686730872124127
  },
  "best_epoch": null,
  "calibrated_cuts": [
    0.47000000000000003,
    0.54,
    0.61,
    0.8300000000000001
  ]
}