{
  "train": {
    "qwk": 0.8565003900692947,
    "accuracy": 0.7358490566037735,
    "adjacent_accuracy": 0.9669811320754716,
    "mae": 0.29874213836477986,
    "raw_exact": 0.5031446540880503,
    "raw_within1": 0.7437106918238994,
    "raw_mae": 1.0738993710691824,
    "pct_mae": 8.378256963162624
  },
  "val": {
    "qwk": 0.8287082920383217,
    "accuracy": 0.7205882352941176,
    "adjacent_accuracy": 0.9558823529411765,
    "mae": 0.33088235294117646,
    "raw_exact": 0.49264705882352944,
    "raw_within1": 0.7352941176470589,
    "raw_mae": 1.25,
    "pct_mae": 9.767156862745098
  },
  "test": {
    "qwk": 0.8056656514664775,
    "accuracy": 0.708029197080292,
    "adjacent_accuracy": 0.9562043795620438,
    "mae": 0.35036496350364965,
    "raw_exact": 0.5693430656934306,
    "raw_within1": 0.7372262773722628,
    "raw_mae": 1.2335766423357664,
    "pct_mae": 9.051094890510948
  },
  "best_epoch": null,
  "calibrated_cuts": [
    0.125,
    0.42000000000000004,
    0.625,
    0.89
  ]
}