{
  "train": {
    "qwk": 0.9295392533194642,
    "accuracy": 0.8370607028753994,
    "adjacent_accuracy": 0.9952076677316294,
    "mae": 0.16932907348242812,
    "raw_exact": 0.28913738019169327,
    "raw_within1": 0.8338658146964856,
    "raw_mae": 0.8977635782747604,
    "pct_mae": 8.177392362695878
  },
  "val": {
    "qwk": 0.8230741212893826,
    "accuracy": 0.7611940298507462,
    "adjacent_accuracy": 0.9477611940298507,
    "mae": 0.29850746268656714,
    "raw_exact": 0.2462686567164179,
    "raw_within1": 0.6567164179104478,
    "raw_mae": 1.5,
    "pct_mae": 12.774520255863536
  },
  "test": {
    "qwk": 0.8461201227531784,
    "accuracy": 0.7407407407407407,
    "adjacent_accuracy": 0.9703703703703703,
    "mae": 0.2962962962962963,
    "raw_exact": 0.17777777777777778,
    "raw_within1": 0.6814814814814815,
    "raw_mae": 1.4592592592592593,
    "pct_mae": 12.659611992945324
  },
  "best_epoch": null,
  "calibrated_cuts": [
    0.01,
    0.47000000000000003,
    0.625,
    0.81
  ]
}