{
  "train": {
    "qwk": 0.7423556629623813,
    "accuracy": 0.5628019323671497,
    "adjacent_accuracy": 0.9480676328502415,
    "mae": 0.49879227053140096,
    "raw_exact": 0.37922705314009664,
    "raw_within1": 0.6896135265700483,
    "raw_mae": 1.3140096618357489,
    "pct_mae": 11.322751322751321
  },
  "val": {
    "qwk": 0.7211059907834101,
    "accuracy": 0.550561797752809,
    "adjacent_accuracy": 0.9269662921348315,
    "mae": 0.5224719101123596,
    "raw_exact": 0.3202247191011236,
    "raw_within1": 0.6404494382022472,
    "raw_mae": 1.5842696629213484,
    "pct_mae": 13.820224719101123
  },
  "test": {
    "qwk": 0.7326132836747362,
    "accuracy": 0.6123595505617978,
    "adjacent_accuracy": 0.9213483146067416,
    "mae": 0.47752808988764045,
    "raw_exact": 0.4606741573033708,
    "raw_within1": 0.7471910112359551,
    "raw_mae": 1.3258426966292134,
    "pct_mae": 10.68820224719101
  },
  "best_epoch": null,
  "calibrated_cuts": [
    0.2,
    0.45,
    0.61,
    0.9600000000000001
  ]
}