{
  "train": {
    "qwk": 0.4689977088600461,
    "cohen_kappa": 0.16084657513894607,
    "accuracy": 0.365814696485623,
    "precision_macro": 0.3325648617062719,
    "recall_macro": 0.2646308468027446,
    "f1_macro": 0.2708661850234516,
    "adjacent_accuracy": 0.7955271565495208,
    "mae": 0.8674121405750799,
    "raw_exact": 0.21725239616613418,
    "raw_within1": 0.512779552715655,
    "raw_mae": 2.329073482428115,
    "pct_mae": 20.514795375019016
  },
  "val": {
    "qwk": 0.4388189602732676,
    "cohen_kappa": 0.17791411042944794,
    "accuracy": 0.3880597014925373,
    "precision_macro": 0.3415861400381524,
    "recall_macro": 0.2818582850840915,
    "f1_macro": 0.2791395616278471,
    "adjacent_accuracy": 0.8208955223880597,
    "mae": 0.8283582089552238,
    "raw_exact": 0.15671641791044777,
    "raw_within1": 0.5,
    "raw_mae": 2.462686567164179,
    "pct_mae": 20.995913290689412
  },
  "test": {
    "qwk": 0.4519385672860058,
    "cohen_kappa": 0.14500331394064359,
    "accuracy": 0.362962962962963,
    "precision_macro": 0.328956228956229,
    "recall_macro": 0.23807429130009777,
    "f1_macro": 0.2550920974450386,
    "adjacent_accuracy": 0.8074074074074075,
    "mae": 0.8666666666666667,
    "raw_exact": 0.2074074074074074,
    "raw_within1": 0.5185185185185185,
    "raw_mae": 2.2444444444444445,
    "pct_mae": 20.221340388007054
  },
  "best_epoch": null
}