{
  "train": {
    "qwk": 0.9261560057826479,
    "accuracy": 0.8317610062893082,
    "adjacent_accuracy": 0.9889937106918238,
    "mae": 0.18081761006289307,
    "raw_exact": 0.2468553459119497,
    "raw_within1": 0.839622641509434,
    "raw_mae": 0.960691823899371,
    "pct_mae": 9.122866127583109
  },
  "val": {
    "qwk": 0.8704107031736155,
    "accuracy": 0.7058823529411765,
    "adjacent_accuracy": 0.9779411764705882,
    "mae": 0.3161764705882353,
    "raw_exact": 0.23529411764705882,
    "raw_within1": 0.7205882352941176,
    "raw_mae": 1.3823529411764706,
    "pct_mae": 12.228641456582633
  },
  "test": {
    "qwk": 0.8327295290326454,
    "accuracy": 0.7372262773722628,
    "adjacent_accuracy": 0.9635036496350365,
    "mae": 0.31386861313868614,
    "raw_exact": 0.21897810218978103,
    "raw_within1": 0.6934306569343066,
    "raw_mae": 1.4452554744525548,
    "pct_mae": 12.612964893986792
  },
  "best_epoch": null,
  "calibrated_cuts": [
    0.125,
    0.47000000000000003,
    0.61,
    0.81
  ]
}