{
  "train": {
    "qwk": 0.6730729057865051,
    "accuracy": 0.44089456869009586,
    "adjacent_accuracy": 0.9201277955271565,
    "mae": 0.6437699680511182,
    "raw_exact": 0.365814696485623,
    "raw_within1": 0.6325878594249201,
    "raw_mae": 1.65814696485623,
    "pct_mae": 13.566674273543283
  },
  "val": {
    "qwk": 0.6577266922094508,
    "accuracy": 0.43283582089552236,
    "adjacent_accuracy": 0.9029850746268657,
    "mae": 0.6716417910447762,
    "raw_exact": 0.3358208955223881,
    "raw_within1": 0.5522388059701493,
    "raw_mae": 2.0,
    "pct_mae": 15.858208955223882
  },
  "test": {
    "qwk": 0.6427656850192061,
    "accuracy": 0.3925925925925926,
    "adjacent_accuracy": 0.8962962962962963,
    "mae": 0.7111111111111111,
    "raw_exact": 0.362962962962963,
    "raw_within1": 0.5703703703703704,
    "raw_mae": 1.7703703703703704,
    "pct_mae": 14.45679012345679
  },
  "best_epoch": null,
  "calibrated_cuts": [
    0.29000000000000004,
    0.5,
    0.6,
    0.9400000000000001
  ]
}