{
  "train": {
    "qwk": 0.8149796434086761,
    "accuracy": 0.6570048309178744,
    "adjacent_accuracy": 0.9625603864734299,
    "mae": 0.38164251207729466,
    "raw_exact": 0.4384057971014493,
    "raw_within1": 0.7246376811594203,
    "raw_mae": 1.0833333333333333,
    "pct_mae": 9.209224752703014
  },
  "val": {
    "qwk": 0.7554096960964807,
    "accuracy": 0.6404494382022472,
    "adjacent_accuracy": 0.9269662921348315,
    "mae": 0.43258426966292135,
    "raw_exact": 0.3707865168539326,
    "raw_within1": 0.6853932584269663,
    "raw_mae": 1.5056179775280898,
    "pct_mae": 12.593632958801496
  },
  "test": {
    "qwk": 0.7225146946077179,
    "accuracy": 0.6853932584269663,
    "adjacent_accuracy": 0.9044943820224719,
    "mae": 0.42696629213483145,
    "raw_exact": 0.398876404494382,
    "raw_within1": 0.7471910112359551,
    "raw_mae": 1.3820224719101124,
    "pct_mae": 11.114232209737827
  },
  "best_epoch": null,
  "calibrated_cuts": [
    0.2,
    0.45,
    0.62,
    0.875
  ]
}