{
  "train": {
    "qwk": 0.8445793420226131,
    "accuracy": 0.6992753623188406,
    "adjacent_accuracy": 0.9770531400966184,
    "mae": 0.32367149758454106,
    "raw_exact": 0.4504830917874396,
    "raw_within1": 0.75,
    "raw_mae": 0.9842995169082126,
    "pct_mae": 8.419887278582932
  },
  "val": {
    "qwk": 0.7886331995741545,
    "accuracy": 0.6629213483146067,
    "adjacent_accuracy": 0.949438202247191,
    "mae": 0.38764044943820225,
    "raw_exact": 0.4044943820224719,
    "raw_within1": 0.6573033707865169,
    "raw_mae": 1.3651685393258426,
    "pct_mae": 11.72752808988764
  },
  "test": {
    "qwk": 0.765032327586207,
    "accuracy": 0.6741573033707865,
    "adjacent_accuracy": 0.9438202247191011,
    "mae": 0.39325842696629215,
    "raw_exact": 0.449438202247191,
    "raw_within1": 0.7247191011235955,
    "raw_mae": 1.2359550561797752,
    "pct_mae": 10.121722846441946
  },
  "best_epoch": null,
  "calibrated_cuts": [
    0.060000000000000005,
    0.375,
    0.62,
    0.92
  ]
}