{
  "train": {
    "qwk": 0.801580436256517,
    "accuracy": 0.6606280193236715,
    "adjacent_accuracy": 0.9685990338164251,
    "mae": 0.37318840579710144,
    "raw_exact": 0.4444444444444444,
    "raw_within1": 0.7355072463768116,
    "raw_mae": 1.0640096618357489,
    "pct_mae": 9.054089026915111
  },
  "val": {
    "qwk": 0.7331026528258362,
    "accuracy": 0.6460674157303371,
    "adjacent_accuracy": 0.9325842696629213,
    "mae": 0.42696629213483145,
    "raw_exact": 0.3595505617977528,
    "raw_within1": 0.6460674157303371,
    "raw_mae": 1.4719101123595506,
    "pct_mae": 12.649812734082397
  },
  "test": {
    "qwk": 0.7086085238498447,
    "accuracy": 0.6573033707865169,
    "adjacent_accuracy": 0.9157303370786517,
    "mae": 0.43820224719101125,
    "raw_exact": 0.43258426966292135,
    "raw_within1": 0.7471910112359551,
    "raw_mae": 1.3146067415730338,
    "pct_mae": 10.510299625468166
  },
  "best_epoch": null,
  "calibrated_cuts": [
    0.16,
    0.29000000000000004,
    0.59,
    0.9
  ]
}