{
  "train": {
    "qwk": 0.8482361622219909,
    "accuracy": 0.7041062801932367,
    "adjacent_accuracy": 0.9758454106280193,
    "mae": 0.321256038647343,
    "raw_exact": 0.46618357487922707,
    "raw_within1": 0.7620772946859904,
    "raw_mae": 0.9480676328502415,
    "pct_mae": 8.257850241545894
  },
  "val": {
    "qwk": 0.7887658227848101,
    "accuracy": 0.6629213483146067,
    "adjacent_accuracy": 0.9438202247191011,
    "mae": 0.39325842696629215,
    "raw_exact": 0.38764044943820225,
    "raw_within1": 0.6853932584269663,
    "raw_mae": 1.3258426966292134,
    "pct_mae": 11.423220973782772
  },
  "test": {
    "qwk": 0.7672546405496872,
    "accuracy": 0.7134831460674157,
    "adjacent_accuracy": 0.9325842696629213,
    "mae": 0.3707865168539326,
    "raw_exact": 0.46629213483146065,
    "raw_within1": 0.7303370786516854,
    "raw_mae": 1.2247191011235956,
    "pct_mae": 9.925093632958802
  },
  "best_epoch": null,
  "calibrated_cuts": [
    0.06999999999999999,
    0.4,
    0.625,
    0.8400000000000001
  ]
}