{
  "train": {
    "qwk": 0.7731667120374934,
    "accuracy": 0.5958466453674122,
    "adjacent_accuracy": 0.9408945686900958,
    "mae": 0.4728434504792332,
    "raw_exact": 0.40415335463258784,
    "raw_within1": 0.6645367412140575,
    "raw_mae": 1.3466453674121406,
    "pct_mae": 10.910923474821239
  },
  "val": {
    "qwk": 0.7619214740074578,
    "accuracy": 0.5895522388059702,
    "adjacent_accuracy": 0.9477611940298507,
    "mae": 0.4701492537313433,
    "raw_exact": 0.3656716417910448,
    "raw_within1": 0.582089552238806,
    "raw_mae": 1.5970149253731343,
    "pct_mae": 12.568407960199005
  },
  "test": {
    "qwk": 0.7635350318471338,
    "accuracy": 0.6148148148148148,
    "adjacent_accuracy": 0.9111111111111111,
    "mae": 0.4740740740740741,
    "raw_exact": 0.4148148148148148,
    "raw_within1": 0.6444444444444445,
    "raw_mae": 1.4148148148148147,
    "pct_mae": 10.925925925925926
  },
  "best_epoch": null,
  "calibrated_cuts": [
    0.3,
    0.5,
    0.66,
    0.875
  ]
}