{
  "train": {
    "qwk": 0.544499522488517,
    "accuracy": 0.4696485623003195,
    "adjacent_accuracy": 0.8210862619808307,
    "mae": 0.7412140575079872,
    "raw_exact": 0.3258785942492013,
    "raw_within1": 0.5223642172523961,
    "raw_mae": 2.52555910543131,
    "pct_mae": 21.7760155180283
  },
  "val": {
    "qwk": 0.5501846257133267,
    "accuracy": 0.5298507462686567,
    "adjacent_accuracy": 0.8208955223880597,
    "mae": 0.6865671641791045,
    "raw_exact": 0.31343283582089554,
    "raw_within1": 0.5522388059701493,
    "raw_mae": 2.5671641791044775,
    "pct_mae": 20.764925373134332
  },
  "test": {
    "qwk": 0.5542656299925445,
    "accuracy": 0.5037037037037037,
    "adjacent_accuracy": 0.8074074074074075,
    "mae": 0.7037037037037037,
    "raw_exact": 0.34814814814814815,
    "raw_within1": 0.5259259259259259,
    "raw_mae": 2.3333333333333335,
    "pct_mae": 20.382716049382715
  },
  "best_epoch": null,
  "calibrated_cuts": [
    0.01,
    0.29000000000000004,
    0.59,
    0.76
  ]
}