{
  "train": {
    "qwk": 0.8039039712811308,
    "accuracy": 0.6485507246376812,
    "adjacent_accuracy": 0.966183574879227,
    "mae": 0.3864734299516908,
    "raw_exact": 0.44323671497584544,
    "raw_within1": 0.7234299516908212,
    "raw_mae": 1.078502415458937,
    "pct_mae": 9.105417529330573
  },
  "val": {
    "qwk": 0.7351041725164261,
    "accuracy": 0.651685393258427,
    "adjacent_accuracy": 0.9269662921348315,
    "mae": 0.42696629213483145,
    "raw_exact": 0.4044943820224719,
    "raw_within1": 0.6685393258426966,
    "raw_mae": 1.4438202247191012,
    "pct_mae": 12.162921348314606
  },
  "test": {
    "qwk": 0.7251242110917149,
    "accuracy": 0.6629213483146067,
    "adjacent_accuracy": 0.9157303370786517,
    "mae": 0.43258426966292135,
    "raw_exact": 0.449438202247191,
    "raw_within1": 0.7303370786516854,
    "raw_mae": 1.2921348314606742,
    "pct_mae": 10.266853932584269
  },
  "best_epoch": null,
  "calibrated_cuts": [
    0.01,
    0.44,
    0.56,
    0.88
  ]
}