{
  "train": {
    "qwk": 0.9127791364768805,
    "cohen_kappa": 0.6978274328001497,
    "accuracy": 0.7924528301886793,
    "precision_macro": 0.8087742960188399,
    "recall_macro": 0.7108510054663661,
    "f1_macro": 0.7384669643058904,
    "adjacent_accuracy": 0.9937106918238994,
    "mae": 0.2138364779874214,
    "raw_exact": 0.23270440251572327,
    "raw_within1": 0.8349056603773585,
    "raw_mae": 0.9716981132075472,
    "pct_mae": 9.23292902066487
  },
  "val": {
    "qwk": 0.8290568654646324,
    "cohen_kappa": 0.48655520456121426,
    "accuracy": 0.6397058823529411,
    "precision_macro": 0.6907817672523555,
    "recall_macro": 0.555315687896333,
    "f1_macro": 0.591411051070142,
    "adjacent_accuracy": 0.9779411764705882,
    "mae": 0.38235294117647056,
    "raw_exact": 0.22794117647058823,
    "raw_within1": 0.6911764705882353,
    "raw_mae": 1.4191176470588236,
    "pct_mae": 12.571778711484594
  },
  "test": {
    "qwk": 0.8269674665737555,
    "cohen_kappa": 0.5477159309021113,
    "accuracy": 0.6861313868613139,
    "precision_macro": 0.5522232304900181,
    "recall_macro": 0.5036135549038775,
    "f1_macro": 0.5082086809151947,
    "adjacent_accuracy": 0.9635036496350365,
    "mae": 0.35036496350364965,
    "raw_exact": 0.22627737226277372,
    "raw_within1": 0.656934306569343,
    "raw_mae": 1.489051094890511,
    "pct_mae": 12.874522071602362
  },
  "best_epoch": null
}