{
  "train": {
    "qwk": 0.8590816871329419,
    "accuracy": 0.7562893081761006,
    "adjacent_accuracy": 0.9559748427672956,
    "mae": 0.2908805031446541,
    "raw_exact": 0.4449685534591195,
    "raw_within1": 0.7924528301886793,
    "raw_mae": 1.0330188679245282,
    "pct_mae": 8.59707247678946
  },
  "val": {
    "qwk": 0.8801316201817612,
    "accuracy": 0.7573529411764706,
    "adjacent_accuracy": 0.9705882352941176,
    "mae": 0.27205882352941174,
    "raw_exact": 0.47058823529411764,
    "raw_within1": 0.7573529411764706,
    "raw_mae": 1.2205882352941178,
    "pct_mae": 10.196078431372548
  },
  "test": {
    "qwk": 0.7280564115167212,
    "accuracy": 0.7007299270072993,
    "adjacent_accuracy": 0.9051094890510949,
    "mae": 0.4306569343065693,
    "raw_exact": 0.46715328467153283,
    "raw_within1": 0.7153284671532847,
    "raw_mae": 1.467153284671533,
    "pct_mae": 11.36861313868613
  },
  "best_epoch": null,
  "calibrated_cuts": [
    0.125,
    0.4,
    0.65,
    0.875
  ]
}