{
  "train": {
    "qwk": 0.8386890724525853,
    "cohen_kappa": 0.5998592677067915,
    "accuracy": 0.711352657004831,
    "precision_macro": 0.7877656544042095,
    "recall_macro": 0.6665997333318096,
    "f1_macro": 0.6960770105733871,
    "adjacent_accuracy": 0.9734299516908212,
    "mae": 0.31521739130434784,
    "raw_exact": 0.21497584541062803,
    "raw_within1": 0.7451690821256038,
    "raw_mae": 1.1606280193236715,
    "pct_mae": 10.701633310328962
  },
  "val": {
    "qwk": 0.6585145210094518,
    "cohen_kappa": 0.38779669653093296,
    "accuracy": 0.5449438202247191,
    "precision_macro": 0.7538095238095238,
    "recall_macro": 0.5238346133055921,
    "f1_macro": 0.55302720060598,
    "adjacent_accuracy": 0.9213483146067416,
    "mae": 0.5337078651685393,
    "raw_exact": 0.23595505617977527,
    "raw_within1": 0.6123595505617978,
    "raw_mae": 1.5674157303370786,
    "pct_mae": 13.744649545211344
  },
  "test": {
    "qwk": 0.7741250073776781,
    "cohen_kappa": 0.5660804457600557,
    "accuracy": 0.6853932584269663,
    "precision_macro": 0.5867073604361741,
    "recall_macro": 0.5296044222786567,
    "f1_macro": 0.5238779490881285,
    "adjacent_accuracy": 0.9438202247191011,
    "mae": 0.3707865168539326,
    "raw_exact": 0.2696629213483146,
    "raw_within1": 0.6966292134831461,
    "raw_mae": 1.4325842696629214,
    "pct_mae": 12.461209202782236
  },
  "best_epoch": null
}