{
  "train": {
    "qwk": 0.8232154769846565,
    "accuracy": 0.7154088050314465,
    "adjacent_accuracy": 0.9481132075471698,
    "mae": 0.34591194968553457,
    "raw_exact": 0.4418238993710692,
    "raw_within1": 0.7547169811320755,
    "raw_mae": 1.2059748427672956,
    "pct_mae": 9.668688230008984
  },
  "val": {
    "qwk": 0.8372567482736974,
    "accuracy": 0.7205882352941176,
    "adjacent_accuracy": 0.9558823529411765,
    "mae": 0.33088235294117646,
    "raw_exact": 0.4117647058823529,
    "raw_within1": 0.7279411764705882,
    "raw_mae": 1.2573529411764706,
    "pct_mae": 10.539215686274508
  },
  "test": {
    "qwk": 0.7567722352671669,
    "accuracy": 0.708029197080292,
    "adjacent_accuracy": 0.9197080291970803,
    "mae": 0.40145985401459855,
    "raw_exact": 0.40145985401459855,
    "raw_within1": 0.7737226277372263,
    "raw_mae": 1.4233576642335766,
    "pct_mae": 11.082725060827249
  },
  "best_epoch": null,
  "calibrated_cuts": [
    0.125,
    0.375,
    0.64,
    0.91
  ]
}