{
  "train": {
    "qwk": 0.8924527455772551,
    "accuracy": 0.7672955974842768,
    "adjacent_accuracy": 0.9827044025157232,
    "mae": 0.25,
    "raw_exact": 0.5330188679245284,
    "raw_within1": 0.8160377358490566,
    "raw_mae": 0.8443396226415094,
    "pct_mae": 6.745283018867925
  },
  "val": {
    "qwk": 0.876053143227479,
    "accuracy": 0.7352941176470589,
    "adjacent_accuracy": 0.9779411764705882,
    "mae": 0.2867647058823529,
    "raw_exact": 0.5588235294117647,
    "raw_within1": 0.7647058823529411,
    "raw_mae": 1.0735294117647058,
    "pct_mae": 8.566176470588236
  },
  "test": {
    "qwk": 0.7355656260490098,
    "accuracy": 0.656934306569343,
    "adjacent_accuracy": 0.927007299270073,
    "mae": 0.43795620437956206,
    "raw_exact": 0.5036496350364964,
    "raw_within1": 0.7299270072992701,
    "raw_mae": 1.2992700729927007,
    "pct_mae": 9.878345498783453
  },
  "best_epoch": null,
  "calibrated_cuts": [
    0.06999999999999999,
    0.375,
    0.65,
    0.89
  ]
}