{
  "train": {
    "qwk": 0.7653103314407725,
    "accuracy": 0.6367924528301887,
    "adjacent_accuracy": 0.940251572327044,
    "mae": 0.42924528301886794,
    "raw_exact": 0.3757861635220126,
    "raw_within1": 0.6650943396226415,
    "raw_mae": 1.4449685534591195,
    "pct_mae": 11.67377957472297
  },
  "val": {
    "qwk": 0.8210217466344494,
    "accuracy": 0.6838235294117647,
    "adjacent_accuracy": 0.9558823529411765,
    "mae": 0.3602941176470588,
    "raw_exact": 0.375,
    "raw_within1": 0.6544117647058824,
    "raw_mae": 1.5,
    "pct_mae": 12.162990196078432
  },
  "test": {
    "qwk": 0.6769874104719962,
    "accuracy": 0.6131386861313869,
    "adjacent_accuracy": 0.9197080291970803,
    "mae": 0.49635036496350365,
    "raw_exact": 0.3795620437956204,
    "raw_within1": 0.6277372262773723,
    "raw_mae": 1.7591240875912408,
    "pct_mae": 13.461070559610707
  },
  "best_epoch": null,
  "calibrated_cuts": [
    0.01,
    0.375,
    0.56,
    0.8
  ]
}