{
  "train": {
    "qwk": 0.8358101261936197,
    "cohen_kappa": 0.6018619535966252,
    "accuracy": 0.7125603864734299,
    "precision_macro": 0.7894183494305501,
    "recall_macro": 0.6690341862262232,
    "f1_macro": 0.6975768876229625,
    "adjacent_accuracy": 0.9710144927536232,
    "mae": 0.3164251207729469,
    "raw_exact": 0.23429951690821257,
    "raw_within1": 0.7391304347826086,
    "raw_mae": 1.1630434782608696,
    "pct_mae": 10.679491603404646
  },
  "val": {
    "qwk": 0.6653823447161545,
    "cohen_kappa": 0.3821275875206367,
    "accuracy": 0.5393258426966292,
    "precision_macro": 0.7296431129147768,
    "recall_macro": 0.5211679466389254,
    "f1_macro": 0.54790542664906,
    "adjacent_accuracy": 0.9269662921348315,
    "mae": 0.5337078651685393,
    "raw_exact": 0.2303370786516854,
    "raw_within1": 0.5898876404494382,
    "raw_mae": 1.5617977528089888,
    "pct_mae": 13.93191546281434
  },
  "test": {
    "qwk": 0.7646493178676603,
    "cohen_kappa": 0.5503484320557491,
    "accuracy": 0.6741573033707865,
    "precision_macro": 0.5795432254448648,
    "recall_macro": 0.5150280370019071,
    "f1_macro": 0.5043917063462071,
    "adjacent_accuracy": 0.9438202247191011,
    "mae": 0.38202247191011235,
    "raw_exact": 0.24719101123595505,
    "raw_within1": 0.7191011235955056,
    "raw_mae": 1.4325842696629214,
    "pct_mae": 12.531433921883359
  },
  "best_epoch": null
}