{
  "train": {
    "qwk": 0.6847651995017102,
    "accuracy": 0.5990415335463258,
    "adjacent_accuracy": 0.8817891373801917,
    "mae": 0.5319488817891374,
    "raw_exact": 0.2827476038338658,
    "raw_within1": 0.6741214057507987,
    "raw_mae": 1.6964856230031948,
    "pct_mae": 14.722729347329985
  },
  "val": {
    "qwk": 0.6381364667078953,
    "accuracy": 0.5970149253731343,
    "adjacent_accuracy": 0.8582089552238806,
    "mae": 0.5746268656716418,
    "raw_exact": 0.20149253731343283,
    "raw_within1": 0.6343283582089553,
    "raw_mae": 1.9850746268656716,
    "pct_mae": 16.860341151385928
  },
  "test": {
    "qwk": 0.6638543059985595,
    "accuracy": 0.6296296296296297,
    "adjacent_accuracy": 0.8740740740740741,
    "mae": 0.5259259259259259,
    "raw_exact": 0.23703703703703705,
    "raw_within1": 0.6074074074074074,
    "raw_mae": 1.9185185185185185,
    "pct_mae": 16.134920634920636
  },
  "best_epoch": null,
  "calibrated_cuts": [
    0.34,
    0.375,
    0.625,
    0.75
  ]
}