{
  "train": {
    "qwk": 0.6940876392915363,
    "accuracy": 0.6054313099041534,
    "adjacent_accuracy": 0.8610223642172524,
    "mae": 0.5415335463258786,
    "raw_exact": 0.2795527156549521,
    "raw_within1": 0.6214057507987221,
    "raw_mae": 1.779552715654952,
    "pct_mae": 15.042788680967595
  },
  "val": {
    "qwk": 0.7574507492843914,
    "accuracy": 0.6716417910447762,
    "adjacent_accuracy": 0.8955223880597015,
    "mae": 0.43283582089552236,
    "raw_exact": 0.2537313432835821,
    "raw_within1": 0.6119402985074627,
    "raw_mae": 1.8656716417910448,
    "pct_mae": 15.385572139303482
  },
  "test": {
    "qwk": 0.6533232628398792,
    "accuracy": 0.6296296296296297,
    "adjacent_accuracy": 0.837037037037037,
    "mae": 0.562962962962963,
    "raw_exact": 0.2740740740740741,
    "raw_within1": 0.6370370370370371,
    "raw_mae": 1.8666666666666667,
    "pct_mae": 15.104938271604937
  },
  "best_epoch": null,
  "calibrated_cuts": [
    0.5700000000000001,
    0.5800000000000001,
    0.8,
    0.89
  ]
}