{
  "train": {
    "qwk": 0.8932469304229195,
    "accuracy": 0.7987220447284346,
    "adjacent_accuracy": 0.9776357827476039,
    "mae": 0.2268370607028754,
    "raw_exact": 0.5926517571884984,
    "raw_within1": 0.8738019169329073,
    "raw_mae": 0.694888178913738,
    "pct_mae": 5.645823824737563
  },
  "val": {
    "qwk": 0.8468056489576328,
    "accuracy": 0.7686567164179104,
    "adjacent_accuracy": 0.9626865671641791,
    "mae": 0.27611940298507465,
    "raw_exact": 0.5,
    "raw_within1": 0.7761194029850746,
    "raw_mae": 1.1417910447761195,
    "pct_mae": 8.992537313432836
  },
  "test": {
    "qwk": 0.8350525788683024,
    "accuracy": 0.7333333333333333,
    "adjacent_accuracy": 0.9629629629629629,
    "mae": 0.31851851851851853,
    "raw_exact": 0.5407407407407407,
    "raw_within1": 0.8074074074074075,
    "raw_mae": 1.0,
    "pct_mae": 7.87037037037037
  },
  "best_epoch": null,
  "calibrated_cuts": [
    0.125,
    0.43,
    0.625,
    0.92
  ]
}