{
  "train": {
    "qwk": 0.876904061295148,
    "accuracy": 0.7204472843450479,
    "adjacent_accuracy": 0.9792332268370607,
    "mae": 0.3035143769968051,
    "raw_exact": 0.5319488817891374,
    "raw_within1": 0.8115015974440895,
    "raw_mae": 0.853035143769968,
    "pct_mae": 6.8703407880724185
  },
  "val": {
    "qwk": 0.7889098928796472,
    "accuracy": 0.6567164179104478,
    "adjacent_accuracy": 0.9402985074626866,
    "mae": 0.41044776119402987,
    "raw_exact": 0.4552238805970149,
    "raw_within1": 0.7089552238805971,
    "raw_mae": 1.3955223880597014,
    "pct_mae": 10.771144278606966
  },
  "test": {
    "qwk": 0.7844626168224299,
    "accuracy": 0.6888888888888889,
    "adjacent_accuracy": 0.9259259259259259,
    "mae": 0.4,
    "raw_exact": 0.4740740740740741,
    "raw_within1": 0.7481481481481481,
    "raw_mae": 1.237037037037037,
    "pct_mae": 9.413580246913579
  },
  "best_epoch": null,
  "calibrated_cuts": [
    0.26,
    0.42000000000000004,
    0.6900000000000001,
    0.875
  ]
}