{
  "train": {
    "qwk": 0.8754624537546245,
    "accuracy": 0.7940251572327044,
    "adjacent_accuracy": 0.9559748427672956,
    "mae": 0.2562893081761006,
    "raw_exact": 0.5062893081761006,
    "raw_within1": 0.7845911949685535,
    "raw_mae": 0.9811320754716981,
    "pct_mae": 7.9380053908355785
  },
  "val": {
    "qwk": 0.8704951655435101,
    "accuracy": 0.7720588235294118,
    "adjacent_accuracy": 0.9485294117647058,
    "mae": 0.27941176470588236,
    "raw_exact": 0.45588235294117646,
    "raw_within1": 0.7720588235294118,
    "raw_mae": 1.125,
    "pct_mae": 9.497549019607842
  },
  "test": {
    "qwk": 0.7539934907036774,
    "accuracy": 0.7153284671532847,
    "adjacent_accuracy": 0.8978102189781022,
    "mae": 0.40875912408759124,
    "raw_exact": 0.4306569343065693,
    "raw_within1": 0.7372262773722628,
    "raw_mae": 1.4087591240875912,
    "pct_mae": 11.12530413625304
  },
  "best_epoch": null,
  "calibrated_cuts": [
    0.17,
    0.29000000000000004,
    0.79,
    0.8
  ]
}