{
  "train": {
    "qwk": 0.9051089903712718,
    "cohen_kappa": 0.6846335661580885,
    "accuracy": 0.7875399361022364,
    "precision_macro": 0.6167211328976034,
    "recall_macro": 0.5798200907355727,
    "f1_macro": 0.5849714907268193,
    "adjacent_accuracy": 0.9952076677316294,
    "mae": 0.21725239616613418,
    "raw_exact": 0.268370607028754,
    "raw_within1": 0.854632587859425,
    "raw_mae": 0.9105431309904153,
    "pct_mae": 8.611364673664992
  },
  "val": {
    "qwk": 0.7624706646027862,
    "cohen_kappa": 0.5160125210691067,
    "accuracy": 0.664179104477612,
    "precision_macro": 0.5362038650148406,
    "recall_macro": 0.488127929418252,
    "f1_macro": 0.47376097105508863,
    "adjacent_accuracy": 0.9477611940298507,
    "mae": 0.39552238805970147,
    "raw_exact": 0.20149253731343283,
    "raw_within1": 0.6940298507462687,
    "raw_mae": 1.492537313432836,
    "pct_mae": 12.961087420042642
  },
  "test": {
    "qwk": 0.7945508100147276,
    "cohen_kappa": 0.4655581947743468,
    "accuracy": 0.6296296296296297,
    "precision_macro": 0.4782854443769673,
    "recall_macro": 0.4208374063212773,
    "f1_macro": 0.4180637780637781,
    "adjacent_accuracy": 0.9703703703703703,
    "mae": 0.4,
    "raw_exact": 0.18518518518518517,
    "raw_within1": 0.7111111111111111,
    "raw_mae": 1.4370370370370371,
    "pct_mae": 12.604056437389769
  },
  "best_epoch": null
}