{
  "train": {
    "qwk": 0.8359838667627708,
    "cohen_kappa": 0.6020372307555606,
    "accuracy": 0.7125603864734299,
    "precision_macro": 0.7896023287857653,
    "recall_macro": 0.670029982659313,
    "f1_macro": 0.6985690206711903,
    "adjacent_accuracy": 0.9710144927536232,
    "mae": 0.3164251207729469,
    "raw_exact": 0.23792270531400966,
    "raw_within1": 0.7596618357487923,
    "raw_mae": 1.1328502415458936,
    "pct_mae": 10.356423970554406
  },
  "val": {
    "qwk": 0.6653823447161545,
    "cohen_kappa": 0.3821275875206367,
    "accuracy": 0.5393258426966292,
    "precision_macro": 0.7296431129147768,
    "recall_macro": 0.5211679466389254,
    "f1_macro": 0.54790542664906,
    "adjacent_accuracy": 0.9269662921348315,
    "mae": 0.5337078651685393,
    "raw_exact": 0.23595505617977527,
    "raw_within1": 0.5955056179775281,
    "raw_mae": 1.5617977528089888,
    "pct_mae": 13.950642054574638
  },
  "test": {
    "qwk": 0.7729322416043669,
    "cohen_kappa": 0.5652098054610486,
    "accuracy": 0.6853932584269663,
    "precision_macro": 0.5852362707535121,
    "recall_macro": 0.5249904027578048,
    "f1_macro": 0.5178692368913608,
    "adjacent_accuracy": 0.9438202247191011,
    "mae": 0.3707865168539326,
    "raw_exact": 0.2640449438202247,
    "raw_within1": 0.7359550561797753,
    "raw_mae": 1.3932584269662922,
    "pct_mae": 12.081995719636168
  },
  "best_epoch": null
}