{
  "train": {
    "qwk": 0.9134461650906766,
    "cohen_kappa": 0.6998789660240339,
    "accuracy": 0.7940251572327044,
    "precision_macro": 0.8095771257681577,
    "recall_macro": 0.7115067431712842,
    "f1_macro": 0.7393725556758781,
    "adjacent_accuracy": 0.9937106918238994,
    "mae": 0.21226415094339623,
    "raw_exact": 0.25157232704402516,
    "raw_within1": 0.8301886792452831,
    "raw_mae": 0.9512578616352201,
    "pct_mae": 8.746817909553759
  },
  "val": {
    "qwk": 0.8290568654646324,
    "cohen_kappa": 0.48655520456121426,
    "accuracy": 0.6397058823529411,
    "precision_macro": 0.6907817672523555,
    "recall_macro": 0.555315687896333,
    "f1_macro": 0.591411051070142,
    "adjacent_accuracy": 0.9779411764705882,
    "mae": 0.38235294117647056,
    "raw_exact": 0.22794117647058823,
    "raw_within1": 0.6838235294117647,
    "raw_mae": 1.4264705882352942,
    "pct_mae": 12.418592436974789
  },
  "test": {
    "qwk": 0.8164627852326883,
    "cohen_kappa": 0.5188945721047408,
    "accuracy": 0.6642335766423357,
    "precision_macro": 0.5433740601503759,
    "recall_macro": 0.4876800260671228,
    "f1_macro": 0.49520324343380934,
    "adjacent_accuracy": 0.9635036496350365,
    "mae": 0.3722627737226277,
    "raw_exact": 0.22627737226277372,
    "raw_within1": 0.6642335766423357,
    "raw_mae": 1.4817518248175183,
    "pct_mae": 12.643378519290927
  },
  "best_epoch": null
}