{
  "train": {
    "qwk": 0.7440383254648586,
    "accuracy": 0.5314009661835749,
    "adjacent_accuracy": 0.9516908212560387,
    "mae": 0.5229468599033816,
    "raw_exact": 0.4214975845410628,
    "raw_within1": 0.6847826086956522,
    "raw_mae": 1.2789855072463767,
    "pct_mae": 10.823556475730388
  },
  "val": {
    "qwk": 0.6600561556168265,
    "accuracy": 0.4887640449438202,
    "adjacent_accuracy": 0.9157303370786517,
    "mae": 0.6123595505617978,
    "raw_exact": 0.3595505617977528,
    "raw_within1": 0.5842696629213483,
    "raw_mae": 1.7415730337078652,
    "pct_mae": 14.644194756554308
  },
  "test": {
    "qwk": 0.6731894529861885,
    "accuracy": 0.5898876404494382,
    "adjacent_accuracy": 0.8932584269662921,
    "mae": 0.5449438202247191,
    "raw_exact": 0.4044943820224719,
    "raw_within1": 0.6966292134831461,
    "raw_mae": 1.5617977528089888,
    "pct_mae": 12.523408239700377
  },
  "best_epoch": null,
  "calibrated_cuts": [
    0.34,
    0.4,
    0.6,
    0.93
  ]
}