{
  "train": {
    "qwk": 0.6028759225151166,
    "accuracy": 0.49033816425120774,
    "adjacent_accuracy": 0.8816425120772947,
    "mae": 0.6364734299516909,
    "raw_exact": 0.21739130434782608,
    "raw_within1": 0.5144927536231884,
    "raw_mae": 1.960144927536232,
    "pct_mae": 17.23645617667357
  },
  "val": {
    "qwk": 0.6045323261497444,
    "accuracy": 0.47191011235955055,
    "adjacent_accuracy": 0.9044943820224719,
    "mae": 0.6404494382022472,
    "raw_exact": 0.1797752808988764,
    "raw_within1": 0.48314606741573035,
    "raw_mae": 2.044943820224719,
    "pct_mae": 18.3607544141252
  },
  "test": {
    "qwk": 0.6174474872266227,
    "accuracy": 0.5674157303370787,
    "adjacent_accuracy": 0.8932584269662921,
    "mae": 0.5674157303370787,
    "raw_exact": 0.1853932584269663,
    "raw_within1": 0.5842696629213483,
    "raw_mae": 2.056179775280899,
    "pct_mae": 17.592295345104336
  },
  "best_epoch": null,
  "calibrated_cuts": [
    0.31,
    0.33,
    0.63,
    0.79
  ]
}