{
  "train": {
    "qwk": 0.9515867544812757,
    "accuracy": 0.8753993610223643,
    "adjacent_accuracy": 0.9984025559105432,
    "mae": 0.12619808306709265,
    "raw_exact": 0.6677316293929713,
    "raw_within1": 0.9137380191693291,
    "raw_mae": 0.46325878594249204,
    "pct_mae": 3.917731629392971
  },
  "val": {
    "qwk": 0.8464299615101847,
    "accuracy": 0.7985074626865671,
    "adjacent_accuracy": 0.9477611940298507,
    "mae": 0.26119402985074625,
    "raw_exact": 0.5597014925373134,
    "raw_within1": 0.7388059701492538,
    "raw_mae": 1.1194029850746268,
    "pct_mae": 8.799751243781094
  },
  "test": {
    "qwk": 0.8166244298023315,
    "accuracy": 0.7481481481481481,
    "adjacent_accuracy": 0.9555555555555556,
    "mae": 0.31851851851851853,
    "raw_exact": 0.5925925925925926,
    "raw_within1": 0.8,
    "raw_mae": 0.9333333333333333,
    "pct_mae": 7.2407407407407405
  },
  "best_epoch": null,
  "calibrated_cuts": [
    0.01,
    0.375,
    0.75,
    0.92
  ]
}