{
  "train": {
    "qwk": 0.8751499379917458,
    "accuracy": 0.7282608695652174,
    "adjacent_accuracy": 0.9830917874396136,
    "mae": 0.2886473429951691,
    "raw_exact": 0.5036231884057971,
    "raw_within1": 0.7946859903381642,
    "raw_mae": 0.8405797101449275,
    "pct_mae": 7.456866804692891
  },
  "val": {
    "qwk": 0.8012192237958851,
    "accuracy": 0.7078651685393258,
    "adjacent_accuracy": 0.9382022471910112,
    "mae": 0.3539325842696629,
    "raw_exact": 0.42134831460674155,
    "raw_within1": 0.7303370786516854,
    "raw_mae": 1.202247191011236,
    "pct_mae": 10.529026217228463
  },
  "test": {
    "qwk": 0.8161252001446206,
    "accuracy": 0.7584269662921348,
    "adjacent_accuracy": 0.949438202247191,
    "mae": 0.30337078651685395,
    "raw_exact": 0.5,
    "raw_within1": 0.7584269662921348,
    "raw_mae": 1.0674157303370786,
    "pct_mae": 8.792134831460674
  },
  "best_epoch": null,
  "calibrated_cuts": [
    0.17,
    0.36000000000000004,
    0.61,
    0.85
  ]
}