{
  "train": {
    "qwk": 0.8994856959177113,
    "accuracy": 0.8050314465408805,
    "adjacent_accuracy": 0.9748427672955975,
    "mae": 0.22169811320754718,
    "raw_exact": 0.5644654088050315,
    "raw_within1": 0.7924528301886793,
    "raw_mae": 0.8411949685534591,
    "pct_mae": 6.728623839472895
  },
  "val": {
    "qwk": 0.8653846153846154,
    "accuracy": 0.75,
    "adjacent_accuracy": 0.9632352941176471,
    "mae": 0.2867647058823529,
    "raw_exact": 0.5514705882352942,
    "raw_within1": 0.7132352941176471,
    "raw_mae": 1.1985294117647058,
    "pct_mae": 9.252450980392158
  },
  "test": {
    "qwk": 0.7507190233022245,
    "accuracy": 0.7372262773722628,
    "adjacent_accuracy": 0.8978102189781022,
    "mae": 0.38686131386861317,
    "raw_exact": 0.5036496350364964,
    "raw_within1": 0.7299270072992701,
    "raw_mae": 1.4233576642335766,
    "pct_mae": 10.328467153284672
  },
  "best_epoch": null,
  "calibrated_cuts": [
    0.125,
    0.375,
    0.54,
    0.875
  ]
}