{
  "train": {
    "qwk": 0.9093015005113008,
    "accuracy": 0.789308176100629,
    "adjacent_accuracy": 0.9842767295597484,
    "mae": 0.22641509433962265,
    "raw_exact": 0.48742138364779874,
    "raw_within1": 0.8254716981132075,
    "raw_mae": 0.8160377358490566,
    "pct_mae": 6.657494758909853
  },
  "val": {
    "qwk": 0.9079517326732673,
    "accuracy": 0.7647058823529411,
    "adjacent_accuracy": 0.9926470588235294,
    "mae": 0.2426470588235294,
    "raw_exact": 0.4852941176470588,
    "raw_within1": 0.7426470588235294,
    "raw_mae": 1.036764705882353,
    "pct_mae": 8.32720588235294
  },
  "test": {
    "qwk": 0.7497033507242009,
    "accuracy": 0.7007299270072993,
    "adjacent_accuracy": 0.9124087591240876,
    "mae": 0.41605839416058393,
    "raw_exact": 0.45985401459854014,
    "raw_within1": 0.7007299270072993,
    "raw_mae": 1.4233576642335766,
    "pct_mae": 10.419708029197079
  },
  "best_epoch": null,
  "calibrated_cuts": [
    0.125,
    0.41000000000000003,
    0.7000000000000001,
    0.91
  ]
}