{
  "train": {
    "qwk": 0.8077009321843867,
    "accuracy": 0.5772946859903382,
    "adjacent_accuracy": 0.9601449275362319,
    "mae": 0.46618357487922707,
    "raw_exact": 0.40458937198067635,
    "raw_within1": 0.7053140096618358,
    "raw_mae": 1.1666666666666667,
    "pct_mae": 9.972826086956523
  },
  "val": {
    "qwk": 0.7401038286826735,
    "accuracy": 0.5842696629213483,
    "adjacent_accuracy": 0.9213483146067416,
    "mae": 0.5056179775280899,
    "raw_exact": 0.3595505617977528,
    "raw_within1": 0.6404494382022472,
    "raw_mae": 1.5,
    "pct_mae": 12.833065810593899
  },
  "test": {
    "qwk": 0.7393180547792062,
    "accuracy": 0.5842696629213483,
    "adjacent_accuracy": 0.9213483146067416,
    "mae": 0.5112359550561798,
    "raw_exact": 0.4101123595505618,
    "raw_within1": 0.6741573033707865,
    "raw_mae": 1.4550561797752808,
    "pct_mae": 11.582397003745319
  },
  "best_epoch": null,
  "calibrated_cuts": [
    0.27,
    0.51,
    0.63,
    0.9
  ]
}