{
  "train": {
    "qwk": 0.9278049287719663,
    "accuracy": 0.8176100628930818,
    "adjacent_accuracy": 0.9921383647798742,
    "mae": 0.19025157232704404,
    "raw_exact": 0.5220125786163522,
    "raw_within1": 0.8286163522012578,
    "raw_mae": 0.7625786163522013,
    "pct_mae": 6.197776280323451
  },
  "val": {
    "qwk": 0.8918230989500477,
    "accuracy": 0.75,
    "adjacent_accuracy": 0.9852941176470589,
    "mae": 0.2647058823529412,
    "raw_exact": 0.5220588235294118,
    "raw_within1": 0.7352941176470589,
    "raw_mae": 1.1029411764705883,
    "pct_mae": 8.670343137254902
  },
  "test": {
    "qwk": 0.8422325438562819,
    "accuracy": 0.7518248175182481,
    "adjacent_accuracy": 0.948905109489051,
    "mae": 0.30656934306569344,
    "raw_exact": 0.4744525547445255,
    "raw_within1": 0.7153284671532847,
    "raw_mae": 1.218978102189781,
    "pct_mae": 9.166666666666668
  },
  "best_epoch": null,
  "calibrated_cuts": [
    0.125,
    0.31,
    0.64,
    0.86
  ]
}