{
  "train": {
    "qwk": 0.832080586531945,
    "cohen_kappa": 0.5971347931244726,
    "accuracy": 0.7089371980676329,
    "precision_macro": 0.7902731370012477,
    "recall_macro": 0.6664140988899787,
    "f1_macro": 0.6955487560011923,
    "adjacent_accuracy": 0.9698067632850241,
    "mae": 0.321256038647343,
    "raw_exact": 0.2028985507246377,
    "raw_within1": 0.7596618357487923,
    "raw_mae": 1.1871980676328502,
    "pct_mae": 11.251293995859214
  },
  "val": {
    "qwk": 0.6833323109011717,
    "cohen_kappa": 0.41604533253802567,
    "accuracy": 0.5674157303370787,
    "precision_macro": 0.7170576735092864,
    "recall_macro": 0.5341321584105906,
    "f1_macro": 0.555261443751579,
    "adjacent_accuracy": 0.9269662921348315,
    "mae": 0.5056179775280899,
    "raw_exact": 0.21910112359550563,
    "raw_within1": 0.6067415730337079,
    "raw_mae": 1.5786516853932584,
    "pct_mae": 14.334537185660782
  },
  "test": {
    "qwk": 0.7707204406147286,
    "cohen_kappa": 0.5570592857766523,
    "accuracy": 0.6797752808988764,
    "precision_macro": 0.5808293460925039,
    "recall_macro": 0.5180938510336668,
    "f1_macro": 0.5131780876677025,
    "adjacent_accuracy": 0.9438202247191011,
    "mae": 0.37640449438202245,
    "raw_exact": 0.24157303370786518,
    "raw_within1": 0.7247191011235955,
    "raw_mae": 1.4101123595505618,
    "pct_mae": 12.68592830390583
  },
  "best_epoch": null
}