{
  "train": {
    "qwk": 0.8942151001965398,
    "cohen_kappa": 0.6439269516476562,
    "accuracy": 0.7587859424920128,
    "precision_macro": 0.5960613022187292,
    "recall_macro": 0.5559285894060523,
    "f1_macro": 0.5611194104783712,
    "adjacent_accuracy": 0.9968051118210862,
    "mae": 0.24440894568690097,
    "raw_exact": 0.20447284345047922,
    "raw_within1": 0.8514376996805112,
    "raw_mae": 0.9600638977635783,
    "pct_mae": 9.348851361630913
  },
  "val": {
    "qwk": 0.7421887024780669,
    "cohen_kappa": 0.4301913536498938,
    "accuracy": 0.5970149253731343,
    "precision_macro": 0.5055366795366795,
    "recall_macro": 0.43552798456024266,
    "f1_macro": 0.4285449432146672,
    "adjacent_accuracy": 0.9477611940298507,
    "mae": 0.4552238805970149,
    "raw_exact": 0.20149253731343283,
    "raw_within1": 0.5970149253731343,
    "raw_mae": 1.671641791044776,
    "pct_mae": 14.39143567874911
  },
  "test": {
    "qwk": 0.7825009294832074,
    "cohen_kappa": 0.4088669950738917,
    "accuracy": 0.5851851851851851,
    "precision_macro": 0.4643560564613196,
    "recall_macro": 0.3925187357445422,
    "f1_macro": 0.3988685252355112,
    "adjacent_accuracy": 0.9777777777777777,
    "mae": 0.43703703703703706,
    "raw_exact": 0.14814814814814814,
    "raw_within1": 0.6518518518518519,
    "raw_mae": 1.5185185185185186,
    "pct_mae": 13.425044091710756
  },
  "best_epoch": null
}