{
  "train": {
    "qwk": 0.8349743529273038,
    "cohen_kappa": 0.5914232312327796,
    "accuracy": 0.7041062801932367,
    "precision_macro": 0.7863608916413204,
    "recall_macro": 0.6655128350601711,
    "f1_macro": 0.6940198337196635,
    "adjacent_accuracy": 0.9734299516908212,
    "mae": 0.322463768115942,
    "raw_exact": 0.19444444444444445,
    "raw_within1": 0.7415458937198067,
    "raw_mae": 1.1908212560386473,
    "pct_mae": 11.254169542213019
  },
  "val": {
    "qwk": 0.6753951183016927,
    "cohen_kappa": 0.3684477296726505,
    "accuracy": 0.5280898876404494,
    "precision_macro": 0.7268817824982683,
    "recall_macro": 0.5130196942345153,
    "f1_macro": 0.5408896802122608,
    "adjacent_accuracy": 0.9382022471910112,
    "mae": 0.5337078651685393,
    "raw_exact": 0.19662921348314608,
    "raw_within1": 0.5955056179775281,
    "raw_mae": 1.6179775280898876,
    "pct_mae": 14.943151417870517
  },
  "test": {
    "qwk": 0.7729322416043669,
    "cohen_kappa": 0.5673235523917006,
    "accuracy": 0.6853932584269663,
    "precision_macro": 0.5899184711142281,
    "recall_macro": 0.5338343073361279,
    "f1_macro": 0.5255444947209653,
    "adjacent_accuracy": 0.9438202247191011,
    "mae": 0.3707865168539326,
    "raw_exact": 0.24157303370786518,
    "raw_within1": 0.6966292134831461,
    "raw_mae": 1.4606741573033708,
    "pct_mae": 12.994917067950777
  },
  "best_epoch": null
}