{
  "train": {
    "qwk": 0.9160579911341085,
    "accuracy": 0.8019169329073482,
    "adjacent_accuracy": 0.9936102236421726,
    "mae": 0.20447284345047922,
    "raw_exact": 0.48242811501597443,
    "raw_within1": 0.8753993610223643,
    "raw_mae": 0.7236421725239617,
    "pct_mae": 6.372660885440437
  },
  "val": {
    "qwk": 0.8283251805264384,
    "accuracy": 0.7835820895522388,
    "adjacent_accuracy": 0.9477611940298507,
    "mae": 0.27611940298507465,
    "raw_exact": 0.44029850746268656,
    "raw_within1": 0.7611940298507462,
    "raw_mae": 1.3059701492537314,
    "pct_mae": 10.15547263681592
  },
  "test": {
    "qwk": 0.794921875,
    "accuracy": 0.7333333333333333,
    "adjacent_accuracy": 0.9407407407407408,
    "mae": 0.34074074074074073,
    "raw_exact": 0.4888888888888889,
    "raw_within1": 0.7333333333333333,
    "raw_mae": 1.1481481481481481,
    "pct_mae": 9.635802469135802
  },
  "best_epoch": null,
  "calibrated_cuts": [
    0.125,
    0.38,
    0.63,
    0.875
  ]
}