{
  "train": {
    "qwk": 0.8233708309802839,
    "accuracy": 0.6002415458937198,
    "adjacent_accuracy": 0.9685990338164251,
    "mae": 0.4323671497584541,
    "raw_exact": 0.42995169082125606,
    "raw_within1": 0.717391304347826,
    "raw_mae": 1.0893719806763285,
    "pct_mae": 9.22403381642512
  },
  "val": {
    "qwk": 0.7592311343141908,
    "accuracy": 0.5449438202247191,
    "adjacent_accuracy": 0.9382022471910112,
    "mae": 0.5168539325842697,
    "raw_exact": 0.37640449438202245,
    "raw_within1": 0.6348314606741573,
    "raw_mae": 1.4887640449438202,
    "pct_mae": 12.87453183520599
  },
  "test": {
    "qwk": 0.7430692388764149,
    "accuracy": 0.6404494382022472,
    "adjacent_accuracy": 0.9213483146067416,
    "mae": 0.4606741573033708,
    "raw_exact": 0.42134831460674155,
    "raw_within1": 0.7303370786516854,
    "raw_mae": 1.2921348314606742,
    "pct_mae": 10.346441947565543
  },
  "best_epoch": null,
  "calibrated_cuts": [
    0.26,
    0.375,
    0.61,
    0.875
  ]
}