{
  "train": {
    "qwk": 0.841751246828244,
    "accuracy": 0.7232704402515723,
    "adjacent_accuracy": 0.9544025157232704,
    "mae": 0.32547169811320753,
    "raw_exact": 0.42924528301886794,
    "raw_within1": 0.7468553459119497,
    "raw_mae": 1.14937106918239,
    "pct_mae": 9.330825097334532
  },
  "val": {
    "qwk": 0.8557014734144779,
    "accuracy": 0.7647058823529411,
    "adjacent_accuracy": 0.9485294117647058,
    "mae": 0.2867647058823529,
    "raw_exact": 0.4632352941176471,
    "raw_within1": 0.7352941176470589,
    "raw_mae": 1.2058823529411764,
    "pct_mae": 9.589460784313724
  },
  "test": {
    "qwk": 0.7329331609117755,
    "accuracy": 0.6861313868613139,
    "adjacent_accuracy": 0.9197080291970803,
    "mae": 0.4306569343065693,
    "raw_exact": 0.4233576642335766,
    "raw_within1": 0.708029197080292,
    "raw_mae": 1.5036496350364963,
    "pct_mae": 11.21654501216545
  },
  "best_epoch": null,
  "calibrated_cuts": [
    0.125,
    0.4,
    0.625,
    0.875
  ]
}