{
  "train": {
    "qwk": 0.8918747343576202,
    "accuracy": 0.7667731629392971,
    "adjacent_accuracy": 0.9760383386581469,
    "mae": 0.2571884984025559,
    "raw_exact": 0.5399361022364217,
    "raw_within1": 0.8482428115015974,
    "raw_mae": 0.7635782747603834,
    "pct_mae": 6.348699224098587
  },
  "val": {
    "qwk": 0.7851256444606828,
    "accuracy": 0.7089552238805971,
    "adjacent_accuracy": 0.9253731343283582,
    "mae": 0.3805970149253731,
    "raw_exact": 0.44029850746268656,
    "raw_within1": 0.7686567164179104,
    "raw_mae": 1.3805970149253732,
    "pct_mae": 10.559701492537313
  },
  "test": {
    "qwk": 0.7583777608530085,
    "accuracy": 0.6814814814814815,
    "adjacent_accuracy": 0.9111111111111111,
    "mae": 0.42962962962962964,
    "raw_exact": 0.4888888888888889,
    "raw_within1": 0.7481481481481481,
    "raw_mae": 1.2518518518518518,
    "pct_mae": 9.592592592592592
  },
  "best_epoch": null,
  "calibrated_cuts": [
    0.28,
    0.4,
    0.7100000000000001,
    0.81
  ]
}