{
  "train": {
    "qwk": 0.8357580162987838,
    "cohen_kappa": 0.5969411251424002,
    "accuracy": 0.7089371980676329,
    "precision_macro": 0.7871971563308868,
    "recall_macro": 0.6654536015266519,
    "f1_macro": 0.694765829960796,
    "adjacent_accuracy": 0.9722222222222222,
    "mae": 0.3188405797101449,
    "raw_exact": 0.21497584541062803,
    "raw_within1": 0.7318840579710145,
    "raw_mae": 1.1763285024154588,
    "pct_mae": 10.821543593282724
  },
  "val": {
    "qwk": 0.6449692901918571,
    "cohen_kappa": 0.3668967269339882,
    "accuracy": 0.5280898876404494,
    "precision_macro": 0.7506375227686702,
    "recall_macro": 0.5098056277983458,
    "f1_macro": 0.5352676946058963,
    "adjacent_accuracy": 0.9213483146067416,
    "mae": 0.550561797752809,
    "raw_exact": 0.24157303370786518,
    "raw_within1": 0.6235955056179775,
    "raw_mae": 1.5617977528089888,
    "pct_mae": 13.744649545211344
  },
  "test": {
    "qwk": 0.7710729385329509,
    "cohen_kappa": 0.5587160751565762,
    "accuracy": 0.6797752808988764,
    "precision_macro": 0.5839750445632799,
    "recall_macro": 0.5255227896255954,
    "f1_macro": 0.5200102117525971,
    "adjacent_accuracy": 0.9438202247191011,
    "mae": 0.37640449438202245,
    "raw_exact": 0.2808988764044944,
    "raw_within1": 0.7078651685393258,
    "raw_mae": 1.4269662921348314,
    "pct_mae": 12.367576243980738
  },
  "best_epoch": null
}