{
  "train": {
    "qwk": 0.9103867399096806,
    "accuracy": 0.8067092651757188,
    "adjacent_accuracy": 0.987220447284345,
    "mae": 0.20766773162939298,
    "raw_exact": 0.549520766773163,
    "raw_within1": 0.8738019169329073,
    "raw_mae": 0.7108626198083067,
    "pct_mae": 5.897611440742431
  },
  "val": {
    "qwk": 0.8501644376233282,
    "accuracy": 0.7686567164179104,
    "adjacent_accuracy": 0.9626865671641791,
    "mae": 0.27611940298507465,
    "raw_exact": 0.44029850746268656,
    "raw_within1": 0.7761194029850746,
    "raw_mae": 1.2462686567164178,
    "pct_mae": 9.7636815920398
  },
  "test": {
    "qwk": 0.8414562536699941,
    "accuracy": 0.7185185185185186,
    "adjacent_accuracy": 0.9703703703703703,
    "mae": 0.32592592592592595,
    "raw_exact": 0.5037037037037037,
    "raw_within1": 0.7777777777777778,
    "raw_mae": 1.037037037037037,
    "pct_mae": 8.179012345679013
  },
  "best_epoch": null,
  "calibrated_cuts": [
    0.125,
    0.47000000000000003,
    0.63,
    0.89
  ]
}