{
  "train": {
    "qwk": 0.49034848269994324,
    "cohen_kappa": 0.2609792432217698,
    "accuracy": 0.4481132075471698,
    "precision_macro": 0.3407907985679479,
    "recall_macro": 0.3338441743033151,
    "f1_macro": 0.3219467759996372,
    "adjacent_accuracy": 0.7484276729559748,
    "mae": 0.8820754716981132,
    "raw_exact": 0.330188679245283,
    "raw_within1": 0.5031446540880503,
    "raw_mae": 2.610062893081761,
    "pct_mae": 22.172619047619047
  },
  "val": {
    "qwk": 0.500541565123206,
    "cohen_kappa": 0.29496619083395936,
    "accuracy": 0.49264705882352944,
    "precision_macro": 0.3281186189696828,
    "recall_macro": 0.3478853046594982,
    "f1_macro": 0.32560606060606057,
    "adjacent_accuracy": 0.7720588235294118,
    "mae": 0.8161764705882353,
    "raw_exact": 0.34558823529411764,
    "raw_within1": 0.5808823529411765,
    "raw_mae": 2.264705882352941,
    "pct_mae": 19.368872549019606
  },
  "test": {
    "qwk": 0.5215961486303228,
    "cohen_kappa": 0.2610571736785329,
    "accuracy": 0.45255474452554745,
    "precision_macro": 0.3406091019530885,
    "recall_macro": 0.33104268491365263,
    "f1_macro": 0.3238778363548217,
    "adjacent_accuracy": 0.8029197080291971,
    "mae": 0.8175182481751825,
    "raw_exact": 0.31386861313868614,
    "raw_within1": 0.5182481751824818,
    "raw_mae": 2.437956204379562,
    "pct_mae": 20.456204379562045
  },
  "best_epoch": null
}