{
  "train": {
    "qwk": 0.3965197035398994,
    "cohen_kappa": 0.17987770332310937,
    "accuracy": 0.38768115942028986,
    "precision_macro": 0.32098181500262285,
    "recall_macro": 0.30432796167397236,
    "f1_macro": 0.29997629279857546,
    "adjacent_accuracy": 0.7560386473429952,
    "mae": 0.9130434782608695,
    "raw_exact": 0.17995169082125603,
    "raw_within1": 0.46859903381642515,
    "raw_mae": 2.6026570048309177,
    "pct_mae": 23.481567747872095
  },
  "val": {
    "qwk": 0.4265794787960381,
    "cohen_kappa": 0.16850687956514343,
    "accuracy": 0.38202247191011235,
    "precision_macro": 0.2927777777777778,
    "recall_macro": 0.2740608471274567,
    "f1_macro": 0.2693960114395738,
    "adjacent_accuracy": 0.7921348314606742,
    "mae": 0.8764044943820225,
    "raw_exact": 0.1348314606741573,
    "raw_within1": 0.4550561797752809,
    "raw_mae": 2.5786516853932584,
    "pct_mae": 23.160112359550563
  },
  "test": {
    "qwk": 0.4779732933982279,
    "cohen_kappa": 0.16189515281456257,
    "accuracy": 0.3707865168539326,
    "precision_macro": 0.32644010946118673,
    "recall_macro": 0.2871535660741058,
    "f1_macro": 0.29237420287812227,
    "adjacent_accuracy": 0.8258426966292135,
    "mae": 0.8370786516853933,
    "raw_exact": 0.15730337078651685,
    "raw_within1": 0.5112359550561798,
    "raw_mae": 2.5280898876404496,
    "pct_mae": 21.70746388443018
  },
  "best_epoch": null
}